unix,date,symbol,open,high,low,close,Volume ETH,Volume USD
1785542400000,2026-08-01 00:00:00,ETH/USD,1860.85,1873.85,1822.82,1843.72,643.07152,1185643.8228544
1785456000000,2026-07-31 00:00:00,ETH/USD,1917.36,1934.21,1847.4,1860.85,1537.14821,2860402.2465785
1785369600000,2026-07-30 00:00:00,ETH/USD,1908.2,1935.08,1892.37,1917.36,2677.063409,5132894.29788024
1785283200000,2026-07-29 00:00:00,ETH/USD,1919.88,1931.44,1873.14,1908.2,3319.697006,6334645.8268492
1785196800000,2026-07-28 00:00:00,ETH/USD,1890.85,1926.48,1855.57,1919.88,3141.410974,6031132.10076312
1785110400000,2026-07-27 00:00:00,ETH/USD,1951.9,1978.0,1881.6,1890.85,1657.129766,3133383.8180411000
1785024000000,2026-07-26 00:00:00,ETH/USD,1873.54,1963.22,1872.38,1951.9,792.071698,1546044.7473262
1784937600000,2026-07-25 00:00:00,ETH/USD,1860.24,1875.56,1850.0,1873.54,306.109219,573507.86616526
1784851200000,2026-07-24 00:00:00,ETH/USD,1877.39,1907.58,1846.63,1860.24,1605.830289,2987229.73680936
1784764800000,2026-07-23 00:00:00,ETH/USD,1933.49,1939.87,1868.26,1877.39,1985.024487,3726665.12164893
1784678400000,2026-07-22 00:00:00,ETH/USD,1928.59,1954.85,1910.0,1933.49,2402.748584,4645690.3596781600
1784592000000,2026-07-21 00:00:00,ETH/USD,1903.47,1951.25,1900.34,1928.59,2317.902623,4470283.81969157
1784505600000,2026-07-20 00:00:00,ETH/USD,1871.1,1917.41,1843.27,1903.47,1587.024329,3020853.19952163
1784419200000,2026-07-19 00:00:00,ETH/USD,1861.76,1877.72,1852.77,1871.1,868.685467,1625397.3773037
1784332800000,2026-07-18 00:00:00,ETH/USD,1840.81,1865.72,1836.62,1861.76,533.027428,992369.14435328
1784246400000,2026-07-17 00:00:00,ETH/USD,1863.53,1869.79,1802.79,1840.81,1753.571011,3227991.0527589100
1784160000000,2026-07-16 00:00:00,ETH/USD,1916.63,1927.73,1856.66,1863.53,2322.118525,4327337.53489325
1784073600000,2026-07-15 00:00:00,ETH/USD,1890.39,1944.76,1863.69,1916.63,1970.799318,3777293.0968583400
1783987200000,2026-07-14 00:00:00,ETH/USD,1774.76,1895.27,1773.15,1890.39,2756.01742,5209947.770593800
1783900800000,2026-07-13 00:00:00,ETH/USD,1805.85,1843.09,1750.0,1774.76,2604.087593,4621630.496552680
1783814400000,2026-07-12 00:00:00,ETH/USD,1786.97,1825.7,1779.95,1805.85,750.202162,1354752.5742477
1783728000000,2026-07-11 00:00:00,ETH/USD,1795.96,1828.68,1785.6,1786.97,1394.535727,2491993.50807719
1783641600000,2026-07-10 00:00:00,ETH/USD,1744.2,1810.89,1736.79,1795.96,3108.603446,5582927.44487816
1783555200000,2026-07-09 00:00:00,ETH/USD,1742.44,1760.0,1720.36,1744.2,1925.26377,3358045.067634
1783468800000,2026-07-08 00:00:00,ETH/USD,1769.69,1782.23,1712.33,1742.44,2287.197738,3985304.8266007200
1783382400000,2026-07-07 00:00:00,ETH/USD,1797.67,1810.41,1756.55,1769.69,1609.827739,2848896.0514309100
1783296000000,2026-07-06 00:00:00,ETH/USD,1782.58,1830.68,1726.64,1797.67,8118.20853,14593859.9281251
1783209600000,2026-07-05 00:00:00,ETH/USD,1779.54,1806.31,1747.86,1782.58,800.073753,1426195.47062274
1783123200000,2026-07-04 00:00:00,ETH/USD,1757.45,1806.23,1742.66,1779.54,944.58371,1680924.4952934
1783036800000,2026-07-03 00:00:00,ETH/USD,1698.69,1772.98,1693.68,1757.45,1388.87272,2440874.3617640000
1782950400000,2026-07-02 00:00:00,ETH/USD,1608.53,1721.42,1595.29,1698.69,4001.780889,6797785.178335410
1782864000000,2026-07-01 00:00:00,ETH/USD,1570.31,1643.42,1553.16,1608.53,1584.917184,2549386.8379795200
1782777600000,2026-06-30 00:00:00,ETH/USD,1610.61,1611.42,1549.38,1570.31,1292.593362,2029772.28228222
1782691200000,2026-06-29 00:00:00,ETH/USD,1570.65,1633.84,1548.97,1610.61,840.532572,1353770.16578892
1782604800000,2026-06-28 00:00:00,ETH/USD,1571.92,1584.51,1547.06,1570.65,269.20527,422827.2573255
1782518400000,2026-06-27 00:00:00,ETH/USD,1576.9,1605.48,1562.13,1571.92,1355.399792,2130580.04104064
1782432000000,2026-06-26 00:00:00,ETH/USD,1565.68,1591.89,1512.09,1576.9,2846.21003,4488188.596307
1782345600000,2026-06-25 00:00:00,ETH/USD,1620.51,1657.23,1531.36,1565.68,2264.780164,3545921.00717152
1782259200000,2026-06-24 00:00:00,ETH/USD,1665.81,1688.51,1551.47,1620.51,4887.17427,7919714.7762777
1782172800000,2026-06-23 00:00:00,ETH/USD,1726.86,1733.83,1635.65,1665.81,5040.716743,8396876.357656830
1782086400000,2026-06-22 00:00:00,ETH/USD,1705.53,1776.52,1705.53,1726.86,2427.033347,4191146.8056004200
1782000000000,2026-06-21 00:00:00,ETH/USD,1739.2,1739.2,1700.0,1705.53,1782.492855,3040095.0389881500
1781913600000,2026-06-20 00:00:00,ETH/USD,1709.05,1746.3,1702.89,1739.2,9268.797935,16120293.368552000
1781827200000,2026-06-19 00:00:00,ETH/USD,1709.53,1779.99,1678.51,1709.05,4710.000946,8049627.1167613
1781740800000,2026-06-18 00:00:00,ETH/USD,1748.95,1761.87,1670.21,1709.53,1238.307204,2116923.31445412
1781654400000,2026-06-17 00:00:00,ETH/USD,1791.52,1808.25,1726.04,1748.95,1091.137138,1908344.2975051
1781568000000,2026-06-16 00:00:00,ETH/USD,1795.34,1838.14,1758.72,1791.52,1823.480326,3266801.4736355200
1781481600000,2026-06-15 00:00:00,ETH/USD,1724.63,1846.48,1712.23,1795.34,13428.299085,24108362.4792639
1781395200000,2026-06-14 00:00:00,ETH/USD,1680.38,1731.2,1656.25,1724.63,7850.976392,13540029.41493500
1781308800000,2026-06-13 00:00:00,ETH/USD,1665.29,1691.2,1661.98,1680.38,496.323745,834012.4946231
1781222400000,2026-06-12 00:00:00,ETH/USD,1672.01,1691.91,1650.63,1665.29,1527.413856,2543587.02025824
1781136000000,2026-06-11 00:00:00,ETH/USD,1621.17,1691.88,1620.59,1672.01,2012.051534,3364170.28536334
1781049600000,2026-06-10 00:00:00,ETH/USD,1638.68,1666.86,1604.87,1621.17,1485.066221,2407544.80549857
1780963200000,2026-06-09 00:00:00,ETH/USD,1690.26,1696.12,1613.63,1638.68,1599.433432,2620959.57634976
1780876800000,2026-06-08 00:00:00,ETH/USD,1689.47,1714.04,1645.53,1690.26,2517.796912,4255731.408477120
1780790400000,2026-06-07 00:00:00,ETH/USD,1568.78,1720.37,1563.72,1689.47,2207.498484,3729502.4637634800
1780704000000,2026-06-06 00:00:00,ETH/USD,1582.84,1601.8,1506.54,1568.78,2901.931272,4552491.74088816
1780617600000,2026-06-05 00:00:00,ETH/USD,1769.31,1771.59,1540.75,1582.84,7500.648887,11872327.08429910
1780531200000,2026-06-04 00:00:00,ETH/USD,1810.66,1816.95,1715.96,1769.31,4572.607065,8090359.40617515
1780444800000,2026-06-03 00:00:00,ETH/USD,1857.58,1890.3,1770.2,1810.66,3080.187051,5577171.48576366
1780358400000,2026-06-02 00:00:00,ETH/USD,2004.5,2004.64,1838.17,1857.58,3445.763895,6400782.0960741
1780272000000,2026-06-01 00:00:00,ETH/USD,2004.48,2018.36,1947.69,2004.5,2541.888378,5095215.2537010000
1780185600000,2026-05-31 00:00:00,ETH/USD,2019.33,2034.03,1992.13,2004.48,743.263377,1489856.57392896
1780099200000,2026-05-30 00:00:00,ETH/USD,2012.45,2029.72,2000.37,2019.33,409.806083,827533.71758439
1780012800000,2026-05-29 00:00:00,ETH/USD,2006.7,2043.11,1975.0,2012.45,1356.561305,2730011.79824725
1779926400000,2026-05-28 00:00:00,ETH/USD,2022.91,2029.03,1965.55,2006.7,1882.673775,3777961.4642925
1779840000000,2026-05-27 00:00:00,ETH/USD,2071.01,2091.51,2012.81,2022.91,1456.144679,2945649.63259589
1779753600000,2026-05-26 00:00:00,ETH/USD,2111.32,2138.2,2052.82,2071.01,1770.860322,3667469.4354652200
1779667200000,2026-05-25 00:00:00,ETH/USD,2097.96,2138.98,2090.64,2111.32,579.676201,1223881.95669532
1779580800000,2026-05-24 00:00:00,ETH/USD,2115.64,2128.2,2060.61,2097.96,610.302474,1280390.17835304
1779494400000,2026-05-23 00:00:00,ETH/USD,2064.85,2146.19,2007.51,2115.64,1868.255764,3952556.6245489600
1779408000000,2026-05-22 00:00:00,ETH/USD,2132.21,2139.34,2049.38,2064.85,1654.338993,3415961.86969605
1779321600000,2026-05-21 00:00:00,ETH/USD,2127.43,2155.25,2102.94,2132.21,1098.990915,2343279.41887215
1779235200000,2026-05-20 00:00:00,ETH/USD,2109.78,2146.86,2101.41,2127.43,1019.381253,2168662.2590697900
1779148800000,2026-05-19 00:00:00,ETH/USD,2128.92,2143.62,2093.62,2109.78,1130.099778,2384261.90962884
1779062400000,2026-05-18 00:00:00,ETH/USD,2129.38,2155.55,2077.23,2128.92,1455.256789,3098125.28323788
1778976000000,2026-05-17 00:00:00,ETH/USD,2180.05,2196.92,2089.91,2129.38,710.054398,1511975.63401324
1778889600000,2026-05-16 00:00:00,ETH/USD,2223.16,2230.06,2162.42,2180.05,1576.69367,3437271.0352835000
1778803200000,2026-05-15 00:00:00,ETH/USD,2282.65,2299.7,2204.87,2223.16,1155.144441,2568070.9154535600
1778716800000,2026-05-14 00:00:00,ETH/USD,2258.07,2319.01,2237.73,2282.65,1113.113476,2540848.4759914
1778630400000,2026-05-13 00:00:00,ETH/USD,2274.9,2322.47,2233.78,2258.07,1610.423707,3636449.46006549
1778544000000,2026-05-12 00:00:00,ETH/USD,2339.11,2339.17,2255.38,2274.9,1428.033365,3248633.1020385000
1778457600000,2026-05-11 00:00:00,ETH/USD,2370.45,2374.04,2303.48,2339.11,1006.622304,2354600.29750944
1778371200000,2026-05-10 00:00:00,ETH/USD,2326.27,2381.84,2312.4,2370.45,1223.673547,2900656.95948615
1778284800000,2026-05-09 00:00:00,ETH/USD,2307.36,2337.28,2300.13,2326.27,451.745862,1050882.84639474
1778198400000,2026-05-08 00:00:00,ETH/USD,2291.29,2321.33,2264.31,2307.36,1835.204661,4234477.8266049600
1778112000000,2026-05-07 00:00:00,ETH/USD,2350.83,2352.08,2280.51,2291.29,1909.543788,4375318.586006520
1778025600000,2026-05-06 00:00:00,ETH/USD,2360.61,2423.79,2338.65,2350.83,2138.924198,5028247.17238434
1777939200000,2026-05-05 00:00:00,ETH/USD,2346.5,2399.99,2346.29,2360.61,2043.327058,4823498.286385380
1777852800000,2026-05-04 00:00:00,ETH/USD,2321.83,2399.0,2309.2,2346.5,1910.433607,4482832.4588255
1777766400000,2026-05-03 00:00:00,ETH/USD,2316.75,2353.65,2297.8,2321.83,683.433509,1586816.4242014700
1777680000000,2026-05-02 00:00:00,ETH/USD,2295.42,2339.8,2292.96,2316.75,433.651466,1004662.0338555
1777593600000,2026-05-01 00:00:00,ETH/USD,2255.89,2325.72,2255.89,2295.42,2369.057977,5437983.06156534
1777507200000,2026-04-30 00:00:00,ETH/USD,2252.68,2278.0,2232.0,2255.89,1046.676946,2361188.05571194
1777420800000,2026-04-29 00:00:00,ETH/USD,2289.34,2345.6,2219.61,2252.68,2481.11474,5589157.552503200
1777334400000,2026-04-28 00:00:00,ETH/USD,2303.19,2311.06,2257.94,2289.34,1035.821714,2371348.08272876
1777248000000,2026-04-27 00:00:00,ETH/USD,2369.13,2404.35,2266.9,2303.19,1014.50175,2336590.2855825
1777161600000,2026-04-26 00:00:00,ETH/USD,2319.17,2380.62,2307.38,2369.13,985.538083,2334867.83857779
1777075200000,2026-04-25 00:00:00,ETH/USD,2315.62,2322.97,2302.23,2319.17,445.337686,1032813.8012406200
1776988800000,2026-04-24 00:00:00,ETH/USD,2331.22,2336.68,2300.67,2315.62,1132.586316,2622639.52505592
1776902400000,2026-04-23 00:00:00,ETH/USD,2375.52,2382.76,2285.26,2331.22,1717.824846,4004627.63749212
1776816000000,2026-04-22 00:00:00,ETH/USD,2327.99,2424.11,2315.0,2375.52,2500.427325,5939815.119084000
1776729600000,2026-04-21 00:00:00,ETH/USD,2314.91,2338.16,2285.73,2327.99,1579.474933,3677001.84927467
1776643200000,2026-04-20 00:00:00,ETH/USD,2266.03,2347.72,2263.39,2314.91,1605.010857,3715455.6829778700
1776556800000,2026-04-19 00:00:00,ETH/USD,2352.32,2356.52,2253.73,2266.03,1035.734475,2347005.39238425
1776470400000,2026-04-18 00:00:00,ETH/USD,2421.0,2428.36,2341.82,2352.32,1291.781987,3038684.6036598400
1776384000000,2026-04-17 00:00:00,ETH/USD,2349.57,2466.0,2319.04,2421.0,2939.491903,7116509.897163
1776297600000,2026-04-16 00:00:00,ETH/USD,2361.95,2369.63,2286.76,2349.57,2869.223158,6741440.65534206
1776211200000,2026-04-15 00:00:00,ETH/USD,2323.47,2386.84,2310.0,2361.95,2396.611915,5660677.512634250
1776124800000,2026-04-14 00:00:00,ETH/USD,2369.62,2417.16,2302.9,2323.47,4288.990411,9965340.550246170
1776038400000,2026-04-13 00:00:00,ETH/USD,2191.81,2393.56,2175.51,2369.62,4109.278515,9737428.5547143
1775952000000,2026-04-12 00:00:00,ETH/USD,2285.36,2288.99,2176.7,2191.81,2595.341669,5688495.82353089
1775865600000,2026-04-11 00:00:00,ETH/USD,2245.27,2330.0,2230.32,2285.36,2123.729327,4853486.0547527200
1775779200000,2026-04-10 00:00:00,ETH/USD,2190.21,2257.73,2177.1,2245.27,3330.707161,7478336.86737847
1775692800000,2026-04-09 00:00:00,ETH/USD,2190.9,2245.0,2158.02,2190.21,2707.081303,5929076.54064363
1775606400000,2026-04-08 00:00:00,ETH/USD,2240.47,2270.14,2180.49,2190.9,3040.466569,6661358.2060221000
1775520000000,2026-04-07 00:00:00,ETH/USD,2106.89,2272.8,2060.87,2240.47,3240.840189,7261005.218248830
1775433600000,2026-04-06 00:00:00,ETH/USD,2109.44,2173.01,2087.6,2106.89,2559.568682,5392729.66041898
1775347200000,2026-04-05 00:00:00,ETH/USD,2065.26,2122.33,2021.69,2109.44,1056.210914,2228013.55042816
1775260800000,2026-04-04 00:00:00,ETH/USD,2053.38,2083.16,2045.57,2065.26,604.134869,1247695.57955094
1775174400000,2026-04-03 00:00:00,ETH/USD,2056.17,2080.0,2041.62,2053.38,849.420998,1744184.0888732400
1775088000000,2026-04-02 00:00:00,ETH/USD,2139.42,2157.36,2016.24,2056.17,4116.44085,8464102.1825445
1775001600000,2026-04-01 00:00:00,ETH/USD,2103.39,2165.79,2082.53,2139.42,2107.015738,4507791.61019196
1774915200000,2026-03-31 00:00:00,ETH/USD,2024.77,2120.52,2010.91,2103.39,2611.036154,5492027.33596206
1774828800000,2026-03-30 00:00:00,ETH/USD,1983.67,2082.48,1979.17,2024.77,4634.611521,9384022.36937517
1774742400000,2026-03-29 00:00:00,ETH/USD,1993.62,2017.71,1937.91,1983.67,1656.101415,3285158.6938930500
1774656000000,2026-03-28 00:00:00,ETH/USD,1991.42,2044.99,1982.28,1993.62,1936.468601,3860582.53232562
1774569600000,2026-03-27 00:00:00,ETH/USD,2058.85,2075.94,1967.84,1991.42,3689.413028,7347170.89221976
1774483200000,2026-03-26 00:00:00,ETH/USD,2167.99,2171.65,2033.17,2058.85,5171.693233,10647740.612762000
1774396800000,2026-03-25 00:00:00,ETH/USD,2156.46,2197.83,2145.95,2167.99,1645.554625,3567545.9714537500
1774310400000,2026-03-24 00:00:00,ETH/USD,2152.65,2174.71,2103.36,2156.46,1437.550329,3100019.7824753400
1774224000000,2026-03-23 00:00:00,ETH/USD,2053.5,2196.69,2023.53,2152.65,3679.388496,7920435.6459144
1774137600000,2026-03-22 00:00:00,ETH/USD,2077.12,2125.85,2029.04,2053.5,822.455765,1688912.9134275
1774051200000,2026-03-21 00:00:00,ETH/USD,2146.09,2166.93,2074.29,2077.12,580.371919,1205502.12039328
1773964800000,2026-03-20 00:00:00,ETH/USD,2137.43,2174.7,2116.54,2146.09,2052.619001,4405105.11185609
1773878400000,2026-03-19 00:00:00,ETH/USD,2203.38,2232.71,2100.0,2137.43,3212.789947,6867113.61641621
1773792000000,2026-03-18 00:00:00,ETH/USD,2318.23,2350.29,2154.55,2203.38,2211.361938,4872470.66695044
1773705600000,2026-03-17 00:00:00,ETH/USD,2352.76,2376.31,2298.36,2318.23,3864.068587,8957799.72044101
1773619200000,2026-03-16 00:00:00,ETH/USD,2176.14,2384.0,2165.69,2352.76,4359.304219,10256396.59429440
1773532800000,2026-03-15 00:00:00,ETH/USD,2097.53,2202.28,2084.9,2176.14,1156.68108,2517099.9654312
1773446400000,2026-03-14 00:00:00,ETH/USD,2092.65,2105.03,2061.85,2097.53,558.958772,1172432.79303316
1773360000000,2026-03-13 00:00:00,ETH/USD,2073.97,2211.29,2071.02,2092.65,4613.026041,9653448.94469865
1773273600000,2026-03-12 00:00:00,ETH/USD,2051.56,2095.69,2018.52,2073.97,1915.979486,3973683.9745794200
1773187200000,2026-03-11 00:00:00,ETH/USD,2036.81,2086.42,2008.0,2051.56,2378.036274,4878684.09828744
1773100800000,2026-03-10 00:00:00,ETH/USD,1995.4,2088.5,1991.87,2036.81,3318.309824,6758766.63262144
1773014400000,2026-03-09 00:00:00,ETH/USD,1937.0,2053.11,1929.91,1995.4,3791.072151,7564705.3701054
1772928000000,2026-03-08 00:00:00,ETH/USD,1969.21,1978.9,1913.0,1937.0,1614.429124,3127149.213188
1772841600000,2026-03-07 00:00:00,ETH/USD,1979.11,1996.99,1947.66,1969.21,742.503331,1462144.9844385100
1772755200000,2026-03-06 00:00:00,ETH/USD,2073.72,2092.59,1956.59,1979.11,2021.604161,4000977.0110767100
1772668800000,2026-03-05 00:00:00,ETH/USD,2129.34,2163.19,2055.12,2073.72,3207.746373,6651967.808617560
1772582400000,2026-03-04 00:00:00,ETH/USD,1981.5,2199.56,1945.99,2129.34,4941.887011,10522957.688002700
1772496000000,2026-03-03 00:00:00,ETH/USD,2027.35,2039.94,1929.0,1981.5,2532.022392,5017202.369748
1772409600000,2026-03-02 00:00:00,ETH/USD,1939.66,2089.93,1920.98,2027.35,4375.988399,8871660.08071265
1772323200000,2026-03-01 00:00:00,ETH/USD,1963.76,2054.8,1908.96,1939.66,2954.886856,5731475.839108960
1772236800000,2026-02-28 00:00:00,ETH/USD,1930.42,1983.99,1835.98,1963.76,2740.592208,5381865.35438208
1772150400000,2026-02-27 00:00:00,ETH/USD,2028.41,2062.34,1888.12,1930.42,2943.749942,5682673.76303564
1772064000000,2026-02-26 00:00:00,ETH/USD,2057.56,2082.7,1975.87,2028.41,3158.768739,6407278.097874990
1771977600000,2026-02-25 00:00:00,ETH/USD,1852.31,2146.57,1846.99,2057.56,4164.529651,8568769.628711560
1771891200000,2026-02-24 00:00:00,ETH/USD,1856.11,1868.89,1802.17,1852.31,3204.333414,5935418.8260863400
1771804800000,2026-02-23 00:00:00,ETH/USD,1958.39,1958.39,1838.16,1856.11,3150.185561,5847090.92162771
1771718400000,2026-02-22 00:00:00,ETH/USD,1973.47,1981.72,1934.62,1958.39,674.589349,1321109.03518811
1771632000000,2026-02-21 00:00:00,ETH/USD,1967.18,1994.68,1956.12,1973.47,1397.424908,2757776.13319076
1771545600000,2026-02-20 00:00:00,ETH/USD,1948.12,1980.94,1922.86,1967.18,2413.840698,4748459.14429164
1771459200000,2026-02-19 00:00:00,ETH/USD,1955.18,1985.61,1905.35,1948.12,2297.292537,4475401.53718044
1771372800000,2026-02-18 00:00:00,ETH/USD,1992.74,2037.51,1923.87,1955.18,1987.115689,3885168.85281902
1771286400000,2026-02-17 00:00:00,ETH/USD,1999.99,2014.67,1941.0,1992.74,2596.534213,5174217.58761362
1771200000000,2026-02-16 00:00:00,ETH/USD,1965.65,2021.56,1938.0,1999.99,1726.034398,3452051.53565602
1771113600000,2026-02-15 00:00:00,ETH/USD,2085.77,2100.71,1928.91,1965.65,3372.245064,6628653.510051600
1771027200000,2026-02-14 00:00:00,ETH/USD,2047.34,2104.3,2042.41,2085.77,1060.025101,2210968.5549127700
1770940800000,2026-02-13 00:00:00,ETH/USD,1946.5,2070.0,1924.27,2047.34,2664.201856,5454527.02786304
1770854400000,2026-02-12 00:00:00,ETH/USD,1940.84,2000.0,1896.31,1946.5,2539.878808,4943874.099772
1770768000000,2026-02-11 00:00:00,ETH/USD,2020.51,2030.31,1902.08,1940.84,4010.641881,7784014.18832004
1770681600000,2026-02-10 00:00:00,ETH/USD,2102.27,2123.68,1988.87,2020.51,4960.353938,10022444.73526840
1770595200000,2026-02-09 00:00:00,ETH/USD,2088.73,2146.17,2008.38,2102.27,5125.321185,10774808.96759000
1770508800000,2026-02-08 00:00:00,ETH/USD,2086.46,2148.52,2066.19,2088.73,2007.175305,4192447.27481265
1770422400000,2026-02-07 00:00:00,ETH/USD,2062.54,2120.0,1994.11,2086.46,11086.768713,23132099.44892600
1770336000000,2026-02-06 00:00:00,ETH/USD,1823.52,2090.85,1744.09,2062.54,10679.521793,22026940.87893420
1770249600000,2026-02-05 00:00:00,ETH/USD,2142.59,2167.58,1812.2,1823.52,13995.734824,25521502.36626050
1770163200000,2026-02-04 00:00:00,ETH/USD,2230.54,2291.0,2073.43,2142.59,7857.292071,16834955.41840390
1770076800000,2026-02-03 00:00:00,ETH/USD,2344.59,2356.76,2108.43,2230.54,11787.248984,26291930.34877140
1769990400000,2026-02-02 00:00:00,ETH/USD,2267.63,2395.0,2157.89,2344.59,11920.638487,27949009.790235300
1769904000000,2026-02-01 00:00:00,ETH/USD,2452.11,2474.06,2219.11,2267.63,4650.052661,10544598.91566340
1769817600000,2026-01-31 00:00:00,ETH/USD,2701.45,2709.89,2241.76,2452.11,10100.843858,24768380.232640400
1769731200000,2026-01-30 00:00:00,ETH/USD,2817.72,2823.68,2633.0,2701.45,4797.526514,12960278.0012453
1769644800000,2026-01-29 00:00:00,ETH/USD,3003.68,3008.1,2751.0,2817.72,5112.647551,14406009.257403700
1769558400000,2026-01-28 00:00:00,ETH/USD,3022.57,3040.0,2979.27,3003.68,1345.699468,4042050.57804224
1769472000000,2026-01-27 00:00:00,ETH/USD,2926.49,3030.88,2896.38,3022.57,1508.715381,4560197.84914917
1769385600000,2026-01-26 00:00:00,ETH/USD,2814.6,2948.37,2812.78,2926.49,39930.5059,116856226.21129100
1769299200000,2026-01-25 00:00:00,ETH/USD,2948.93,2954.31,2770.04,2814.6,33512.55472,94324436.514912
1769212800000,2026-01-24 00:00:00,ETH/USD,2952.89,2964.58,2941.0,2948.93,615.85086,1816101.0765798000
1769126400000,2026-01-23 00:00:00,ETH/USD,2949.23,3014.36,2888.74,2952.89,9086.347653,26830985.12106720
1769040000000,2026-01-22 00:00:00,ETH/USD,2979.59,3033.75,2903.69,2949.23,4784.478002,14110526.05783850
1768953600000,2026-01-21 00:00:00,ETH/USD,2936.12,3068.0,2865.11,2979.59,4958.724526,14774966.01042430
1768867200000,2026-01-20 00:00:00,ETH/USD,3186.34,3197.64,2914.0,2936.12,8571.331465,25166457.741015800
1768780800000,2026-01-19 00:00:00,ETH/USD,3278.17,3281.12,3165.41,3186.34,2555.281108,8141994.405664720
1768694400000,2026-01-18 00:00:00,ETH/USD,3308.53,3366.56,3278.17,3278.17,665.376333,2181216.73355061
1768608000000,2026-01-17 00:00:00,ETH/USD,3295.23,3327.89,3283.57,3308.53,273.51797,904942.4092841
1768521600000,2026-01-16 00:00:00,ETH/USD,3317.66,3324.65,3252.0,3295.23,4983.825863,16422852.498533500
1768435200000,2026-01-15 00:00:00,ETH/USD,3354.15,3384.69,3273.72,3317.66,10369.722043,34403212.03317940
1768348800000,2026-01-14 00:00:00,ETH/USD,3322.69,3403.24,3280.0,3354.15,6207.406934,20820573.9676761
1768262400000,2026-01-13 00:00:00,ETH/USD,3091.07,3398.5,3088.9,3322.69,5154.965589,17128352.612914400
1768176000000,2026-01-12 00:00:00,ETH/USD,3118.0,3165.76,3063.07,3091.07,2677.520767,8276404.11725069
1768089600000,2026-01-11 00:00:00,ETH/USD,3082.71,3140.0,3080.7,3118.0,1458.079068,4546290.534024
1768003200000,2026-01-10 00:00:00,ETH/USD,3084.02,3099.18,3075.25,3082.71,433.89929,1337585.6802759
1767916800000,2026-01-09 00:00:00,ETH/USD,3103.49,3144.07,3055.99,3084.02,3744.794336,11549020.62811070
1767830400000,2026-01-08 00:00:00,ETH/USD,3166.42,3180.0,3052.48,3103.49,2345.677974,7279788.13552926
1767744000000,2026-01-07 00:00:00,ETH/USD,3297.8,3297.8,3123.69,3166.42,2572.575054,8145853.10248668
1767657600000,2026-01-06 00:00:00,ETH/USD,3225.39,3305.49,3185.0,3297.8,3069.33393,10122049.434354
1767571200000,2026-01-05 00:00:00,ETH/USD,3143.01,3265.51,3133.43,3225.39,3957.439099,12764284.49552360
1767484800000,2026-01-04 00:00:00,ETH/USD,3125.84,3164.33,3118.65,3143.01,1075.813296,3381291.94746096
1767398400000,2026-01-03 00:00:00,ETH/USD,3124.82,3135.02,3076.52,3125.84,878.918786,2747359.49803024
1767312000000,2026-01-02 00:00:00,ETH/USD,3000.66,3149.15,2989.49,3124.82,6031.098601,18846097.53037680
1767225600000,2026-01-01 00:00:00,ETH/USD,2965.65,3005.23,2920.03,3000.66,2019.904401,6061046.339904660
1767139200000,2025-12-31 00:00:00,ETH/USD,2971.58,3020.58,2957.24,2965.65,3710.998348,11005522.2507462
1767052800000,2025-12-30 00:00:00,ETH/USD,2934.76,3005.06,2915.25,2971.58,4993.592534,14838859.70218370
1766966400000,2025-12-29 00:00:00,ETH/USD,2948.39,3053.2,2908.0,2934.76,7958.280985,23355644.703538600
1766880000000,2025-12-28 00:00:00,ETH/USD,2947.93,2957.76,2923.05,2948.39,807.204396,2379953.36912244
1766793600000,2025-12-27 00:00:00,ETH/USD,2925.33,2955.68,2916.41,2947.93,712.317265,2099861.4350114500
1766707200000,2025-12-26 00:00:00,ETH/USD,2901.9,2991.45,2893.35,2925.33,3193.392019,9341725.474941270
1766620800000,2025-12-25 00:00:00,ETH/USD,2944.98,2968.25,2888.72,2901.9,1399.820358,4062138.6968802
1766534400000,2025-12-24 00:00:00,ETH/USD,2962.1,2974.66,2887.08,2944.98,4294.429689,12647009.54551120
1766448000000,2025-12-23 00:00:00,ETH/USD,3007.24,3033.43,2900.0,2962.1,5456.400133,16162402.8339593
1766361600000,2025-12-22 00:00:00,ETH/USD,3001.26,3075.16,2962.77,3007.24,4090.982493,12302566.192249300
1766275200000,2025-12-21 00:00:00,ETH/USD,2976.79,3010.53,2944.3,3001.26,1558.738173,4678178.52909798
1766188800000,2025-12-20 00:00:00,ETH/USD,2978.4,2992.86,2964.75,2976.79,1910.463699,5687049.23454621
1766102400000,2025-12-19 00:00:00,ETH/USD,2826.65,3016.9,2807.56,2978.4,5653.147765,16837335.303276
1766016000000,2025-12-18 00:00:00,ETH/USD,2832.11,2996.15,2774.81,2826.65,5126.458765,14490704.668087300
1765929600000,2025-12-17 00:00:00,ETH/USD,2963.36,3028.61,2790.99,2832.11,4294.066481,12161268.62150490
1765843200000,2025-12-16 00:00:00,ETH/USD,2964.51,3000.0,2878.84,2963.36,3557.393767,10541838.39337710
1765756800000,2025-12-15 00:00:00,ETH/USD,3062.76,3176.5,2895.16,2964.51,4914.34778,14568633.137287800
1765670400000,2025-12-14 00:00:00,ETH/USD,3115.74,3130.0,3025.56,3062.76,2290.260853,7014519.330134280
1765584000000,2025-12-13 00:00:00,ETH/USD,3082.86,3134.72,3079.65,3115.74,1138.761789,3548085.6564588600
1765497600000,2025-12-12 00:00:00,ETH/USD,3238.18,3267.91,3046.0,3082.86,3827.179021,11798657.11668010
1765411200000,2025-12-11 00:00:00,ETH/USD,3324.84,3328.43,3146.26,3238.18,3960.079917,12823451.58563110
1765324800000,2025-12-10 00:00:00,ETH/USD,3320.06,3450.0,3288.49,3324.84,4812.495722,16000778.27633450
1765238400000,2025-12-09 00:00:00,ETH/USD,3125.95,3399.29,3093.23,3320.06,4641.862139,15411260.81320830
1765152000000,2025-12-08 00:00:00,ETH/USD,3058.9,3180.0,3046.28,3125.95,4562.989623,14263677.41201690
1765065600000,2025-12-07 00:00:00,ETH/USD,3039.77,3150.0,2911.08,3058.9,2345.545059,7174787.780975100
1764979200000,2025-12-06 00:00:00,ETH/USD,3022.82,3067.38,3013.31,3039.77,1487.774106,4522491.09419562
1764892800000,2025-12-05 00:00:00,ETH/USD,3133.56,3193.41,2984.57,3022.82,5788.032817,17496181.35988390
1764806400000,2025-12-04 00:00:00,ETH/USD,3188.78,3241.1,3067.88,3133.56,5938.285364,18607973.48521580
1764720000000,2025-12-03 00:00:00,ETH/USD,2996.78,3214.06,2987.21,3188.78,7098.821947,22636581.44815470
1764633600000,2025-12-02 00:00:00,ETH/USD,2798.54,3035.0,2783.58,2996.78,5596.583851,16771730.552999800
1764547200000,2025-12-01 00:00:00,ETH/USD,2990.51,2997.6,2719.66,2798.54,6832.592675,19121283.904694500
1764460800000,2025-11-30 00:00:00,ETH/USD,2992.41,3049.28,2976.61,2990.51,1835.898463,5490272.71258613
1764374400000,2025-11-29 00:00:00,ETH/USD,3031.71,3053.2,2963.94,2992.41,2633.050837,7879167.655147170
1764288000000,2025-11-28 00:00:00,ETH/USD,3015.38,3099.07,2994.76,3031.71,6715.574251,20359673.61249920
1764201600000,2025-11-27 00:00:00,ETH/USD,3026.73,3070.0,2985.74,3015.38,3949.402627,11908949.69340330
1764115200000,2025-11-26 00:00:00,ETH/USD,2957.76,3045.08,2888.69,3026.73,5427.151069,16426520.955074400
1764028800000,2025-11-25 00:00:00,ETH/USD,2952.78,2978.49,2856.93,2957.76,12068.239129,35694954.96619100
1763942400000,2025-11-24 00:00:00,ETH/USD,2800.95,2985.18,2762.62,2952.78,13938.032815,41155944.5354757
1763856000000,2025-11-23 00:00:00,ETH/USD,2768.28,2857.98,2768.24,2800.95,4267.09819,11951928.675280500
1763769600000,2025-11-22 00:00:00,ETH/USD,2766.01,2803.79,2704.45,2768.28,5783.096066,16009229.177586500
1763683200000,2025-11-21 00:00:00,ETH/USD,2827.3,2881.2,2624.88,2766.01,15566.511706,43057127.04391310
1763596800000,2025-11-20 00:00:00,ETH/USD,3022.7,3060.82,2783.27,2827.3,12569.316688,35537229.071982400
1763510400000,2025-11-19 00:00:00,ETH/USD,3123.2,3124.37,2867.81,3022.7,17906.388293,54125639.8932511
1763424000000,2025-11-18 00:00:00,ETH/USD,3027.99,3169.13,2830.0,3123.2,18150.864494,56688779.9876608
1763337600000,2025-11-17 00:00:00,ETH/USD,3092.14,3220.0,2956.36,3027.99,13202.670924,39977555.53116280
1763251200000,2025-11-16 00:00:00,ETH/USD,3166.09,3245.02,3000.0,3092.14,5108.066755,15794857.535805700
1763164800000,2025-11-15 00:00:00,ETH/USD,3110.95,3228.31,3110.95,3166.09,4178.640046,13229950.463240100
1763078400000,2025-11-14 00:00:00,ETH/USD,3231.84,3253.73,3070.0,3110.95,13847.847849,43079962.26584660
1762992000000,2025-11-13 00:00:00,ETH/USD,3414.43,3562.06,3150.99,3231.84,11458.919931,37033395.78980300
1762905600000,2025-11-12 00:00:00,ETH/USD,3415.0,3587.49,3372.54,3414.43,10240.3871,34965084.925853
1762819200000,2025-11-11 00:00:00,ETH/USD,3566.4,3646.04,3404.15,3415.0,7417.612374,25331146.25721
1762732800000,2025-11-10 00:00:00,ETH/USD,3582.73,3658.26,3507.5,3566.4,7552.694381,26935929.240398400
1762646400000,2025-11-09 00:00:00,ETH/USD,3399.44,3620.13,3357.81,3582.73,2849.886666,10210374.45487820
1762560000000,2025-11-08 00:00:00,ETH/USD,3434.39,3484.17,3355.69,3399.44,2389.521571,8123035.209320240
1762473600000,2025-11-07 00:00:00,ETH/USD,3313.48,3474.05,3192.0,3434.39,9047.522697,31072721.47534980
1762387200000,2025-11-06 00:00:00,ETH/USD,3424.33,3456.22,3288.32,3313.48,4811.451981,15942649.91000390
1762300800000,2025-11-05 00:00:00,ETH/USD,3284.87,3479.88,3168.79,3424.33,11740.320089,40202730.29036540
1762214400000,2025-11-04 00:00:00,ETH/USD,3600.57,3651.77,3057.27,3284.87,16866.597555,55404580.31049290
1762128000000,2025-11-03 00:00:00,ETH/USD,3905.39,3913.96,3558.0,3600.57,11612.568901,41811867.207873600
1762041600000,2025-11-02 00:00:00,ETH/USD,3872.0,3920.0,3839.47,3905.39,2492.485746,9734128.90757094
1761955200000,2025-11-01 00:00:00,ETH/USD,3846.66,3905.15,3830.0,3872.0,859.632271,3328496.153312
1761868800000,2025-10-31 00:00:00,ETH/USD,3802.93,3903.05,3797.44,3846.66,7509.346332,28885902.16145110
1761782400000,2025-10-30 00:00:00,ETH/USD,3904.41,3949.69,3675.48,3802.93,11712.581821,44542128.78453550
1761696000000,2025-10-29 00:00:00,ETH/USD,3979.93,4037.85,3840.91,3904.41,9400.679175,36704105.77766180
1761609600000,2025-10-28 00:00:00,ETH/USD,4119.94,4176.41,3933.0,3979.93,7581.998718,30175824.157729700
1761523200000,2025-10-27 00:00:00,ETH/USD,4159.63,4253.6,4096.76,4119.94,9952.693999,41004502.11424010
1761436800000,2025-10-26 00:00:00,ETH/USD,3955.26,4178.59,3919.89,4159.63,3988.492046,16590651.16930300
1761350400000,2025-10-25 00:00:00,ETH/USD,3936.82,3972.43,3913.17,3955.26,1747.170768,6910514.65183968
1761264000000,2025-10-24 00:00:00,ETH/USD,3857.82,4021.22,3847.67,3936.82,9659.410492,38027360.41311540
1761177600000,2025-10-23 00:00:00,ETH/USD,3806.24,3935.12,3797.23,3857.82,9181.068969,35418911.48998760
1761091200000,2025-10-22 00:00:00,ETH/USD,3874.92,3890.98,3650.0,3806.24,8996.201543,34241702.16102830
1761004800000,2025-10-21 00:00:00,ETH/USD,3980.92,4112.68,3841.08,3874.92,11147.352784,43195100.24977730
1760918400000,2025-10-20 00:00:00,ETH/USD,3983.78,4090.0,3910.01,3980.92,8363.284839,33293567.88127190
1760832000000,2025-10-19 00:00:00,ETH/USD,3890.5,4032.41,3829.41,3983.78,7004.528456,27904500.37244370
1760745600000,2025-10-18 00:00:00,ETH/USD,3832.98,3929.71,3820.62,3890.5,2910.502993,11323311.894266500
1760659200000,2025-10-17 00:00:00,ETH/USD,3895.29,3951.22,3674.19,3832.98,15820.384324,60639216.706205500
1760572800000,2025-10-16 00:00:00,ETH/USD,3987.31,4086.6,3825.2,3895.29,14079.961255,54845532.27698900
1760486400000,2025-10-15 00:00:00,ETH/USD,4126.95,4218.07,3928.79,3987.31,17355.229937,69200681.88009950
1760400000000,2025-10-14 00:00:00,ETH/USD,4245.58,4266.48,3891.15,4126.95,17298.067662,71388260.3376909
1760313600000,2025-10-13 00:00:00,ETH/USD,4160.0,4296.0,4046.74,4245.58,11659.142416,49499821.85852130
1760227200000,2025-10-12 00:00:00,ETH/USD,3749.91,4199.99,3697.97,4160.0,7887.864796,32813517.55136
1760140800000,2025-10-11 00:00:00,ETH/USD,3943.01,3988.71,3648.22,3749.91,6436.844981,24137589.36270170
1760054400000,2025-10-10 00:00:00,ETH/USD,4368.65,4395.75,3680.0,3943.01,15332.311378,60455457.08656780
1759968000000,2025-10-09 00:00:00,ETH/USD,4527.33,4532.71,4270.0,4368.65,10315.352159,45064163.20941540
1759881600000,2025-10-08 00:00:00,ETH/USD,4450.1,4558.97,4414.2,4527.33,8074.589598,36556331.72471330
1759795200000,2025-10-07 00:00:00,ETH/USD,4687.53,4760.0,4431.0,4450.1,12897.934637,57397098.92811370
1759708800000,2025-10-06 00:00:00,ETH/USD,4515.6,4740.0,4489.85,4687.53,9981.805943,46790014.81199080
1759622400000,2025-10-05 00:00:00,ETH/USD,4489.92,4618.38,4469.42,4515.6,4096.222058,18496900.325104800
1759536000000,2025-10-04 00:00:00,ETH/USD,4515.6,4521.65,4443.64,4489.92,2319.259819,10413291.04652450
1759449600000,2025-10-03 00:00:00,ETH/USD,4487.83,4593.38,4432.48,4515.6,9549.823525,43123183.10949
1759363200000,2025-10-02 00:00:00,ETH/USD,4346.5,4520.55,4335.6,4487.83,11562.343698,51889832.918195300
1759276800000,2025-10-01 00:00:00,ETH/USD,4145.15,4356.87,4123.63,4346.5,11507.139402,50015781.41079300
1759190400000,2025-09-30 00:00:00,ETH/USD,4218.7,4246.39,4092.79,4145.15,6167.564094,25565478.304244100
1759104000000,2025-09-29 00:00:00,ETH/USD,4144.18,4240.0,4085.89,4218.7,8299.148191,35011616.4733717
1759017600000,2025-09-28 00:00:00,ETH/USD,4017.81,4145.84,3968.1,4144.18,2842.278673,11778914.43107310
1758931200000,2025-09-27 00:00:00,ETH/USD,4034.78,4041.12,3975.17,4017.81,2520.340281,10126248.384404600
1758844800000,2025-09-26 00:00:00,ETH/USD,3874.87,4071.54,3870.0,4034.78,10786.306908,43520375.38626020
1758758400000,2025-09-25 00:00:00,ETH/USD,4154.23,4162.23,3825.0,3874.87,16373.71038,63445999.1401506
1758672000000,2025-09-24 00:00:00,ETH/USD,4164.92,4207.79,4078.0,4154.23,5548.345006,23049101.274275400
1758585600000,2025-09-23 00:00:00,ETH/USD,4202.76,4230.91,4118.9,4164.92,6334.799093,26383931.438417600
1758499200000,2025-09-22 00:00:00,ETH/USD,4447.49,4456.66,4075.69,4202.76,12008.088221,50467112.851690000
1758412800000,2025-09-21 00:00:00,ETH/USD,4482.12,4501.0,4445.46,4447.49,4047.202932,17999894.56804070
1758326400000,2025-09-20 00:00:00,ETH/USD,4470.44,4511.14,4457.87,4482.12,2415.545262,10826763.72971540
1758240000000,2025-09-19 00:00:00,ETH/USD,4589.78,4622.18,4437.57,4470.44,7757.937019,34681391.967218400
1758153600000,2025-09-18 00:00:00,ETH/USD,4591.35,4645.87,4555.27,4589.78,5144.860807,23613779.234752500
1758067200000,2025-09-17 00:00:00,ETH/USD,4502.94,4618.83,4425.9,4591.35,10958.330172,50313529.23521220
1757980800000,2025-09-16 00:00:00,ETH/USD,4524.53,4539.04,4425.62,4502.94,5038.989747,22690268.491356200
1757894400000,2025-09-15 00:00:00,ETH/USD,4607.53,4672.08,4465.58,4524.53,8336.632326,37719343.057956800
1757808000000,2025-09-14 00:00:00,ETH/USD,4669.08,4692.55,4581.33,4607.53,2702.117443,12450087.18214580
1757721600000,2025-09-13 00:00:00,ETH/USD,4716.55,4768.26,4608.49,4669.08,3980.880314,18587048.65649110
1757635200000,2025-09-12 00:00:00,ETH/USD,4460.83,4744.0,4453.71,4716.55,11425.670763,53889747.43722770
1757548800000,2025-09-11 00:00:00,ETH/USD,4349.97,4480.22,4339.8,4460.83,7193.585439,32089361.733854400
1757462400000,2025-09-10 00:00:00,ETH/USD,4308.27,4454.13,4284.44,4349.97,9119.151931,39668037.32529210
1757376000000,2025-09-09 00:00:00,ETH/USD,4308.42,4382.12,4276.41,4308.27,8021.586323,34559159.70779120
1757289600000,2025-09-08 00:00:00,ETH/USD,4306.0,4384.99,4278.97,4308.42,7959.915564,34294659.41424890
1757203200000,2025-09-07 00:00:00,ETH/USD,4273.53,4336.45,4271.57,4306.0,2325.268589,10012606.544234000
1757116800000,2025-09-06 00:00:00,ETH/USD,4307.18,4328.34,4236.52,4273.53,4309.18646,18415437.6124038
1757030400000,2025-09-05 00:00:00,ETH/USD,4298.0,4489.09,4253.38,4307.18,14509.992582,62497149.84933880
1756944000000,2025-09-04 00:00:00,ETH/USD,4453.09,4484.53,4265.53,4298.0,11161.205415,47970860.873670000
1756857600000,2025-09-03 00:00:00,ETH/USD,4325.45,4492.0,4283.17,4453.09,8964.561822,39920000.60393000
1756771200000,2025-09-02 00:00:00,ETH/USD,4314.78,4416.18,4257.24,4325.45,10414.609333,45047871.93942490
1756684800000,2025-09-01 00:00:00,ETH/USD,4393.16,4490.36,4215.64,4314.78,7759.196692,33479226.70270780
1756598400000,2025-08-31 00:00:00,ETH/USD,4374.86,4497.95,4373.83,4393.16,6517.190531,28631060.75316800
1756512000000,2025-08-30 00:00:00,ETH/USD,4359.33,4415.12,4256.58,4374.86,6050.880015,26471752.942422900
1756425600000,2025-08-29 00:00:00,ETH/USD,4512.45,4516.66,4268.44,4359.33,20527.528361,89486270.20995810
1756339200000,2025-08-28 00:00:00,ETH/USD,4506.73,4635.0,4430.05,4512.45,19834.585656,89502576.0434172
1756252800000,2025-08-27 00:00:00,ETH/USD,4601.75,4664.14,4350.0,4506.73,21870.020869,98562279.15094840
1756166400000,2025-08-26 00:00:00,ETH/USD,4377.5,4635.43,4315.0,4601.75,25102.54713,115515646.25547700
1756080000000,2025-08-25 00:00:00,ETH/USD,4778.22,4797.42,4337.1,4377.5,49675.627231,217455058.20370200
1755993600000,2025-08-24 00:00:00,ETH/USD,4777.01,4955.97,4710.0,4778.22,13957.925814,66694040.282971100
1755907200000,2025-08-23 00:00:00,ETH/USD,4829.69,4831.43,4661.39,4777.01,5959.075252,28466562.06955650
1755820800000,2025-08-22 00:00:00,ETH/USD,4224.89,4886.11,4208.0,4829.69,60645.662583,292899750.12048900
1755734400000,2025-08-21 00:00:00,ETH/USD,4336.08,4339.79,4204.48,4224.89,24292.771652,102634288.02481800
1755648000000,2025-08-20 00:00:00,ETH/USD,4075.67,4378.33,4062.81,4336.08,36823.688599,159670459.66035200
1755561600000,2025-08-19 00:00:00,ETH/USD,4314.84,4357.52,4066.84,4075.67,34737.148998,141577156.05667900
1755475200000,2025-08-18 00:00:00,ETH/USD,4475.83,4485.46,4227.6,4314.84,35403.529966,152760567.23849500
1755388800000,2025-08-17 00:00:00,ETH/USD,4425.38,4577.68,4398.65,4475.83,9987.217674,44701088.48181940
1755302400000,2025-08-16 00:00:00,ETH/USD,4442.5,4493.59,4376.25,4425.38,7046.492462,31183406.811485600
1755216000000,2025-08-15 00:00:00,ETH/USD,4551.93,4673.58,4368.71,4442.5,24010.066393,106664719.9509030
1755129600000,2025-08-14 00:00:00,ETH/USD,4751.84,4790.22,4456.74,4551.93,36407.462832,165724222.28886600
1755043200000,2025-08-13 00:00:00,ETH/USD,4591.09,4786.12,4565.0,4751.84,31241.697267,148455546.74122100
1754956800000,2025-08-12 00:00:00,ETH/USD,4225.13,4639.12,4219.94,4591.09,39610.72354,181856396.7372590
1754870400000,2025-08-11 00:00:00,ETH/USD,4252.33,4366.29,4165.0,4225.13,32700.134717,138162320.19683800
1754784000000,2025-08-10 00:00:00,ETH/USD,4262.02,4332.88,4161.75,4252.33,6045.667065,25708171.43051150
1754697600000,2025-08-09 00:00:00,ETH/USD,4012.79,4325.19,4007.76,4262.02,9542.483737,40670256.53676880
1754611200000,2025-08-08 00:00:00,ETH/USD,3911.31,4073.21,3880.95,4012.79,35123.881019,140944758.51423300
1754524800000,2025-08-07 00:00:00,ETH/USD,3683.71,3929.87,3648.67,3911.31,29346.077849,114781607.75157200
1754438400000,2025-08-06 00:00:00,ETH/USD,3611.32,3700.87,3563.72,3683.71,20894.281508,76968473.73383470
1754352000000,2025-08-05 00:00:00,ETH/USD,3720.45,3721.33,3545.6,3611.32,17830.448561,64391455.49731050
1754265600000,2025-08-04 00:00:00,ETH/USD,3498.74,3737.11,3492.92,3720.45,15942.228536,59312264.1567612
1754179200000,2025-08-03 00:00:00,ETH/USD,3393.24,3600.0,3354.93,3498.74,5656.617246,19791033.023270000
1754092800000,2025-08-02 00:00:00,ETH/USD,3486.16,3535.97,3368.64,3393.24,7929.705633,26907394.342120900
1754006400000,2025-08-01 00:00:00,ETH/USD,3697.22,3725.33,3430.34,3486.16,18514.535416,64544632.78584260
1753920000000,2025-07-31 00:00:00,ETH/USD,3810.09,3878.0,3684.0,3697.22,18546.453974,68570320.56175230
1753833600000,2025-07-30 00:00:00,ETH/USD,3794.1,3833.35,3673.57,3810.09,20342.721009,77507597.88918080
1753747200000,2025-07-29 00:00:00,ETH/USD,3798.76,3886.58,3716.52,3794.1,24066.735732,91311602.0407812
1753660800000,2025-07-28 00:00:00,ETH/USD,3873.61,3941.3,3754.61,3798.76,29443.535051,111848923.21033700
1753574400000,2025-07-27 00:00:00,ETH/USD,3740.84,3880.0,3733.27,3873.61,13119.231453,50818786.14865530
1753488000000,2025-07-26 00:00:00,ETH/USD,3725.76,3795.0,3702.05,3740.84,7202.171608,26942171.63807070
1753401600000,2025-07-25 00:00:00,ETH/USD,3708.18,3747.54,3575.74,3725.76,33789.782161,125892618.78416700
1753315200000,2025-07-24 00:00:00,ETH/USD,3629.85,3775.0,3507.46,3708.18,29282.575437,108585060.58397500
1753228800000,2025-07-23 00:00:00,ETH/USD,3748.65,3767.6,3528.47,3629.85,26921.895152,97722441.1174872
1753142400000,2025-07-22 00:00:00,ETH/USD,3763.79,3801.8,3618.0,3748.65,27241.757854,102119815.5793970
1753056000000,2025-07-21 00:00:00,ETH/USD,3759.45,3861.19,3704.58,3763.79,19534.306093,73523025.92977250
1752969600000,2025-07-20 00:00:00,ETH/USD,3594.06,3825.0,3581.92,3759.45,17428.335607,65520956.29773620
1752883200000,2025-07-19 00:00:00,ETH/USD,3548.32,3610.92,3510.51,3594.06,8264.289798,29702353.39139990
1752796800000,2025-07-18 00:00:00,ETH/USD,3478.78,3676.69,3462.29,3548.32,32296.850736,114599561.40356400
1752710400000,2025-07-17 00:00:00,ETH/USD,3374.85,3526.45,3309.21,3478.78,30281.064114,105341160.21850100
1752624000000,2025-07-16 00:00:00,ETH/USD,3139.32,3425.43,3101.81,3374.85,29105.914524,98228095.6313214
1752537600000,2025-07-15 00:00:00,ETH/USD,3014.64,3144.19,2933.88,3139.32,22278.565892,69939547.47607340
1752451200000,2025-07-14 00:00:00,ETH/USD,2971.82,3081.99,2964.03,3014.64,20984.625807,63261092.342814500
1752364800000,2025-07-13 00:00:00,ETH/USD,2944.15,3021.16,2937.73,2971.82,8204.991346,24383757.381869700
1752278400000,2025-07-12 00:00:00,ETH/USD,2959.55,2980.22,2905.36,2944.15,9263.922804,27274378.3233966
1752192000000,2025-07-11 00:00:00,ETH/USD,2951.2,3040.42,2914.95,2959.55,26303.001938,77845049.38560790
1752105600000,2025-07-10 00:00:00,ETH/USD,2769.79,3000.0,2756.76,2951.2,28447.590594,83954529.3610128
1752019200000,2025-07-09 00:00:00,ETH/USD,2615.23,2795.72,2590.61,2769.79,19930.040545,55202027.00113560
1751932800000,2025-07-08 00:00:00,ETH/USD,2542.67,2629.18,2523.86,2615.23,17229.557827,45059256.51590520
1751846400000,2025-07-07 00:00:00,ETH/USD,2571.06,2590.26,2512.73,2542.67,15148.366636,38517297.39435810
1751760000000,2025-07-06 00:00:00,ETH/USD,2516.98,2606.02,2504.68,2571.06,6771.875051,17410897.06862410
1751673600000,2025-07-05 00:00:00,ETH/USD,2507.9,2530.3,2488.73,2516.98,3759.137903,9461674.91909294
1751587200000,2025-07-04 00:00:00,ETH/USD,2591.63,2603.68,2474.48,2507.9,8708.510372,21840073.1619388
1751500800000,2025-07-03 00:00:00,ETH/USD,2571.35,2636.95,2557.33,2591.63,15660.956326,40587404.24315140
1751414400000,2025-07-02 00:00:00,ETH/USD,2405.46,2620.0,2373.8,2571.35,18336.802079,47150336.025836700
1751328000000,2025-07-01 00:00:00,ETH/USD,2486.26,2500.81,2386.84,2405.46,13026.231874,31334079.723632000
1751241600000,2025-06-30 00:00:00,ETH/USD,2501.48,2524.68,2435.81,2486.26,17878.863597,44451503.406677200
1751155200000,2025-06-29 00:00:00,ETH/USD,2436.99,2525.04,2413.59,2501.48,6067.761454,15178383.921951900
1751068800000,2025-06-28 00:00:00,ETH/USD,2423.91,2448.4,2407.26,2436.99,2529.643691,6164716.37853009
1750982400000,2025-06-27 00:00:00,ETH/USD,2416.58,2464.15,2383.92,2423.91,13454.356742,32612149.850501200
1750896000000,2025-06-26 00:00:00,ETH/USD,2419.65,2521.51,2395.76,2416.58,17460.773754,42195356.638441300
1750809600000,2025-06-25 00:00:00,ETH/USD,2449.38,2469.58,2391.38,2419.65,11102.770402,26864818.4031993
1750723200000,2025-06-24 00:00:00,ETH/USD,2413.02,2482.76,2377.69,2449.38,18793.18476,46031650.8874488
1750636800000,2025-06-23 00:00:00,ETH/USD,2227.83,2439.12,2188.98,2413.02,30653.15048,73966665.1712496
1750550400000,2025-06-22 00:00:00,ETH/USD,2296.86,2314.59,2113.47,2227.83,24197.010116,53906825.04672830
1750464000000,2025-06-21 00:00:00,ETH/USD,2406.98,2448.92,2217.69,2296.86,12671.294546,29104189.59092560
1750377600000,2025-06-20 00:00:00,ETH/USD,2521.54,2569.41,2369.17,2406.98,15445.335392,37176613.38183620
1750291200000,2025-06-19 00:00:00,ETH/USD,2525.36,2547.76,2485.23,2521.54,7324.86914,18469950.5312756
1750204800000,2025-06-18 00:00:00,ETH/USD,2509.8,2547.94,2467.21,2525.36,15146.206701,38249624.55443740
1750118400000,2025-06-17 00:00:00,ETH/USD,2544.1,2619.17,2450.01,2509.8,19256.638293,48330310.787771400
1750032000000,2025-06-16 00:00:00,ETH/USD,2547.25,2681.42,2515.47,2544.1,21099.001736,53677970.31655760
1749945600000,2025-06-15 00:00:00,ETH/USD,2531.92,2558.83,2492.11,2547.25,6192.895045,15774851.903376300
1749859200000,2025-06-14 00:00:00,ETH/USD,2580.18,2580.24,2489.07,2531.92,7455.191389,18875948.18163690
1749772800000,2025-06-13 00:00:00,ETH/USD,2644.28,2646.43,2440.0,2580.18,20815.706116,53708268.60638090
1749686400000,2025-06-12 00:00:00,ETH/USD,2772.87,2786.67,2617.69,2644.28,17298.742716,45742719.38906450
1749600000000,2025-06-11 00:00:00,ETH/USD,2816.48,2880.0,2743.99,2772.87,18635.880541,51674874.075722700
1749513600000,2025-06-10 00:00:00,ETH/USD,2680.46,2827.07,2657.31,2816.48,23626.337312,66543106.51250180
1749427200000,2025-06-09 00:00:00,ETH/USD,2510.42,2695.0,2479.05,2680.46,14931.447794,40023148.55390520
1749340800000,2025-06-08 00:00:00,ETH/USD,2525.9,2548.62,2493.16,2510.42,4668.871484,11720828.350863300
1749254400000,2025-06-07 00:00:00,ETH/USD,2478.17,2546.4,2458.96,2525.9,4328.812108,10934146.5035972
1749168000000,2025-06-06 00:00:00,ETH/USD,2415.82,2531.83,2385.37,2478.17,13568.235369,33624393.84439470
1749081600000,2025-06-05 00:00:00,ETH/USD,2609.15,2642.32,2393.66,2415.82,17717.285003,42801771.455947500
1748995200000,2025-06-04 00:00:00,ETH/USD,2595.7,2681.68,2585.42,2609.15,12214.251444,31868814.155112600
1748908800000,2025-06-03 00:00:00,ETH/USD,2608.82,2657.94,2579.63,2595.7,13882.753675,36035463.714197500
1748822400000,2025-06-02 00:00:00,ETH/USD,2540.59,2616.62,2475.85,2608.82,13154.169824,34316861.32024770
1748736000000,2025-06-01 00:00:00,ETH/USD,2529.13,2549.88,2471.11,2540.59,7145.707182,18154312.209517400
1748649600000,2025-05-31 00:00:00,ETH/USD,2531.29,2551.11,2476.0,2529.13,8200.619972,20740433.989784400
1748563200000,2025-05-30 00:00:00,ETH/USD,2631.94,2649.87,2500.35,2531.29,15873.234065,40179758.65639390
1748476800000,2025-05-29 00:00:00,ETH/USD,2682.13,2789.03,2619.75,2631.94,20611.662928,54248660.126720300
1748390400000,2025-05-28 00:00:00,ETH/USD,2662.37,2690.52,2610.04,2682.13,14397.433573,38615788.50915050
1748304000000,2025-05-27 00:00:00,ETH/USD,2565.03,2713.41,2510.58,2662.37,18301.112206,48724332.10388820
1748217600000,2025-05-26 00:00:00,ETH/USD,2552.29,2600.0,2526.6,2565.03,4936.456625,12662159.33682380
1748131200000,2025-05-25 00:00:00,ETH/USD,2530.25,2554.77,2465.67,2552.29,5479.832009,13986120.438250600
1748044800000,2025-05-24 00:00:00,ETH/USD,2526.62,2576.38,2516.19,2530.25,4943.762503,12508955.07321580
1747958400000,2025-05-23 00:00:00,ETH/USD,2665.61,2733.46,2498.99,2526.62,14135.877923,35715991.87781030
1747872000000,2025-05-22 00:00:00,ETH/USD,2552.46,2692.0,2545.29,2665.61,14626.941136,38989720.56153300
1747785600000,2025-05-21 00:00:00,ETH/USD,2523.94,2616.48,2452.31,2552.46,14605.611143,37280238.21806180
1747699200000,2025-05-20 00:00:00,ETH/USD,2527.79,2587.46,2444.0,2523.94,13702.600167,34584540.66549800
1747612800000,2025-05-19 00:00:00,ETH/USD,2498.98,2547.19,2350.04,2527.79,14852.773327,37544691.88825730
1747526400000,2025-05-18 00:00:00,ETH/USD,2475.59,2588.12,2323.51,2498.98,7366.891408,18409714.29076380
1747440000000,2025-05-17 00:00:00,ETH/USD,2538.27,2538.27,2447.66,2475.59,7126.562474,17642446.79500970
1747353600000,2025-05-16 00:00:00,ETH/USD,2547.98,2648.02,2530.49,2538.27,11965.80468,30372443.0451036
1747267200000,2025-05-15 00:00:00,ETH/USD,2609.76,2646.27,2478.8,2547.98,15201.703563,38733636.644452700
1747180800000,2025-05-14 00:00:00,ETH/USD,2679.85,2724.01,2548.14,2609.76,12687.336822,33110904.144582700
1747094400000,2025-05-13 00:00:00,ETH/USD,2495.36,2738.49,2416.7,2679.85,18663.621477,50015706.01513850
1747008000000,2025-05-12 00:00:00,ETH/USD,2514.61,2624.09,2408.32,2495.36,14424.174783,35993508.786506900
1746921600000,2025-05-11 00:00:00,ETH/USD,2584.5,2605.51,2435.87,2514.61,11119.507083,27961223.705982600
1746835200000,2025-05-10 00:00:00,ETH/USD,2345.67,2600.0,2318.17,2584.5,12175.52332,31467640.02054
1746748800000,2025-05-09 00:00:00,ETH/USD,2207.52,2490.73,2184.67,2345.67,21271.89904,49896855.4211568
1746662400000,2025-05-08 00:00:00,ETH/USD,1811.29,2224.09,1809.1,2207.52,20836.210609,45996351.643579700
1746576000000,2025-05-07 00:00:00,ETH/USD,1816.83,1850.0,1788.05,1811.29,9077.499281,16441983.67268250
1746489600000,2025-05-06 00:00:00,ETH/USD,1820.06,1820.3,1751.5,1816.83,7017.8294,12750202.988802000
1746403200000,2025-05-05 00:00:00,ETH/USD,1809.53,1832.88,1782.33,1820.06,6153.420592,11199594.68267550
1746316800000,2025-05-04 00:00:00,ETH/USD,1833.27,1849.82,1803.92,1809.53,2680.988171,4851328.52506963
1746230400000,2025-05-03 00:00:00,ETH/USD,1842.69,1848.85,1810.98,1833.27,2124.505468,3894792.1393203600
1746144000000,2025-05-02 00:00:00,ETH/USD,1840.02,1870.11,1813.57,1842.69,8583.294606,15816351.137530100
1746057600000,2025-05-01 00:00:00,ETH/USD,1793.99,1873.9,1792.49,1840.02,11887.345307,21872953.11178610
1745971200000,2025-04-30 00:00:00,ETH/USD,1798.95,1817.52,1733.17,1793.99,8428.452426,15120559.36771970
1745884800000,2025-04-29 00:00:00,ETH/USD,1799.5,1843.23,1781.15,1798.95,12687.401081,22824000.17466500
1745798400000,2025-04-28 00:00:00,ETH/USD,1791.86,1827.72,1745.31,1799.5,14196.55521,25546701.100395
1745712000000,2025-04-27 00:00:00,ETH/USD,1820.79,1857.57,1782.33,1791.86,7239.200306,12971633.460309200
1745625600000,2025-04-26 00:00:00,ETH/USD,1785.35,1840.74,1780.3,1820.79,7183.835231,13080255.35025250
1745539200000,2025-04-25 00:00:00,ETH/USD,1770.14,1828.45,1740.0,1785.35,15392.92872,27481765.290252
1745452800000,2025-04-24 00:00:00,ETH/USD,1795.91,1803.09,1723.83,1770.14,12295.812383,21765309.331643600
1745366400000,2025-04-23 00:00:00,ETH/USD,1756.44,1833.86,1746.07,1795.91,18464.271056,33160169.032181000
1745280000000,2025-04-22 00:00:00,ETH/USD,1579.89,1777.39,1542.08,1756.44,20546.428769,36088569.347022400
1745193600000,2025-04-21 00:00:00,ETH/USD,1587.45,1658.05,1564.27,1579.89,11798.57036,18640443.3260604
1745107200000,2025-04-20 00:00:00,ETH/USD,1612.74,1618.76,1570.91,1587.45,4985.488254,7914213.3288123
1745020800000,2025-04-19 00:00:00,ETH/USD,1588.56,1630.58,1585.02,1612.74,3496.619977,5639138.90170698
1744934400000,2025-04-18 00:00:00,ETH/USD,1582.96,1600.0,1574.18,1588.56,3543.780695,5629508.260849200
1744848000000,2025-04-17 00:00:00,ETH/USD,1577.46,1618.42,1563.92,1582.96,11493.947061,18194458.43968060
1744761600000,2025-04-16 00:00:00,ETH/USD,1588.45,1612.82,1539.24,1577.46,16463.604696,25970677.863752200
1744675200000,2025-04-15 00:00:00,ETH/USD,1623.55,1660.0,1583.24,1588.45,13984.005651,22212893.77633100
1744588800000,2025-04-14 00:00:00,ETH/USD,1597.46,1690.42,1595.95,1623.55,12577.09211,20419537.8951905
1744502400000,2025-04-13 00:00:00,ETH/USD,1644.01,1649.4,1562.93,1597.46,8232.7177,13151437.217042
1744416000000,2025-04-12 00:00:00,ETH/USD,1566.02,1667.48,1546.04,1644.01,8391.93062,13796417.858586200
1744329600000,2025-04-11 00:00:00,ETH/USD,1521.12,1590.22,1504.44,1566.02,18682.89397,29257785.6148994
1744243200000,2025-04-10 00:00:00,ETH/USD,1668.65,1669.1,1471.93,1521.12,28976.857641,44077277.694877900
1744156800000,2025-04-09 00:00:00,ETH/USD,1472.08,1688.65,1385.65,1668.65,56067.184058,93556506.6783817
1744070400000,2025-04-08 00:00:00,ETH/USD,1552.5,1617.88,1446.18,1472.08,33431.564571,49213937.57367770
1743984000000,2025-04-07 00:00:00,ETH/USD,1579.39,1635.99,1411.68,1552.5,33033.699125,51284817.8915625
1743897600000,2025-04-06 00:00:00,ETH/USD,1805.68,1816.19,1536.96,1579.39,9144.5127,14442751.913253
1743811200000,2025-04-05 00:00:00,ETH/USD,1816.07,1826.09,1764.59,1805.68,2373.978861,4286646.14973048
1743724800000,2025-04-04 00:00:00,ETH/USD,1815.5,1834.52,1758.59,1816.07,11073.404328,20110077.39795100
1743638400000,2025-04-03 00:00:00,ETH/USD,1794.03,1844.84,1750.0,1815.5,8997.599004,16335140.991762
1743552000000,2025-04-02 00:00:00,ETH/USD,1905.53,1955.71,1781.71,1794.03,11713.732782,21014788.022891500
1743465600000,2025-04-01 00:00:00,ETH/USD,1822.52,1927.37,1818.18,1905.53,11520.41529,21952496.9475537
1743379200000,2025-03-31 00:00:00,ETH/USD,1807.0,1852.4,1777.42,1822.52,12371.946996,22548120.839149900
1743292800000,2025-03-30 00:00:00,ETH/USD,1826.82,1847.79,1767.01,1807.0,6614.526753,11952449.842671
1743206400000,2025-03-29 00:00:00,ETH/USD,1895.6,1912.62,1798.39,1826.82,5983.84565,10931408.910333
1743120000000,2025-03-28 00:00:00,ETH/USD,2001.79,2015.53,1861.12,1895.6,8780.22194,16643788.709464000
1743033600000,2025-03-27 00:00:00,ETH/USD,2009.21,2037.36,1986.79,2001.79,6326.9017,12665128.554043
1742947200000,2025-03-26 00:00:00,ETH/USD,2067.01,2078.85,1981.96,2009.21,5297.813974,10644420.81470050
1742860800000,2025-03-25 00:00:00,ETH/USD,2081.38,2097.34,2037.93,2067.01,5937.018112,12271875.80768510
1742774400000,2025-03-24 00:00:00,ETH/USD,2005.14,2103.0,1977.95,2081.38,8512.377211,17717491.67943120
1742688000000,2025-03-23 00:00:00,ETH/USD,1979.95,2020.0,1976.92,2005.14,2530.927509,5074863.98539626
1742601600000,2025-03-22 00:00:00,ETH/USD,1964.49,2005.38,1964.28,1979.95,1230.377888,2436086.6993456
1742515200000,2025-03-21 00:00:00,ETH/USD,1983.01,1994.75,1937.18,1964.49,3967.530317,7794173.63244333
1742428800000,2025-03-20 00:00:00,ETH/USD,2057.41,2067.81,1951.34,1983.01,5885.918851,11671835.94072150
1742342400000,2025-03-19 00:00:00,ETH/USD,1931.38,2070.0,1928.03,2057.41,9793.709942,20149676.771770200
1742256000000,2025-03-18 00:00:00,ETH/USD,1926.51,1935.36,1872.25,1931.38,5299.136845,10234646.9196961
1742169600000,2025-03-17 00:00:00,ETH/USD,1887.12,1951.95,1880.0,1926.51,7213.223865,13896347.90816120
1742083200000,2025-03-16 00:00:00,ETH/USD,1937.47,1940.79,1861.52,1887.12,4951.72866,9344506.188859200
1741996800000,2025-03-15 00:00:00,ETH/USD,1911.17,1956.55,1904.36,1937.47,2816.185596,5456275.10668212
1741910400000,2025-03-14 00:00:00,ETH/USD,1864.05,1945.5,1860.76,1911.17,9398.806499,17962717.01669380
1741824000000,2025-03-13 00:00:00,ETH/USD,1907.24,1920.0,1821.8,1864.05,12908.598488,24062273.011556400
1741737600000,2025-03-12 00:00:00,ETH/USD,1922.48,1955.71,1829.66,1907.24,16583.848368,31629378.96138430
1741651200000,2025-03-11 00:00:00,ETH/USD,1864.16,1962.26,1754.52,1922.48,17801.734546,34223478.62999410
1741564800000,2025-03-10 00:00:00,ETH/USD,2017.98,2150.8,1808.78,1864.16,17660.360123,32921736.926891700
1741478400000,2025-03-09 00:00:00,ETH/USD,2202.66,2211.56,1989.89,2017.98,9260.950167,18688412.218002700
1741392000000,2025-03-08 00:00:00,ETH/USD,2139.57,2232.47,2104.74,2202.66,4392.880005,9676021.0718133
1741305600000,2025-03-07 00:00:00,ETH/USD,2202.02,2257.41,2103.22,2139.57,13233.053069,28313043.35484030
1741219200000,2025-03-06 00:00:00,ETH/USD,2241.66,2319.66,2176.39,2202.02,9074.101,19981351.88402
1741132800000,2025-03-05 00:00:00,ETH/USD,2170.18,2273.4,2154.84,2241.66,11747.926638,26334857.22733910
1741046400000,2025-03-04 00:00:00,ETH/USD,2147.77,2221.96,1991.55,2170.18,18529.969614,40213369.45691050
1740960000000,2025-03-03 00:00:00,ETH/USD,2519.28,2524.29,2096.22,2147.77,13580.409179,29167595.42238080
1740873600000,2025-03-02 00:00:00,ETH/USD,2216.41,2552.63,2172.81,2519.28,11930.571833,30056451.007440200
1740787200000,2025-03-01 00:00:00,ETH/USD,2236.78,2280.04,2142.79,2216.41,5435.539687,12047384.51766370
1740700800000,2025-02-28 00:00:00,ETH/USD,2304.69,2311.34,2074.42,2236.78,18436.925293,41239345.75687650
1740614400000,2025-02-27 00:00:00,ETH/USD,2332.21,2379.02,2228.0,2304.69,11484.844276,26469005.75445440
1740528000000,2025-02-26 00:00:00,ETH/USD,2492.89,2504.35,2251.87,2332.21,13384.341089,31215094.131176700
1740441600000,2025-02-25 00:00:00,ETH/USD,2514.34,2530.53,2319.0,2492.89,19006.489948,47381088.72646970
1740355200000,2025-02-24 00:00:00,ETH/USD,2819.4,2839.59,2462.96,2514.34,15238.75444,38315409.838669600
1740268800000,2025-02-23 00:00:00,ETH/USD,2763.93,2861.23,2745.64,2819.4,6326.840512,17837894.1395328
1740182400000,2025-02-22 00:00:00,ETH/USD,2661.66,2797.41,2653.32,2763.93,4849.869591,13404700.058652600
1740096000000,2025-02-21 00:00:00,ETH/USD,2739.06,2846.43,2610.68,2661.66,11926.383427,31743977.71230880
1740009600000,2025-02-20 00:00:00,ETH/USD,2715.45,2771.16,2707.85,2739.06,7363.302195,20168526.5102367
1739923200000,2025-02-19 00:00:00,ETH/USD,2670.77,2736.0,2654.27,2715.45,8221.257546,22324413.8032857
1739836800000,2025-02-18 00:00:00,ETH/USD,2744.01,2756.66,2605.2,2670.77,10982.470958,29331653.96049770
1739750400000,2025-02-17 00:00:00,ETH/USD,2661.82,2849.2,2639.42,2744.01,7674.552999,21059050.174786000
1739664000000,2025-02-16 00:00:00,ETH/USD,2693.58,2725.77,2652.9,2661.82,2894.421604,7704429.313959280
1739577600000,2025-02-15 00:00:00,ETH/USD,2726.15,2738.78,2663.35,2693.58,2673.561746,7201452.4477906800
1739491200000,2025-02-14 00:00:00,ETH/USD,2676.29,2791.82,2664.78,2726.15,10411.554991,28383460.638714700
1739404800000,2025-02-13 00:00:00,ETH/USD,2737.57,2758.21,2612.0,2676.29,9575.328218,25626355.15655120
1739318400000,2025-02-12 00:00:00,ETH/USD,2602.76,2796.0,2548.19,2737.57,12329.992598,33754217.836506900
1739232000000,2025-02-11 00:00:00,ETH/USD,2661.71,2725.03,2561.9,2602.76,12194.078582,31738259.97008630
1739145600000,2025-02-10 00:00:00,ETH/USD,2627.51,2694.44,2560.39,2661.71,13271.214567,35324124.52512960
1739059200000,2025-02-09 00:00:00,ETH/USD,2632.55,2698.4,2523.0,2627.51,9871.798131,25938248.30718380
1738972800000,2025-02-08 00:00:00,ETH/USD,2622.41,2666.12,2588.88,2632.55,6754.316344,17781075.491397200
1738886400000,2025-02-07 00:00:00,ETH/USD,2686.99,2799.13,2564.79,2622.41,16291.38453,42722689.705317300
1738800000000,2025-02-06 00:00:00,ETH/USD,2789.1,2858.74,2656.05,2686.99,19768.682735,53118252.82211760
1738713600000,2025-02-05 00:00:00,ETH/USD,2731.41,2827.83,2699.79,2789.1,22707.461773,63333381.631074300
1738627200000,2025-02-04 00:00:00,ETH/USD,2883.17,2890.0,2634.65,2731.41,34986.219128,95561708.78841050
1738540800000,2025-02-03 00:00:00,ETH/USD,2868.61,2923.11,2136.0,2883.17,34031.331725,98118114.68956820
1738454400000,2025-02-02 00:00:00,ETH/USD,3116.24,3162.35,2749.73,2868.61,10018.69984,28739742.5480224
1738368000000,2025-02-01 00:00:00,ETH/USD,3297.38,3330.56,3101.23,3116.24,3716.233682,11580676.049195700
1738281600000,2025-01-31 00:00:00,ETH/USD,3247.76,3439.01,3213.56,3297.38,13660.74597,45044670.5465586
1738195200000,2025-01-30 00:00:00,ETH/USD,3113.23,3282.71,3092.38,3247.76,9233.373108,29987779.845238100
1738108800000,2025-01-29 00:00:00,ETH/USD,3075.95,3181.14,3053.58,3113.23,10604.252422,33013476.76774310
1738022400000,2025-01-28 00:00:00,ETH/USD,3181.56,3224.38,3039.17,3075.95,9568.023797,29430762.79838220
1737936000000,2025-01-27 00:00:00,ETH/USD,3231.4,3251.54,3020.55,3181.56,20685.431134,65811940.278689000
1737849600000,2025-01-26 00:00:00,ETH/USD,3317.36,3360.13,3228.63,3231.4,3877.459896,12529623.9079344
1737763200000,2025-01-25 00:00:00,ETH/USD,3310.16,3349.34,3269.65,3317.36,2353.445883,7807227.23442888
1737676800000,2025-01-24 00:00:00,ETH/USD,3338.74,3428.19,3275.78,3310.16,12844.233549,42516468.12455780
1737590400000,2025-01-23 00:00:00,ETH/USD,3239.89,3349.47,3183.7,3338.74,14839.671315,49545804.2062431
1737504000000,2025-01-22 00:00:00,ETH/USD,3328.41,3365.59,3222.25,3239.89,9986.490937,32355132.12187690
1737417600000,2025-01-21 00:00:00,ETH/USD,3281.13,3366.87,3200.68,3328.41,15144.408374,50406800.27610530
1737331200000,2025-01-20 00:00:00,ETH/USD,3210.17,3447.03,3140.55,3281.13,13691.151452,44922447.76370080
1737244800000,2025-01-19 00:00:00,ETH/USD,3305.88,3444.98,3123.0,3210.17,16659.648623,53480304.22009590
1737158400000,2025-01-18 00:00:00,ETH/USD,3473.62,3495.21,3225.34,3305.88,10652.849737,35217042.88855360
1737072000000,2025-01-17 00:00:00,ETH/USD,3306.9,3526.68,3306.0,3473.62,14093.493588,48955441.197148600
1736985600000,2025-01-16 00:00:00,ETH/USD,3451.67,3459.99,3261.94,3306.9,13306.350683,44002771.073612700
1736899200000,2025-01-15 00:00:00,ETH/USD,3223.42,3475.0,3185.48,3451.67,10938.152747,37754893.69223750
1736812800000,2025-01-14 00:00:00,ETH/USD,3135.94,3255.71,3124.65,3223.42,11080.156491,35715998.03621920
1736726400000,2025-01-13 00:00:00,ETH/USD,3265.38,3335.66,2915.14,3135.94,20433.398185,64077910.704268900
1736640000000,2025-01-12 00:00:00,ETH/USD,3282.45,3297.41,3223.24,3265.38,1605.817497,5243604.33835386
1736553600000,2025-01-11 00:00:00,ETH/USD,3266.92,3318.62,3219.07,3282.45,923.694664,3031981.5498468000
1736467200000,2025-01-10 00:00:00,ETH/USD,3219.39,3322.0,3195.16,3266.92,14350.162254,46880832.070837700
1736380800000,2025-01-09 00:00:00,ETH/USD,3326.41,3355.82,3157.67,3219.39,10032.628857,32298945.015937200
1736294400000,2025-01-08 00:00:00,ETH/USD,3380.93,3413.91,3206.94,3326.41,11173.167526,37166536.19016170
1736208000000,2025-01-07 00:00:00,ETH/USD,3689.04,3702.35,3355.0,3380.93,13544.727154,45793774.376773200
1736121600000,2025-01-06 00:00:00,ETH/USD,3634.35,3745.52,3610.12,3689.04,9313.87751,34359266.6894904
1736035200000,2025-01-05 00:00:00,ETH/USD,3655.86,3674.92,3594.18,3634.35,2525.631075,9179027.29742625
1735948800000,2025-01-04 00:00:00,ETH/USD,3607.74,3670.45,3572.91,3655.86,2642.134852,9659275.12003272
1735862400000,2025-01-03 00:00:00,ETH/USD,3451.95,3629.11,3421.13,3607.74,9050.480715,32651781.294734100
1735776000000,2025-01-02 00:00:00,ETH/USD,3353.48,3505.0,3347.41,3451.95,8147.321078,28124144.995202100
1735689600000,2025-01-01 00:00:00,ETH/USD,3330.11,3366.77,3309.34,3353.48,2017.170958,6764542.46423384
1735603200000,2024-12-31 00:00:00,ETH/USD,3355.67,3447.15,3310.74,3330.11,9082.658943,30246253.37267370
1735516800000,2024-12-30 00:00:00,ETH/USD,3350.5,3429.93,3294.94,3355.67,11278.061332,37845452.069952400
1735430400000,2024-12-29 00:00:00,ETH/USD,3397.87,3406.47,3320.74,3350.5,1474.746554,4941138.329177000
1735344000000,2024-12-28 00:00:00,ETH/USD,3328.98,3420.0,3317.58,3397.87,1517.213891,5155295.56381217
1735257600000,2024-12-27 00:00:00,ETH/USD,3330.87,3436.03,3302.17,3328.98,12027.505551,40039325.42916800
1735171200000,2024-12-26 00:00:00,ETH/USD,3494.06,3511.76,3302.03,3330.87,15730.043693,52394730.63570290
1735084800000,2024-12-25 00:00:00,ETH/USD,3490.82,3543.56,3439.16,3494.06,3228.502359,11280580.95248750
1734998400000,2024-12-24 00:00:00,ETH/USD,3418.36,3537.27,3353.43,3490.82,9968.682678,34798876.866016000
1734912000000,2024-12-23 00:00:00,ETH/USD,3278.11,3462.25,3214.91,3418.36,17121.466709,58527336.93937720
1734825600000,2024-12-22 00:00:00,ETH/USD,3335.36,3399.86,3218.61,3278.11,3773.380407,12369556.04599080
1734739200000,2024-12-21 00:00:00,ETH/USD,3471.82,3553.0,3292.28,3335.36,4113.631889,13720443.25729500
1734652800000,2024-12-20 00:00:00,ETH/USD,3413.64,3496.13,3095.85,3471.82,18110.92086,62877857.2601652
1734566400000,2024-12-19 00:00:00,ETH/USD,3625.22,3718.13,3323.64,3413.64,17747.416624,60583291.284351400
1734480000000,2024-12-18 00:00:00,ETH/USD,3893.49,3908.33,3615.74,3625.22,18140.591544,65763635.27713970
1734393600000,2024-12-17 00:00:00,ETH/USD,3988.32,4041.82,3850.0,3893.49,18196.025828,70846044.60105970
1734307200000,2024-12-16 00:00:00,ETH/USD,3957.44,4109.21,3881.99,3988.32,19167.422703,76445815.31482900
1734220800000,2024-12-15 00:00:00,ETH/USD,3870.62,3972.56,3831.43,3957.44,3260.081734,12901577.85740100
1734134400000,2024-12-14 00:00:00,ETH/USD,3906.85,3945.43,3825.32,3870.62,2955.362168,11439083.91470420
1734048000000,2024-12-13 00:00:00,ETH/USD,3883.08,3969.41,3852.6,3906.85,11446.769686,44720812.147749100
1733961600000,2024-12-12 00:00:00,ETH/USD,3834.49,3989.87,3800.4,3883.08,18853.100134,73208096.06833270
1733875200000,2024-12-11 00:00:00,ETH/USD,3631.27,3852.04,3565.02,3834.49,13092.89062,50204558.1534838
1733788800000,2024-12-10 00:00:00,ETH/USD,3714.2,3781.55,3516.67,3631.27,18717.337964,67967707.82853430
1733702400000,2024-12-09 00:00:00,ETH/USD,4006.66,4007.75,3505.39,3714.2,23550.429563,87471005.4828946
1733616000000,2024-12-08 00:00:00,ETH/USD,4000.22,4017.22,3927.54,4006.66,2845.107525,11399378.5161165
1733529600000,2024-12-07 00:00:00,ETH/USD,4005.03,4027.35,3974.52,4000.22,4146.624981,16587412.18149580
1733443200000,2024-12-06 00:00:00,ETH/USD,3788.65,4096.0,3781.62,4005.03,20947.550023,83895566.2686157
1733356800000,2024-12-05 00:00:00,ETH/USD,3845.0,3958.53,3678.7,3788.65,20760.832779,78655529.10815840
1733270400000,2024-12-04 00:00:00,ETH/USD,3618.31,3898.6,3618.22,3845.0,22987.759756,88387936.26182
1733184000000,2024-12-03 00:00:00,ETH/USD,3644.72,3670.96,3502.23,3618.31,14394.351887,52083227.376251000
1733097600000,2024-12-02 00:00:00,ETH/USD,3712.25,3750.0,3555.89,3644.72,16786.759635,61183038.57687720
1733011200000,2024-12-01 00:00:00,ETH/USD,3705.07,3741.0,3662.02,3712.25,4984.680393,18504379.78891430
1732924800000,2024-11-30 00:00:00,ETH/USD,3593.37,3739.0,3570.11,3705.07,3795.207451,14061509.270476600
1732838400000,2024-11-29 00:00:00,ETH/USD,3579.17,3648.11,3535.27,3593.37,10290.024028,36975863.641494400
1732752000000,2024-11-28 00:00:00,ETH/USD,3656.99,3664.19,3531.1,3579.17,7402.824749,26495968.25687830
1732665600000,2024-11-27 00:00:00,ETH/USD,3323.39,3688.42,3300.79,3656.99,13146.999366,48078445.21146830
1732579200000,2024-11-26 00:00:00,ETH/USD,3414.06,3463.07,3253.48,3323.39,12514.248987,41589729.94090590
1732492800000,2024-11-25 00:00:00,ETH/USD,3364.13,3546.37,3307.74,3414.06,10438.185529,35636591.68713770
1732406400000,2024-11-24 00:00:00,ETH/USD,3397.1,3450.68,3288.01,3364.13,2667.753624,8974669.99910712
1732320000000,2024-11-23 00:00:00,ETH/USD,3331.72,3500.0,3319.88,3397.1,4083.359562,13871580.7680702
1732233600000,2024-11-22 00:00:00,ETH/USD,3359.79,3428.36,3261.43,3331.72,11000.375915,36650172.4435238
1732147200000,2024-11-21 00:00:00,ETH/USD,3072.36,3389.0,3035.45,3359.79,11368.73642,38196566.936551800
1732060800000,2024-11-20 00:00:00,ETH/USD,3111.08,3161.08,3031.62,3072.36,10725.202219,32951682.289566800
1731974400000,2024-11-19 00:00:00,ETH/USD,3209.69,3222.75,3071.05,3111.08,8133.125997,25302805.62674680
1731888000000,2024-11-18 00:00:00,ETH/USD,3075.11,3225.54,3051.27,3209.69,8860.382813,28439082.11105800
1731801600000,2024-11-17 00:00:00,ETH/USD,3133.58,3160.01,3038.67,3075.11,2991.688458,9199771.094080380
1731715200000,2024-11-16 00:00:00,ETH/USD,3091.36,3219.01,3072.95,3133.58,2196.959497,6884348.340609260
1731628800000,2024-11-15 00:00:00,ETH/USD,3059.23,3131.62,3013.54,3091.36,12086.543153,37363856.041458100
1731542400000,2024-11-14 00:00:00,ETH/USD,3191.42,3241.86,3030.84,3059.23,10586.40274,32386240.8542902
1731456000000,2024-11-13 00:00:00,ETH/USD,3246.41,3340.37,3120.78,3191.42,10417.763473,33247458.703001700
1731369600000,2024-11-12 00:00:00,ETH/USD,3370.85,3444.24,3196.17,3246.41,10404.692724,33777898.50612080
1731283200000,2024-11-11 00:00:00,ETH/USD,3186.07,3387.6,3109.31,3370.85,12709.788717,42842791.29669950
1731196800000,2024-11-10 00:00:00,ETH/USD,3129.26,3251.56,3070.0,3186.07,6508.90397,20737823.671697900
1731110400000,2024-11-09 00:00:00,ETH/USD,2962.96,3157.91,2958.0,3129.26,5983.98026,18725430.068407600
1731024000000,2024-11-08 00:00:00,ETH/USD,2896.13,2986.88,2889.68,2962.96,12488.006103,37001462.56294490
1730937600000,2024-11-07 00:00:00,ETH/USD,2723.56,2920.14,2701.64,2896.13,12195.3766,35319396.032558
1730851200000,2024-11-06 00:00:00,ETH/USD,2422.21,2745.77,2421.1,2723.56,21958.736251,59805935.70377360
1730764800000,2024-11-05 00:00:00,ETH/USD,2396.71,2479.31,2382.0,2422.21,6780.319823,16423358.47846880
1730678400000,2024-11-04 00:00:00,ETH/USD,2456.47,2489.08,2357.02,2396.71,5075.442367,12164363.47541260
1730592000000,2024-11-03 00:00:00,ETH/USD,2490.89,2494.46,2406.67,2456.47,3523.304247,8654891.18362809
1730505600000,2024-11-02 00:00:00,ETH/USD,2511.54,2522.36,2470.44,2490.89,1069.753625,2664638.60697625
1730419200000,2024-11-01 00:00:00,ETH/USD,2515.86,2585.13,2465.0,2511.54,7860.286492,19741423.93611770
1730332800000,2024-10-31 00:00:00,ETH/USD,2658.38,2667.21,2500.0,2515.86,7562.138225,19025281.0747485
1730246400000,2024-10-30 00:00:00,ETH/USD,2637.62,2720.9,2599.24,2658.38,9815.041446,26092109.87921750
1730160000000,2024-10-29 00:00:00,ETH/USD,2565.54,2680.34,2558.87,2637.62,8022.342467,21159890.93780850
1730073600000,2024-10-28 00:00:00,ETH/USD,2505.77,2588.86,2468.37,2565.54,4903.348581,12579736.91849870
1729987200000,2024-10-27 00:00:00,ETH/USD,2479.7,2523.06,2461.32,2505.77,1596.383624,4000170.19351048
1729900800000,2024-10-26 00:00:00,ETH/USD,2436.96,2503.97,2428.37,2479.7,2266.689508,5620709.9729876
1729814400000,2024-10-25 00:00:00,ETH/USD,2534.13,2563.33,2380.01,2436.96,6145.994789,14977543.46100140
1729728000000,2024-10-24 00:00:00,ETH/USD,2522.61,2563.86,2505.33,2534.13,4089.971023,10364518.26851500
1729641600000,2024-10-23 00:00:00,ETH/USD,2621.04,2623.66,2450.0,2522.61,4514.93484,11389419.7767324
1729555200000,2024-10-22 00:00:00,ETH/USD,2665.09,2669.8,2604.26,2621.04,3988.875188,10455001.422755500
1729468800000,2024-10-21 00:00:00,ETH/USD,2746.75,2765.66,2654.81,2665.09,4004.790526,10673127.18293730
1729382400000,2024-10-20 00:00:00,ETH/USD,2647.79,2756.0,2630.0,2746.75,2295.364764,6304793.165517
1729296000000,2024-10-19 00:00:00,ETH/USD,2641.59,2662.85,2632.25,2647.79,356.811323,944761.4529261700
1729209600000,2024-10-18 00:00:00,ETH/USD,2603.64,2674.55,2595.28,2641.59,3722.536385,9833414.88925215
1729123200000,2024-10-17 00:00:00,ETH/USD,2610.52,2646.58,2575.0,2603.64,3724.676704,9697717.253602560
1729036800000,2024-10-16 00:00:00,ETH/USD,2607.1,2646.58,2578.26,2610.52,5411.003613,14125533.15180880
1728950400000,2024-10-15 00:00:00,ETH/USD,2629.19,2686.46,2534.51,2607.1,3593.840471,9369501.491944100
1728864000000,2024-10-14 00:00:00,ETH/USD,2467.56,2652.53,2443.92,2629.19,3932.393829,10339010.531268500
1728777600000,2024-10-13 00:00:00,ETH/USD,2475.98,2482.89,2436.08,2467.56,646.380195,1594981.9139742
1728691200000,2024-10-12 00:00:00,ETH/USD,2439.05,2489.14,2434.29,2475.98,910.264539,2253796.79327322
1728604800000,2024-10-11 00:00:00,ETH/USD,2383.91,2470.35,2380.39,2439.05,3103.18017,7568811.593638500
1728518400000,2024-10-10 00:00:00,ETH/USD,2368.39,2418.23,2328.25,2383.91,3095.27505,7378857.1444455
1728432000000,2024-10-09 00:00:00,ETH/USD,2439.42,2471.33,2350.37,2368.39,3483.27079,8249743.7063281
1728345600000,2024-10-08 00:00:00,ETH/USD,2421.66,2461.11,2400.36,2439.42,2155.638497,5258507.66235174
1728259200000,2024-10-07 00:00:00,ETH/USD,2439.31,2518.98,2403.41,2421.66,2893.247302,7006461.2613613200
1728172800000,2024-10-06 00:00:00,ETH/USD,2415.4,2455.69,2406.59,2439.31,576.75306,1406879.5067886
1728086400000,2024-10-05 00:00:00,ETH/USD,2416.44,2426.89,2390.52,2415.4,521.509222,1259653.3748188
1728000000000,2024-10-04 00:00:00,ETH/USD,2350.0,2440.29,2339.19,2416.44,2632.836449,6362091.30882156
1727913600000,2024-10-03 00:00:00,ETH/USD,2366.05,2401.82,2309.86,2350.0,2526.052167,5936222.592450000
1727827200000,2024-10-02 00:00:00,ETH/USD,2447.32,2498.14,2354.0,2366.05,2787.529827,6595434.9471733500
1727740800000,2024-10-01 00:00:00,ETH/USD,2601.61,2656.42,2414.35,2447.32,4094.896045,10021520.988849400
1727654400000,2024-09-30 00:00:00,ETH/USD,2658.13,2661.87,2574.37,2601.61,3172.160092,8252723.416948120
1727568000000,2024-09-29 00:00:00,ETH/USD,2677.97,2681.37,2635.1,2658.13,609.386846,1619829.45695798
1727481600000,2024-09-28 00:00:00,ETH/USD,2695.4,2702.92,2651.34,2677.97,497.716301,1332869.32258897
1727395200000,2024-09-27 00:00:00,ETH/USD,2631.9,2727.77,2615.96,2695.4,3614.62417,9742857.987818
1727308800000,2024-09-26 00:00:00,ETH/USD,2580.01,2665.24,2560.67,2631.9,2824.818808,7434640.6207752
1727222400000,2024-09-25 00:00:00,ETH/USD,2652.19,2675.32,2556.0,2580.01,2823.183502,7283841.666995020
1727136000000,2024-09-24 00:00:00,ETH/USD,2648.1,2671.32,2593.15,2652.19,3387.071813,8983157.99172047
1727049600000,2024-09-23 00:00:00,ETH/USD,2583.25,2702.19,2540.95,2648.1,3748.082155,9925296.3546555
1726963200000,2024-09-22 00:00:00,ETH/USD,2614.44,2630.08,2526.58,2583.25,632.548568,1634031.088286
1726876800000,2024-09-21 00:00:00,ETH/USD,2560.91,2620.42,2530.49,2614.44,804.463196,2103220.75815024
1726790400000,2024-09-20 00:00:00,ETH/USD,2465.29,2573.06,2439.34,2560.91,3807.998638,9751941.792040580
1726704000000,2024-09-19 00:00:00,ETH/USD,2374.56,2493.26,2374.56,2465.29,4999.678726,12325657.96642050
1726617600000,2024-09-18 00:00:00,ETH/USD,2342.23,2374.56,2276.8,2374.56,4128.504916,9803382.63333696
1726531200000,2024-09-17 00:00:00,ETH/USD,2295.49,2393.54,2263.78,2342.23,4076.0709,9547095.544107000
1726444800000,2024-09-16 00:00:00,ETH/USD,2320.0,2332.29,2254.11,2295.49,4236.053429,9723818.285735210
1726358400000,2024-09-15 00:00:00,ETH/USD,2417.78,2430.0,2285.0,2320.0,1309.87417,3038908.0744000000
1726272000000,2024-09-14 00:00:00,ETH/USD,2442.92,2442.92,2381.12,2417.78,760.829156,1839517.5167936800
1726185600000,2024-09-13 00:00:00,ETH/USD,2364.44,2462.82,2338.61,2442.92,4063.694948,9927281.66236816
1726099200000,2024-09-12 00:00:00,ETH/USD,2340.21,2392.02,2316.78,2364.44,2877.283475,6803164.139629000
1726012800000,2024-09-11 00:00:00,ETH/USD,2387.67,2389.36,2277.38,2340.21,4017.791645,9402476.18554545
1725926400000,2024-09-10 00:00:00,ETH/USD,2360.52,2399.0,2322.39,2387.67,2666.320918,6366294.46628106
1725840000000,2024-09-09 00:00:00,ETH/USD,2296.83,2380.98,2274.02,2360.52,4426.406029,10448619.95957510
1725753600000,2024-09-08 00:00:00,ETH/USD,2273.72,2332.16,2242.82,2296.83,740.3908,1700551.801164
1725667200000,2024-09-07 00:00:00,ETH/USD,2223.69,2310.13,2222.44,2273.72,1404.607061,3193683.1667369200
1725580800000,2024-09-06 00:00:00,ETH/USD,2367.2,2406.54,2150.28,2223.69,4487.201311,9978144.68325759
1725494400000,2024-09-05 00:00:00,ETH/USD,2448.58,2465.8,2348.28,2367.2,3764.565431,8911479.2882632
1725408000000,2024-09-04 00:00:00,ETH/USD,2421.31,2489.26,2308.79,2448.58,4176.668433,10226906.79167510
1725321600000,2024-09-03 00:00:00,ETH/USD,2537.9,2554.04,2412.15,2421.31,2900.843937,7023842.43309747
1725235200000,2024-09-02 00:00:00,ETH/USD,2428.19,2563.22,2424.88,2537.9,1490.034191,3781557.7733389
1725148800000,2024-09-01 00:00:00,ETH/USD,2513.58,2514.57,2400.0,2428.19,1106.000371,2685579.0408584900
1725062400000,2024-08-31 00:00:00,ETH/USD,2525.21,2530.0,2493.68,2513.58,407.224583,1023591.56733714
1724976000000,2024-08-30 00:00:00,ETH/USD,2528.54,2550.86,2430.63,2525.21,3484.131967,8798164.88438807
1724889600000,2024-08-29 00:00:00,ETH/USD,2527.89,2595.95,2506.39,2528.54,2519.897254,6371661.00262916
1724803200000,2024-08-28 00:00:00,ETH/USD,2458.39,2554.81,2419.62,2527.89,4812.356939,12165108.98252870
1724716800000,2024-08-27 00:00:00,ETH/USD,2680.53,2699.35,2398.09,2458.39,3734.884349,9181802.33473811
1724630400000,2024-08-26 00:00:00,ETH/USD,2748.24,2761.47,2667.62,2680.53,2646.863712,7094997.58592736
1724544000000,2024-08-25 00:00:00,ETH/USD,2769.04,2792.74,2737.04,2748.24,476.633651,1309903.6650242400
1724457600000,2024-08-24 00:00:00,ETH/USD,2764.0,2818.63,2737.88,2769.04,1267.023357,3508438.35646728
1724371200000,2024-08-23 00:00:00,ETH/USD,2622.91,2799.12,2622.38,2764.0,4584.381014,12671229.122696
1724284800000,2024-08-22 00:00:00,ETH/USD,2631.33,2644.42,2584.56,2622.91,2899.224332,7604404.492646120
1724198400000,2024-08-21 00:00:00,ETH/USD,2574.0,2663.95,2538.88,2631.33,6030.730002,15868840.77616270
1724112000000,2024-08-20 00:00:00,ETH/USD,2637.02,2696.32,2556.85,2574.0,3244.209459,8350595.147466
1724025600000,2024-08-19 00:00:00,ETH/USD,2612.3,2647.51,2565.17,2637.02,2610.737392,6884566.71745184
1723939200000,2024-08-18 00:00:00,ETH/USD,2614.78,2686.46,2595.96,2612.3,1295.899011,3385276.9864353
1723852800000,2024-08-17 00:00:00,ETH/USD,2593.03,2628.17,2590.0,2614.78,612.024023,1600308.1748599400
1723766400000,2024-08-16 00:00:00,ETH/USD,2570.25,2630.08,2553.2,2593.03,4210.077159,10916856.375601800
1723680000000,2024-08-15 00:00:00,ETH/USD,2663.47,2675.86,2516.34,2570.25,4708.6597,12102432.593925000
1723593600000,2024-08-14 00:00:00,ETH/USD,2703.54,2780.1,2636.1,2663.47,4877.282497,12990495.61228460
1723507200000,2024-08-13 00:00:00,ETH/USD,2723.23,2736.73,2612.85,2703.54,5596.495354,15130349.049353200
1723420800000,2024-08-12 00:00:00,ETH/USD,2555.19,2749.07,2511.55,2723.23,5648.067812,15380987.70767280
1723334400000,2024-08-11 00:00:00,ETH/USD,2611.02,2719.28,2542.33,2555.19,961.101364,2455796.5942791600
1723248000000,2024-08-10 00:00:00,ETH/USD,2600.09,2645.64,2581.44,2611.02,761.415688,1988071.5896817600
1723161600000,2024-08-09 00:00:00,ETH/USD,2684.95,2703.49,2555.0,2600.09,4388.099836,11409454.502585200
1723075200000,2024-08-08 00:00:00,ETH/USD,2337.05,2723.3,2324.69,2684.95,6838.731519,18361652.19193910
1722988800000,2024-08-07 00:00:00,ETH/USD,2462.06,2552.21,2310.0,2337.05,7560.003039,17668105.10229500
1722902400000,2024-08-06 00:00:00,ETH/USD,2417.14,2554.81,2417.14,2462.06,6540.847578,16103959.187890700
1722816000000,2024-08-05 00:00:00,ETH/USD,2684.88,2694.51,2111.0,2417.14,17691.519177,42762878.663493800
1722729600000,2024-08-04 00:00:00,ETH/USD,2902.62,2929.78,2625.28,2684.88,2291.153842,6151473.127308960
1722643200000,2024-08-03 00:00:00,ETH/USD,2986.14,3014.44,2859.0,2902.62,1581.286083,4589872.61023746
1722556800000,2024-08-02 00:00:00,ETH/USD,3200.88,3216.67,2965.55,2986.14,5703.345727,17030988.80922380
1722470400000,2024-08-01 00:00:00,ETH/USD,3230.09,3240.83,3076.38,3200.88,6932.253766,22189312.43451410
1722384000000,2024-07-31 00:00:00,ETH/USD,3277.95,3347.84,3215.0,3230.09,6047.806139,19534958.13152250
1722297600000,2024-07-30 00:00:00,ETH/USD,3319.93,3364.46,3232.5,3277.95,6977.272797,22871151.36492620
1722211200000,2024-07-29 00:00:00,ETH/USD,3270.28,3396.21,3258.88,3319.93,8192.266241,27197750.46148310
1722124800000,2024-07-28 00:00:00,ETH/USD,3247.74,3282.29,3200.0,3270.28,411.161595,1344613.5408966
1722038400000,2024-07-27 00:00:00,ETH/USD,3276.99,3326.19,3191.65,3247.74,1077.374996,3499033.86950904
1721952000000,2024-07-26 00:00:00,ETH/USD,3175.06,3287.26,3172.48,3276.99,9029.467111,29589473.428075900
1721865600000,2024-07-25 00:00:00,ETH/USD,3334.99,3341.23,3087.7,3175.06,9727.831008,30886447.120260500
1721779200000,2024-07-24 00:00:00,ETH/USD,3482.78,3485.69,3294.22,3334.99,11239.513856,37483666.31462140
1721692800000,2024-07-23 00:00:00,ETH/USD,3437.65,3539.07,3392.15,3482.78,9157.027868,31891913.51811300
1721606400000,2024-07-22 00:00:00,ETH/USD,3536.43,3561.03,3425.0,3437.65,2772.893249,9532236.47742485
1721520000000,2024-07-21 00:00:00,ETH/USD,3518.69,3545.98,3415.0,3536.43,1205.463959,4263038.908526370
1721433600000,2024-07-20 00:00:00,ETH/USD,3505.74,3538.93,3483.34,3518.69,770.975804,2712824.85177676
1721347200000,2024-07-19 00:00:00,ETH/USD,3424.96,3541.09,3377.06,3505.74,3383.995638,11863408.867962100
1721260800000,2024-07-18 00:00:00,ETH/USD,3388.46,3489.51,3368.98,3424.96,2864.475585,9810714.299601600
1721174400000,2024-07-17 00:00:00,ETH/USD,3446.0,3517.16,3377.0,3388.46,2810.980625,9524895.4085875
1721088000000,2024-07-16 00:00:00,ETH/USD,3485.4,3499.73,3349.21,3446.0,3607.865741,12432705.343486
1721001600000,2024-07-15 00:00:00,ETH/USD,3244.58,3495.49,3236.17,3485.4,3593.522767,12524864.2521018
1720915200000,2024-07-14 00:00:00,ETH/USD,3176.74,3269.0,3166.12,3244.58,1420.620525,4609316.9430045
1720828800000,2024-07-13 00:00:00,ETH/USD,3134.28,3201.7,3114.36,3176.74,449.884581,1429166.34384594
1720742400000,2024-07-12 00:00:00,ETH/USD,3099.36,3157.54,3046.29,3134.28,3803.545736,11921377.329430100
1720656000000,2024-07-11 00:00:00,ETH/USD,3101.34,3214.05,3055.0,3099.36,4285.732809,13283028.83890220
1720569600000,2024-07-10 00:00:00,ETH/USD,3063.19,3148.97,3026.54,3101.34,3576.838047,11092990.908683000
1720483200000,2024-07-09 00:00:00,ETH/USD,3017.6,3112.93,3005.66,3063.19,2465.804373,7553227.29732987
1720396800000,2024-07-08 00:00:00,ETH/USD,2930.91,3091.5,2823.75,3017.6,3651.719848,11019429.8133248
1720310400000,2024-07-07 00:00:00,ETH/USD,3067.59,3072.27,2921.49,2930.91,790.857303,2317931.57793573
1720224000000,2024-07-06 00:00:00,ETH/USD,2982.12,3079.67,2956.58,3067.59,731.127144,2242798.31566296
1720137600000,2024-07-05 00:00:00,ETH/USD,3058.64,3108.04,2812.11,2982.12,5122.288691,15275279.551204900
1720051200000,2024-07-04 00:00:00,ETH/USD,3293.56,3309.75,3050.82,3058.64,2743.463605,8391267.520797200
1719964800000,2024-07-03 00:00:00,ETH/USD,3417.26,3425.0,3250.0,3293.56,3802.159996,12522642.07642580
1719878400000,2024-07-02 00:00:00,ETH/USD,3439.43,3460.38,3398.5,3417.26,2648.206453,9049609.98357878
1719792000000,2024-07-01 00:00:00,ETH/USD,3432.06,3515.36,3420.17,3439.43,3097.302545,10652955.29234940
1719705600000,2024-06-30 00:00:00,ETH/USD,3373.13,3453.83,3350.4,3432.06,752.679111,2583239.86969866
1719619200000,2024-06-29 00:00:00,ETH/USD,3373.14,3400.0,3369.0,3373.13,339.931416,1146632.85725208
1719532800000,2024-06-28 00:00:00,ETH/USD,3444.52,3483.54,3361.69,3373.14,4522.479258,15254955.68433010
1719446400000,2024-06-27 00:00:00,ETH/USD,3370.0,3477.93,3359.87,3444.52,14571.315446,50191187.48005590
1719360000000,2024-06-26 00:00:00,ETH/USD,3393.7,3424.35,3323.87,3370.0,3929.052324,13240906.331880000
1719273600000,2024-06-25 00:00:00,ETH/USD,3349.8,3428.55,3334.6,3393.7,4371.931088,14837022.5333456
1719187200000,2024-06-24 00:00:00,ETH/USD,3418.55,3429.73,3233.0,3349.8,6161.431579,20639563.503334200
1719100800000,2024-06-23 00:00:00,ETH/USD,3495.25,3518.95,3407.78,3418.55,1240.842236,4241881.2258778
1719014400000,2024-06-22 00:00:00,ETH/USD,3516.66,3518.49,3478.89,3495.25,401.72914,1404143.7765850000
1718928000000,2024-06-21 00:00:00,ETH/USD,3510.6,3546.83,3446.13,3516.66,3593.658492,12637675.07247670
1718841600000,2024-06-20 00:00:00,ETH/USD,3559.18,3624.05,3484.34,3510.6,3866.269055,13572924.144483
1718755200000,2024-06-19 00:00:00,ETH/USD,3483.52,3586.63,3464.87,3559.18,3259.719665,11601929.0372747
1718668800000,2024-06-18 00:00:00,ETH/USD,3510.08,3514.61,3359.12,3483.52,6470.476048,22540032.72272900
1718582400000,2024-06-17 00:00:00,ETH/USD,3622.43,3636.59,3460.55,3510.08,5366.266422,18836024.442533800
1718496000000,2024-06-16 00:00:00,ETH/USD,3565.18,3650.0,3540.0,3622.43,1148.376099,4159912.03230057
1718409600000,2024-06-15 00:00:00,ETH/USD,3480.32,3589.87,3473.35,3565.18,596.580308,2126916.1824754400
1718323200000,2024-06-14 00:00:00,ETH/USD,3468.1,3529.52,3361.01,3480.32,4113.173343,14315159.449109800
1718236800000,2024-06-13 00:00:00,ETH/USD,3559.49,3559.49,3427.59,3468.1,4454.51654,15448708.812374000
1718150400000,2024-06-12 00:00:00,ETH/USD,3496.58,3656.34,3461.58,3559.49,5238.873241,18647716.91260710
1718064000000,2024-06-11 00:00:00,ETH/USD,3665.94,3670.98,3432.35,3496.58,7149.469562,24998692.28109800
1717977600000,2024-06-10 00:00:00,ETH/USD,3686.39,3712.85,3645.28,3665.94,1972.276869,7230248.66514186
1717891200000,2024-06-09 00:00:00,ETH/USD,3680.59,3720.47,3667.7,3686.39,581.207583,2142557.82189537
1717804800000,2024-06-08 00:00:00,ETH/USD,3678.0,3696.38,3663.0,3680.59,1330.319303,4896359.92342877
1717718400000,2024-06-07 00:00:00,ETH/USD,3812.12,3839.67,3580.51,3678.0,5042.156753,18545052.537534000
1717632000000,2024-06-06 00:00:00,ETH/USD,3865.95,3878.25,3760.0,3812.12,2464.937017,9396635.70124604
1717545600000,2024-06-05 00:00:00,ETH/USD,3810.63,3886.78,3776.6,3865.95,4019.897187,15540721.530082600
1717459200000,2024-06-04 00:00:00,ETH/USD,3766.53,3830.0,3730.35,3810.63,3015.208662,11489844.58367710
1717372800000,2024-06-03 00:00:00,ETH/USD,3780.48,3848.02,3758.2,3766.53,2421.246336,9119696.96193408
1717286400000,2024-06-02 00:00:00,ETH/USD,3813.0,3835.13,3752.76,3780.48,625.132841,2363302.2027436800
1717200000000,2024-06-01 00:00:00,ETH/USD,3762.3,3830.1,3749.72,3813.0,1307.044217,4983759.599421000
1717113600000,2024-05-31 00:00:00,ETH/USD,3746.59,3842.42,3720.0,3762.3,4234.616744,15931898.5759512
1717027200000,2024-05-30 00:00:00,ETH/USD,3762.17,3821.72,3702.64,3746.59,4702.59885,17618709.8254215
1716940800000,2024-05-29 00:00:00,ETH/USD,3840.1,3880.97,3740.0,3762.17,7433.282318,27965271.738310100
1716854400000,2024-05-28 00:00:00,ETH/USD,3890.56,3924.68,3771.22,3840.1,3344.578975,12843517.7218975
1716768000000,2024-05-27 00:00:00,ETH/USD,3824.24,3973.54,3822.46,3890.56,1752.390221,6817779.29821376
1716681600000,2024-05-26 00:00:00,ETH/USD,3749.28,3880.4,3735.08,3824.24,1645.986289,6294646.605845360
1716595200000,2024-05-25 00:00:00,ETH/USD,3727.17,3774.92,3709.3,3749.28,506.288987,1898219.17317936
1716508800000,2024-05-24 00:00:00,ETH/USD,3780.45,3825.54,3628.59,3727.17,4210.71954,15694067.5479018
1716422400000,2024-05-23 00:00:00,ETH/USD,3736.94,3946.72,3522.2,3780.45,9336.226098,35295135.952184100
1716336000000,2024-05-22 00:00:00,ETH/USD,3789.26,3811.41,3654.58,3736.94,3523.411034,13166775.629396000
1716249600000,2024-05-21 00:00:00,ETH/USD,3662.08,3835.08,3628.18,3789.26,8215.508706,31130698.519297600
1716163200000,2024-05-20 00:00:00,ETH/USD,3071.22,3690.19,3050.0,3662.08,6286.480907,23021595.99990660
1716076800000,2024-05-19 00:00:00,ETH/USD,3121.84,3135.5,3057.85,3071.22,1246.463001,3828162.09793122
1715990400000,2024-05-18 00:00:00,ETH/USD,3093.39,3146.0,3086.01,3121.84,581.338906,1814847.0503070400
1715904000000,2024-05-17 00:00:00,ETH/USD,2945.76,3121.31,2934.07,3093.39,7002.664581,21661972.58821960
1715817600000,2024-05-16 00:00:00,ETH/USD,3035.32,3041.83,2924.77,2945.76,3904.785767,11502561.72099790
1715731200000,2024-05-15 00:00:00,ETH/USD,2880.46,3041.57,2864.04,3035.32,3092.66048,9387214.2081536
1715644800000,2024-05-14 00:00:00,ETH/USD,2949.61,2959.82,2861.98,2880.46,2360.029002,6797969.13910092
1715558400000,2024-05-13 00:00:00,ETH/USD,2930.8,2991.82,2865.67,2949.61,1683.305085,4965093.51176685
1715472000000,2024-05-12 00:00:00,ETH/USD,2908.97,2951.52,2900.4,2930.8,789.00929,2312428.427132
1715385600000,2024-05-11 00:00:00,ETH/USD,2909.62,2942.22,2887.77,2908.97,430.582265,1252550.89141705
1715299200000,2024-05-10 00:00:00,ETH/USD,3036.52,3051.09,2877.53,2909.62,2233.956926,6499965.75102812
1715212800000,2024-05-09 00:00:00,ETH/USD,2972.63,3057.81,2950.17,3036.52,1873.869833,5690043.22530116
1715126400000,2024-05-08 00:00:00,ETH/USD,3004.25,3036.13,2938.32,2972.63,3267.490355,9713039.85398365
1715040000000,2024-05-07 00:00:00,ETH/USD,3062.43,3127.49,3001.01,3004.25,2239.122198,6726882.8633415
1714953600000,2024-05-06 00:00:00,ETH/USD,3138.66,3219.0,3046.16,3062.43,2917.011643,8933143.965872490
1714867200000,2024-05-05 00:00:00,ETH/USD,3117.56,3169.98,3075.24,3138.66,482.750811,1515190.66045326
1714780800000,2024-05-04 00:00:00,ETH/USD,3104.21,3165.55,3096.97,3117.56,1112.943965,3469669.5875254
1714694400000,2024-05-03 00:00:00,ETH/USD,2987.52,3125.0,2960.0,3104.21,2460.468908,7637812.18890268
1714608000000,2024-05-02 00:00:00,ETH/USD,2970.35,3014.29,2894.73,2987.52,2399.770015,7169360.9152128
1714521600000,2024-05-01 00:00:00,ETH/USD,3013.24,3019.4,2814.59,2970.35,4285.94914,12730769.027999000
1714435200000,2024-04-30 00:00:00,ETH/USD,3215.57,3248.18,2917.16,3013.24,4404.754356,13272582.01567340
1714348800000,2024-04-29 00:00:00,ETH/USD,3263.28,3284.49,3116.62,3215.57,2705.105033,8698454.59096381
1714262400000,2024-04-28 00:00:00,ETH/USD,3252.49,3354.59,3247.74,3263.28,1168.894501,3814430.04722328
1714176000000,2024-04-27 00:00:00,ETH/USD,3130.86,3280.57,3070.0,3252.49,1116.191698,3630402.3358280200
1714089600000,2024-04-26 00:00:00,ETH/USD,3156.11,3167.29,3094.96,3130.86,3084.623178,9657523.32307308
1714003200000,2024-04-25 00:00:00,ETH/USD,3138.68,3189.38,3072.2,3156.11,3428.966615,10822195.82326770
1713916800000,2024-04-24 00:00:00,ETH/USD,3221.0,3293.35,3103.29,3138.68,3627.59795,11385869.133706
1713830400000,2024-04-23 00:00:00,ETH/USD,3202.06,3266.0,3154.53,3221.0,3211.611201,10344599.678421
1713744000000,2024-04-22 00:00:00,ETH/USD,3146.85,3236.02,3130.59,3202.06,2357.144983,7547719.664264980
1713657600000,2024-04-21 00:00:00,ETH/USD,3157.28,3197.46,3117.65,3146.85,3715.877454,11693308.9661199
1713571200000,2024-04-20 00:00:00,ETH/USD,3059.79,3169.64,3021.99,3157.28,544.972271,1720630.05178288
1713484800000,2024-04-19 00:00:00,ETH/USD,3065.78,3124.0,2865.77,3059.79,5708.198113,17465887.50417630
1713398400000,2024-04-18 00:00:00,ETH/USD,2985.45,3095.0,2954.42,3065.78,4665.67529,14303933.990576200
1713312000000,2024-04-17 00:00:00,ETH/USD,3085.24,3123.2,2910.99,2985.45,7363.525392,21983436.881546400
1713225600000,2024-04-16 00:00:00,ETH/USD,3100.47,3124.13,2989.69,3085.24,4260.572657,13144889.184282700
1713139200000,2024-04-15 00:00:00,ETH/USD,3157.83,3279.5,3025.89,3100.47,2557.387778,7929104.084055660
1713052800000,2024-04-14 00:00:00,ETH/USD,3011.51,3174.97,2912.68,3157.83,2702.027753,8532544.29925599
1712966400000,2024-04-13 00:00:00,ETH/USD,3246.23,3299.0,2810.79,3011.51,4058.011637,12220742.62494190
1712880000000,2024-04-12 00:00:00,ETH/USD,3500.0,3551.59,3100.0,3246.23,4127.928744,13400206.12663510
1712793600000,2024-04-11 00:00:00,ETH/USD,3544.75,3618.98,3471.39,3500.0,2284.157729,7994552.0515
1712707200000,2024-04-10 00:00:00,ETH/USD,3505.81,3560.4,3412.27,3544.75,3840.135266,13612319.4841535
1712620800000,2024-04-09 00:00:00,ETH/USD,3693.53,3724.09,3453.18,3505.81,3683.173769,12912507.43109790
1712534400000,2024-04-08 00:00:00,ETH/USD,3453.78,3727.12,3407.11,3693.53,4200.976738,15516433.611105100
1712448000000,2024-04-07 00:00:00,ETH/USD,3351.76,3458.69,3346.26,3453.78,863.715449,2983083.1434472200
1712361600000,2024-04-06 00:00:00,ETH/USD,3320.0,3395.57,3308.76,3351.76,653.404547,2190055.22445272
1712275200000,2024-04-05 00:00:00,ETH/USD,3329.3,3346.14,3211.86,3320.0,3262.551774,10831671.88968
1712188800000,2024-04-04 00:00:00,ETH/USD,3311.87,3444.59,3251.76,3329.3,4381.068048,14585889.852206400
1712102400000,2024-04-03 00:00:00,ETH/USD,3277.98,3371.84,3204.99,3311.87,3856.275742,12771483.94165750
1712016000000,2024-04-02 00:00:00,ETH/USD,3505.96,3507.66,3213.82,3277.98,7740.591204,25373503.154887900
1711929600000,2024-04-01 00:00:00,ETH/USD,3645.21,3646.32,3414.97,3505.96,4252.550921,14909273.42698920
1711843200000,2024-03-31 00:00:00,ETH/USD,3507.79,3653.26,3506.32,3645.21,1773.575678,6465055.797202380
1711756800000,2024-03-30 00:00:00,ETH/USD,3511.36,3561.69,3490.0,3507.79,670.045004,2350377.1645811600
1711670400000,2024-03-29 00:00:00,ETH/USD,3561.85,3583.77,3472.03,3511.36,2407.141666,8452340.96032576
1711584000000,2024-03-28 00:00:00,ETH/USD,3498.83,3611.6,3465.61,3561.85,6546.930854,23319185.6623199
1711497600000,2024-03-27 00:00:00,ETH/USD,3587.14,3662.87,3460.01,3498.83,5707.622034,19969999.201220200
1711411200000,2024-03-26 00:00:00,ETH/USD,3591.14,3678.78,3545.66,3587.14,5872.207892,21064431.81770890
1711324800000,2024-03-25 00:00:00,ETH/USD,3453.8,3658.66,3418.29,3591.14,8924.905145,32050583.862415300
1711238400000,2024-03-24 00:00:00,ETH/USD,3333.22,3469.44,3301.12,3453.8,1438.376323,4967864.1443774
1711152000000,2024-03-23 00:00:00,ETH/USD,3333.38,3434.04,3278.97,3333.22,856.868999,2856132.88484678
1711065600000,2024-03-22 00:00:00,ETH/USD,3492.34,3541.12,3253.7,3333.38,8618.784696,28729684.52995250
1710979200000,2024-03-21 00:00:00,ETH/USD,3513.68,3588.85,3412.3,3492.34,6594.469819,23030130.72768650
1710892800000,2024-03-20 00:00:00,ETH/USD,3160.48,3535.0,3060.0,3513.68,11897.85572,41805257.6862496
1710806400000,2024-03-19 00:00:00,ETH/USD,3520.25,3545.51,3150.0,3160.48,7911.992769,25005694.906569100
1710720000000,2024-03-18 00:00:00,ETH/USD,3641.17,3641.17,3452.01,3520.25,5748.007958,20234425.014149500
1710633600000,2024-03-17 00:00:00,ETH/USD,3520.5,3675.72,3414.0,3641.17,3572.497429,13008070.463551900
1710547200000,2024-03-16 00:00:00,ETH/USD,3735.93,3780.0,3466.96,3520.5,2581.312764,9087511.585662
1710460800000,2024-03-15 00:00:00,ETH/USD,3881.66,3930.0,3572.18,3735.93,13195.791932,49298554.95251680
1710374400000,2024-03-14 00:00:00,ETH/USD,4006.57,4012.53,3720.0,3881.66,7439.612343,28878045.64732940
1710288000000,2024-03-13 00:00:00,ETH/USD,3979.34,4081.35,3936.94,4006.57,6949.359788,27843096.44580720
1710201600000,2024-03-12 00:00:00,ETH/USD,4065.86,4093.02,3832.79,3979.34,9768.044124,38870368.70439820
1710115200000,2024-03-11 00:00:00,ETH/USD,3880.45,4090.63,3734.04,4065.86,9241.750803,37575664.91988560
1710028800000,2024-03-10 00:00:00,ETH/USD,3915.47,3970.06,3796.12,3880.45,2738.463373,10626470.19575790
1709942400000,2024-03-09 00:00:00,ETH/USD,3892.65,3950.99,3856.25,3915.47,1897.971764,7431451.502789080
1709856000000,2024-03-08 00:00:00,ETH/USD,3875.96,3999.0,3826.24,3892.65,9964.578399,38788616.104867400
1709769600000,2024-03-07 00:00:00,ETH/USD,3821.92,3940.0,3738.52,3875.96,4383.358479,16989722.13026480
1709683200000,2024-03-06 00:00:00,ETH/USD,3561.22,3901.73,3501.98,3821.92,14523.333723,55507019.62260820
1709596800000,2024-03-05 00:00:00,ETH/USD,3632.17,3825.54,3199.08,3561.22,14427.408101,51379174.27744320
1709510400000,2024-03-04 00:00:00,ETH/USD,3490.1,3642.94,3429.62,3632.17,6083.870917,22097653.42859990
1709424000000,2024-03-03 00:00:00,ETH/USD,3423.46,3492.3,3367.14,3490.1,1561.05528,5448239.032728
1709337600000,2024-03-02 00:00:00,ETH/USD,3435.36,3462.31,3398.83,3423.46,1381.905141,4730896.97400786
1709251200000,2024-03-01 00:00:00,ETH/USD,3341.12,3453.14,3340.92,3435.36,6530.605966,22434982.511357800
1709164800000,2024-02-29 00:00:00,ETH/USD,3388.01,3524.51,3303.29,3341.12,13788.687,46069657.909440000
1709078400000,2024-02-28 00:00:00,ETH/USD,3244.22,3464.24,3185.0,3388.01,11646.276932,39457702.708385300
1708992000000,2024-02-27 00:00:00,ETH/USD,3178.11,3291.0,3168.0,3244.22,8273.842449,26842165.149894800
1708905600000,2024-02-26 00:00:00,ETH/USD,3114.14,3198.0,3037.01,3178.11,7093.214171,22543014.88899680
1708819200000,2024-02-25 00:00:00,ETH/USD,2992.54,3115.0,2984.63,3114.14,3778.842128,11767843.42448990
1708732800000,2024-02-24 00:00:00,ETH/USD,2923.55,3002.93,2907.39,2992.54,1236.919055,3701529.7488497
1708646400000,2024-02-23 00:00:00,ETH/USD,2971.58,2991.35,2907.63,2923.55,4744.576923,13871007.863236600
1708560000000,2024-02-22 00:00:00,ETH/USD,2967.84,3035.08,2906.57,2971.58,5432.241996,16142341.670473700
1708473600000,2024-02-21 00:00:00,ETH/USD,3015.21,3017.32,2867.39,2967.84,5538.942829,16438696.08561940
1708387200000,2024-02-20 00:00:00,ETH/USD,2944.78,3032.64,2875.0,3015.21,15350.949033,46286335.03379190
1708300800000,2024-02-19 00:00:00,ETH/USD,2878.65,2983.55,2858.87,2944.78,3265.766099,9616962.693013220
1708214400000,2024-02-18 00:00:00,ETH/USD,2786.57,2894.15,2766.59,2878.65,1717.103687,4942940.528582550
1708128000000,2024-02-17 00:00:00,ETH/USD,2803.45,2806.8,2720.0,2786.57,5260.592965,14659010.53848010
1708041600000,2024-02-16 00:00:00,ETH/USD,2822.82,2859.96,2746.34,2803.45,7224.324345,20253032.084990200
1707955200000,2024-02-15 00:00:00,ETH/USD,2777.66,2868.0,2763.16,2822.82,8324.758562,23499294.963984800
1707868800000,2024-02-14 00:00:00,ETH/USD,2642.84,2788.57,2620.14,2777.66,7181.854542,19948750.08713170
1707782400000,2024-02-13 00:00:00,ETH/USD,2660.11,2687.09,2591.35,2642.84,6884.14455,18193692.582522
1707696000000,2024-02-12 00:00:00,ETH/USD,2505.48,2665.34,2472.12,2660.11,6477.783162,17231615.76706780
1707609600000,2024-02-11 00:00:00,ETH/USD,2501.14,2539.22,2494.33,2505.48,1020.423336,2556650.25988128
1707523200000,2024-02-10 00:00:00,ETH/USD,2487.65,2516.82,2474.28,2501.14,841.806833,2105476.74228962
1707436800000,2024-02-09 00:00:00,ETH/USD,2419.92,2524.68,2419.3,2487.65,6750.120453,16791937.14490550
1707350400000,2024-02-08 00:00:00,ETH/USD,2424.74,2462.09,2411.67,2419.92,3248.014174,7859934.45994608
1707264000000,2024-02-07 00:00:00,ETH/USD,2371.58,2445.0,2353.24,2424.74,4016.951326,9740062.55820524
1707177600000,2024-02-06 00:00:00,ETH/USD,2299.29,2390.56,2296.55,2371.58,3496.133811,8291361.02349138
1707091200000,2024-02-05 00:00:00,ETH/USD,2288.36,2335.43,2268.39,2299.29,2604.025756,5987410.38051324
1707004800000,2024-02-04 00:00:00,ETH/USD,2295.82,2309.08,2269.0,2288.36,902.497344,2065238.8221158400
1706918400000,2024-02-03 00:00:00,ETH/USD,2308.17,2327.19,2293.0,2295.82,568.123031,1304308.21703042
1706832000000,2024-02-02 00:00:00,ETH/USD,2303.89,2322.86,2280.49,2308.17,2577.917061,5950270.82268837
1706745600000,2024-02-01 00:00:00,ETH/USD,2281.3,2310.84,2239.86,2303.89,2846.85663,6558844.5212907
1706659200000,2024-01-31 00:00:00,ETH/USD,2343.01,2349.78,2261.86,2281.3,3080.672371,7027937.879962300
1706572800000,2024-01-30 00:00:00,ETH/USD,2315.92,2390.56,2298.12,2343.01,2633.076698,6169325.03418098
1706486400000,2024-01-29 00:00:00,ETH/USD,2256.87,2320.95,2234.58,2315.92,2336.503266,5411154.643794720
1706400000000,2024-01-28 00:00:00,ETH/USD,2268.28,2306.67,2241.54,2256.87,864.330817,1950682.29096279
1706313600000,2024-01-27 00:00:00,ETH/USD,2268.65,2281.54,2251.9,2268.28,618.030303,1401865.77568884
1706227200000,2024-01-26 00:00:00,ETH/USD,2218.28,2281.71,2195.49,2268.65,1913.179663,4340335.04246495
1706140800000,2024-01-25 00:00:00,ETH/USD,2233.01,2240.56,2170.42,2218.28,2592.00815,5749799.838982000
1706054400000,2024-01-24 00:00:00,ETH/USD,2241.84,2262.69,2196.11,2233.01,3496.331047,7807342.191261470
1705968000000,2024-01-23 00:00:00,ETH/USD,2309.56,2348.39,2166.2,2241.84,7066.533501,15842037.46388180
1705881600000,2024-01-22 00:00:00,ETH/USD,2455.3,2463.42,2302.76,2309.56,5458.420038,12606548.58296330
1705795200000,2024-01-21 00:00:00,ETH/USD,2469.27,2480.49,2450.89,2455.3,724.464191,1778776.9281623000
1705708800000,2024-01-20 00:00:00,ETH/USD,2489.68,2492.57,2453.42,2469.27,576.286925,1423008.01529475
1705622400000,2024-01-19 00:00:00,ETH/USD,2466.86,2501.54,2412.92,2489.68,6072.196699,15117826.67756630
1705536000000,2024-01-18 00:00:00,ETH/USD,2527.24,2545.41,2423.17,2466.86,4512.085828,11130684.04566010
1705449600000,2024-01-17 00:00:00,ETH/USD,2587.02,2594.13,2506.17,2527.24,4139.628943,10461835.849907300
1705363200000,2024-01-16 00:00:00,ETH/USD,2510.24,2612.34,2498.21,2587.02,5563.878139,14393864.02315580
1705276800000,2024-01-15 00:00:00,ETH/USD,2470.0,2551.06,2470.0,2510.24,2258.440086,5669226.64148064
1705190400000,2024-01-14 00:00:00,ETH/USD,2579.31,2579.31,2469.26,2470.0,2727.500828,6736927.04516
1705104000000,2024-01-13 00:00:00,ETH/USD,2524.66,2590.0,2500.0,2579.31,1873.778111,4833054.61948341
1705017600000,2024-01-12 00:00:00,ETH/USD,2618.41,2717.11,2459.51,2524.66,13171.898763,33254565.930995600
1704931200000,2024-01-11 00:00:00,ETH/USD,2582.98,2691.55,2567.82,2618.41,10572.662349,27683564.82124510
1704844800000,2024-01-10 00:00:00,ETH/USD,2345.05,2642.56,2341.04,2582.98,17057.504335,44059192.5472183
1704758400000,2024-01-09 00:00:00,ETH/USD,2332.36,2371.66,2227.81,2345.05,12017.76029,28182248.768064500
1704672000000,2024-01-08 00:00:00,ETH/USD,2221.25,2361.33,2167.69,2332.36,7853.682401,18317614.68479640
1704585600000,2024-01-07 00:00:00,ETH/USD,2240.78,2255.7,2206.35,2221.25,1234.455988,2742035.363345
1704499200000,2024-01-06 00:00:00,ETH/USD,2270.51,2271.9,2218.87,2240.78,945.621524,2118929.7985487200
1704412800000,2024-01-05 00:00:00,ETH/USD,2269.27,2278.26,2208.06,2270.51,5669.475929,12872601.791553800
1704326400000,2024-01-04 00:00:00,ETH/USD,2210.45,2296.92,2200.0,2269.27,4133.717653,9380521.458423310
1704240000000,2024-01-03 00:00:00,ETH/USD,2358.32,2385.17,2100.0,2210.45,7204.983131,15926254.961918900
1704153600000,2024-01-02 00:00:00,ETH/USD,2351.76,2433.73,2342.87,2358.32,5338.938188,12590924.707524200
1704067200000,2024-01-01 00:00:00,ETH/USD,2282.0,2351.76,2267.2,2351.76,3332.094428,7836286.3919932800
1703980800000,2023-12-31 00:00:00,ETH/USD,2293.15,2318.53,2263.78,2282.0,2176.522883,4966825.219006
1703894400000,2023-12-30 00:00:00,ETH/USD,2299.28,2322.34,2269.49,2293.15,2521.211115,5781515.26836225
1703808000000,2023-12-29 00:00:00,ETH/USD,2346.34,2386.03,2258.99,2299.28,4079.777216,9380550.15720448
1703721600000,2023-12-28 00:00:00,ETH/USD,2380.03,2447.0,2337.05,2346.34,6034.204112,14158294.476150100
1703635200000,2023-12-27 00:00:00,ETH/USD,2231.35,2393.0,2213.16,2380.03,6794.135212,16170245.628616400
1703548800000,2023-12-26 00:00:00,ETH/USD,2271.65,2275.11,2180.0,2231.35,4393.929993,9804395.68988055
1703462400000,2023-12-25 00:00:00,ETH/USD,2265.21,2301.79,2255.74,2271.65,1203.189337,2733225.05739605
1703376000000,2023-12-24 00:00:00,ETH/USD,2310.0,2326.34,2246.07,2265.21,1871.751931,4239911.19162051
1703289600000,2023-12-23 00:00:00,ETH/USD,2326.46,2332.21,2268.9,2310.0,1873.185898,4327059.42438
1703203200000,2023-12-22 00:00:00,ETH/USD,2239.55,2343.51,2231.89,2326.46,5837.18884,13579986.3487064
1703116800000,2023-12-21 00:00:00,ETH/USD,2201.98,2278.49,2183.11,2239.55,4200.393813,9406991.96390415
1703030400000,2023-12-20 00:00:00,ETH/USD,2177.54,2264.52,2157.01,2201.98,4639.906689,10216981.731044200
1702944000000,2023-12-19 00:00:00,ETH/USD,2217.93,2253.66,2136.17,2177.54,3537.44187,7702921.1695998
1702857600000,2023-12-18 00:00:00,ETH/USD,2194.85,2222.77,2114.85,2217.93,4172.994626,9255409.97084418
1702771200000,2023-12-17 00:00:00,ETH/USD,2227.38,2245.51,2189.94,2194.85,1324.471837,2907017.01143945
1702684800000,2023-12-16 00:00:00,ETH/USD,2220.0,2261.15,2211.42,2227.38,1239.227526,2760230.60686188
1702598400000,2023-12-15 00:00:00,ETH/USD,2316.26,2317.7,2205.0,2220.0,3288.985864,7301548.61808
1702512000000,2023-12-14 00:00:00,ETH/USD,2260.93,2332.04,2228.04,2316.26,5207.842867,12062718.119117400
1702425600000,2023-12-13 00:00:00,ETH/USD,2202.01,2285.25,2146.43,2260.93,4834.257294,10929917.34372340
1702339200000,2023-12-12 00:00:00,ETH/USD,2224.74,2242.87,2165.4,2202.01,3650.878353,8039270.642089530
1702252800000,2023-12-11 00:00:00,ETH/USD,2352.31,2354.87,2150.0,2224.74,6605.566541,14695668.10642430
1702166400000,2023-12-10 00:00:00,ETH/USD,2339.96,2376.54,2323.71,2352.31,1391.455856,3273135.52462736
1702080000000,2023-12-09 00:00:00,ETH/USD,2358.53,2404.08,2330.73,2339.96,1454.22197,3402821.2409212000
1701993600000,2023-12-08 00:00:00,ETH/USD,2357.54,2392.37,2338.04,2358.53,5258.651714,12402687.82702040
1701907200000,2023-12-07 00:00:00,ETH/USD,2234.0,2384.85,2223.19,2357.54,6077.207915,14327260.7479291
1701820800000,2023-12-06 00:00:00,ETH/USD,2293.89,2311.18,2220.6,2234.0,3981.001459,8893557.259406
1701734400000,2023-12-05 00:00:00,ETH/USD,2243.61,2308.0,2190.21,2293.89,4271.720053,9798855.91237617
1701648000000,2023-12-04 00:00:00,ETH/USD,2193.73,2274.2,2192.79,2243.61,5230.727539,11735712.613775800
1701561600000,2023-12-03 00:00:00,ETH/USD,2165.85,2215.29,2152.05,2193.73,2502.506296,5489823.13672408
1701475200000,2023-12-02 00:00:00,ETH/USD,2088.08,2184.67,2087.36,2165.85,3447.172034,7466057.5498389
1701388800000,2023-12-01 00:00:00,ETH/USD,2052.12,2110.75,2045.89,2088.08,5431.0516,11340470.224928
1701302400000,2023-11-30 00:00:00,ETH/USD,2029.47,2054.96,2022.0,2052.12,2120.194457,4350893.449098840
1701216000000,2023-11-29 00:00:00,ETH/USD,2049.29,2075.0,2020.0,2029.47,3016.752034,6122407.750441980
1701129600000,2023-11-28 00:00:00,ETH/USD,2027.77,2075.43,1995.57,2049.29,2250.993944,4612939.3794997600
1701043200000,2023-11-27 00:00:00,ETH/USD,2062.84,2070.94,1986.19,2027.77,4066.565549,8246059.62329573
1700956800000,2023-11-26 00:00:00,ETH/USD,2084.86,2094.53,2039.83,2062.84,1176.184503,2426280.44016852
1700870400000,2023-11-25 00:00:00,ETH/USD,2082.65,2092.1,2067.98,2084.86,604.954314,1261245.05108604
1700784000000,2023-11-24 00:00:00,ETH/USD,2062.16,2133.98,2062.16,2082.65,2840.813987,5916421.25002555
1700697600000,2023-11-23 00:00:00,ETH/USD,2063.82,2087.88,2041.0,2062.16,2350.129907,4846343.88901912
1700611200000,2023-11-22 00:00:00,ETH/USD,1938.52,2093.2,1929.15,2063.82,5297.357316,10932791.97590710
1700524800000,2023-11-21 00:00:00,ETH/USD,2021.6,2035.0,1933.49,1938.52,4375.383687,8481768.784923240
1700438400000,2023-11-20 00:00:00,ETH/USD,2012.86,2069.14,1992.2,2021.6,6796.300602,13739401.2970032
1700352000000,2023-11-19 00:00:00,ETH/USD,1962.04,2016.07,1944.64,2012.86,1820.611863,3664636.79455818
1700265600000,2023-11-18 00:00:00,ETH/USD,1962.88,1972.12,1918.15,1962.04,1157.881248,2271809.32382592
1700179200000,2023-11-17 00:00:00,ETH/USD,1961.82,1991.26,1906.56,1962.88,3585.300511,7037514.66703168
1700092800000,2023-11-16 00:00:00,ETH/USD,2060.46,2091.93,1939.57,1961.82,7721.407345,15148011.357567900
1700006400000,2023-11-15 00:00:00,ETH/USD,1981.56,2063.39,1969.0,2060.46,3584.446338,7385608.30159548
1699920000000,2023-11-14 00:00:00,ETH/USD,2053.73,2064.5,1934.4,1981.56,3873.357455,7675290.1985298000
1699833600000,2023-11-13 00:00:00,ETH/USD,2047.67,2118.71,2031.67,2053.73,6810.910697,13987771.625749800
1699747200000,2023-11-12 00:00:00,ETH/USD,2053.98,2067.05,2016.0,2047.67,2384.958788,4883608.56142396
1699660800000,2023-11-11 00:00:00,ETH/USD,2078.42,2090.5,2033.48,2053.98,2213.11484,4545693.6190632
1699574400000,2023-11-10 00:00:00,ETH/USD,2120.89,2136.45,2066.84,2078.42,5295.421281,11006109.498856000
1699488000000,2023-11-09 00:00:00,ETH/USD,1889.15,2132.99,1883.94,2120.89,10180.285376,21591265.451104600
1699401600000,2023-11-08 00:00:00,ETH/USD,1888.0,1905.43,1872.32,1889.15,2768.555278,5230216.2034337
1699315200000,2023-11-07 00:00:00,ETH/USD,1901.07,1908.01,1851.98,1888.0,3567.254157,6734975.848416
1699228800000,2023-11-06 00:00:00,ETH/USD,1893.84,1915.26,1871.41,1901.07,3244.785515,6168564.39900105
1699142400000,2023-11-05 00:00:00,ETH/USD,1856.61,1911.33,1848.17,1893.84,3120.71728,5910139.213555200
1699056000000,2023-11-04 00:00:00,ETH/USD,1832.8,1869.5,1827.06,1856.61,1221.484512,2267820.35982432
1698969600000,2023-11-03 00:00:00,ETH/USD,1801.03,1834.69,1778.47,1832.8,3364.938541,6167259.3579448
1698883200000,2023-11-02 00:00:00,ETH/USD,1847.78,1874.89,1786.0,1801.03,3794.348829,6833736.07149387
1698796800000,2023-11-01 00:00:00,ETH/USD,1816.19,1870.0,1786.0,1847.78,6212.761029,11479815.57416560
1698710400000,2023-10-31 00:00:00,ETH/USD,1810.05,1820.0,1783.35,1816.19,2364.249773,4293926.795224870
1698624000000,2023-10-30 00:00:00,ETH/USD,1795.93,1830.01,1778.88,1810.05,2594.38537,4695967.2389685
1698537600000,2023-10-29 00:00:00,ETH/USD,1776.7,1812.68,1764.14,1795.93,1268.988792,2279015.04121656
1698451200000,2023-10-28 00:00:00,ETH/USD,1780.36,1802.58,1773.11,1776.7,1326.52185,2356831.370895
1698364800000,2023-10-27 00:00:00,ETH/USD,1804.39,1804.39,1750.0,1780.36,3263.969502,5811040.742580720
1698278400000,2023-10-26 00:00:00,ETH/USD,1787.62,1865.44,1763.88,1804.39,3983.153377,7187162.121925030
1698192000000,2023-10-25 00:00:00,ETH/USD,1783.66,1819.88,1760.94,1787.62,2834.599558,5067186.86187196
1698105600000,2023-10-24 00:00:00,ETH/USD,1764.2,1853.69,1755.55,1783.66,5870.941201,10471762.98257570
1698019200000,2023-10-23 00:00:00,ETH/USD,1664.38,1795.63,1658.72,1764.2,4266.096407,7526247.2812294
1697932800000,2023-10-22 00:00:00,ETH/USD,1629.46,1668.05,1624.31,1664.38,1558.675237,2594227.89095806
1697846400000,2023-10-21 00:00:00,ETH/USD,1604.52,1642.9,1593.08,1629.46,806.976149,1314935.35574954
1697760000000,2023-10-20 00:00:00,ETH/USD,1567.62,1634.84,1562.56,1604.52,2797.578106,4488770.02263912
1697673600000,2023-10-19 00:00:00,ETH/USD,1563.63,1575.17,1542.96,1567.62,2602.119984,4079135.3293180800
1697587200000,2023-10-18 00:00:00,ETH/USD,1565.11,1585.28,1556.0,1563.63,2354.85257,3682118.1240291000
1697500800000,2023-10-17 00:00:00,ETH/USD,1600.23,1600.83,1554.17,1565.11,2049.208277,3207236.36641547
1697414400000,2023-10-16 00:00:00,ETH/USD,1558.05,1640.0,1555.82,1600.23,2389.915007,3824413.69165161
1697328000000,2023-10-15 00:00:00,ETH/USD,1555.3,1565.62,1550.0,1558.05,507.429349,790600.2972094500
1697241600000,2023-10-14 00:00:00,ETH/USD,1551.66,1560.24,1545.81,1555.3,456.961223,710711.7901319
1697155200000,2023-10-13 00:00:00,ETH/USD,1539.23,1573.89,1537.42,1551.66,1462.269915,2268945.7363089
1697068800000,2023-10-12 00:00:00,ETH/USD,1566.9,1566.9,1522.41,1539.23,4760.920162,7328151.140955260
1696982400000,2023-10-11 00:00:00,ETH/USD,1567.8,1577.97,1545.2,1566.9,2585.087114,4050572.9989266
1696896000000,2023-10-10 00:00:00,ETH/USD,1580.35,1594.11,1551.0,1567.8,2268.244482,3556153.6988796
1696809600000,2023-10-09 00:00:00,ETH/USD,1633.68,1635.76,1549.09,1580.35,2256.315629,3565768.40429015
1696723200000,2023-10-08 00:00:00,ETH/USD,1634.42,1641.61,1618.88,1633.68,561.288137,916965.20365416
1696636800000,2023-10-07 00:00:00,ETH/USD,1646.22,1649.35,1631.23,1634.42,521.326395,852066.2865159000
1696550400000,2023-10-06 00:00:00,ETH/USD,1610.85,1660.0,1610.85,1646.22,1862.160725,3065526.2287095
1696464000000,2023-10-05 00:00:00,ETH/USD,1646.95,1654.94,1609.32,1610.85,1847.026132,2975282.0447322
1696377600000,2023-10-04 00:00:00,ETH/USD,1657.88,1657.88,1626.35,1646.95,1886.668821,3107249.21474595
1696291200000,2023-10-03 00:00:00,ETH/USD,1663.59,1669.97,1644.69,1657.88,1505.56108,2496039.6033104
1696204800000,2023-10-02 00:00:00,ETH/USD,1731.9,1742.94,1638.65,1663.59,3771.120245,6273597.92837955
1696118400000,2023-10-01 00:00:00,ETH/USD,1670.77,1755.17,1669.15,1731.9,2597.109588,4497934.0954572
1696032000000,2023-09-30 00:00:00,ETH/USD,1667.26,1693.65,1666.26,1670.77,1296.91513,2166846.8917501
1695945600000,2023-09-29 00:00:00,ETH/USD,1653.11,1687.0,1648.66,1667.26,2445.710712,4077635.64168912
1695859200000,2023-09-28 00:00:00,ETH/USD,1597.03,1666.0,1596.89,1653.11,1713.998727,2833428.43559097
1695772800000,2023-09-27 00:00:00,ETH/USD,1599.99,1632.35,1583.33,1597.03,2775.774974,4432995.90672722
1695686400000,2023-09-26 00:00:00,ETH/USD,1588.12,1600.0,1580.01,1599.99,1159.335619,1854925.39704381
1695600000000,2023-09-25 00:00:00,ETH/USD,1580.67,1596.93,1563.14,1588.12,1896.67037,3012140.1480044
1695513600000,2023-09-24 00:00:00,ETH/USD,1594.05,1600.0,1571.48,1580.67,604.66265,955772.1109755
1695427200000,2023-09-23 00:00:00,ETH/USD,1593.03,1598.03,1588.95,1594.05,509.112015,811550.00751075
1695340800000,2023-09-22 00:00:00,ETH/USD,1584.11,1601.58,1579.85,1593.03,1386.475665,2208697.3286149500
1695254400000,2023-09-21 00:00:00,ETH/USD,1622.56,1624.8,1568.98,1584.11,2175.222639,3445791.93466629
1695168000000,2023-09-20 00:00:00,ETH/USD,1643.42,1654.0,1606.0,1622.56,2244.514353,3641859.20860368
1695081600000,2023-09-19 00:00:00,ETH/USD,1637.18,1660.99,1627.42,1643.42,2386.257772,3921623.74766024
1694995200000,2023-09-18 00:00:00,ETH/USD,1623.26,1668.36,1606.0,1637.18,2389.422833,3911915.27373094
1694908800000,2023-09-17 00:00:00,ETH/USD,1634.98,1636.93,1613.38,1623.26,542.152048,880053.73343648
1694822400000,2023-09-16 00:00:00,ETH/USD,1644.12,1653.09,1632.81,1634.98,631.166033,1031943.84063434
1694736000000,2023-09-15 00:00:00,ETH/USD,1626.69,1652.53,1611.49,1644.12,1974.546241,3246390.9657529200
1694649600000,2023-09-14 00:00:00,ETH/USD,1608.42,1643.99,1607.69,1626.69,2694.024184,4382342.19987096
1694563200000,2023-09-13 00:00:00,ETH/USD,1592.27,1618.34,1582.23,1608.42,3114.06581,5008725.730120200
1694476800000,2023-09-12 00:00:00,ETH/USD,1551.0,1624.22,1549.35,1592.27,2755.342443,4387249.11171561
1694390400000,2023-09-11 00:00:00,ETH/USD,1617.05,1618.54,1533.0,1551.0,3505.286121,5436698.773671
1694304000000,2023-09-10 00:00:00,ETH/USD,1635.01,1635.51,1598.58,1617.05,1379.250457,2230316.95149185
1694217600000,2023-09-09 00:00:00,ETH/USD,1636.12,1636.57,1630.34,1635.01,420.150514,686950.29189514
1694131200000,2023-09-08 00:00:00,ETH/USD,1647.84,1658.08,1617.04,1636.12,1249.428901,2044215.61350412
1694044800000,2023-09-07 00:00:00,ETH/USD,1632.43,1659.32,1623.1,1647.84,1227.387258,2022537.8192227200
1693958400000,2023-09-06 00:00:00,ETH/USD,1633.51,1670.14,1608.94,1632.43,1834.938877,2995409.27098111
1693872000000,2023-09-05 00:00:00,ETH/USD,1629.0,1646.61,1609.77,1633.51,2369.689639,3870911.72220289
1693785600000,2023-09-04 00:00:00,ETH/USD,1636.36,1644.44,1616.25,1629.0,604.951321,985465.701909
1693699200000,2023-09-03 00:00:00,ETH/USD,1636.39,1646.48,1626.44,1636.36,519.642467,850322.14730012
1693612800000,2023-09-02 00:00:00,ETH/USD,1628.18,1644.0,1627.54,1636.39,428.850957,701767.41752523
1693526400000,2023-09-01 00:00:00,ETH/USD,1645.52,1653.65,1602.49,1628.18,3934.546779,6406150.37463222
1693440000000,2023-08-31 00:00:00,ETH/USD,1704.93,1726.8,1631.22,1645.52,2139.326767,3520304.98163384
1693353600000,2023-08-30 00:00:00,ETH/USD,1729.9,1730.77,1696.45,1704.93,1510.470479,2575246.43376147
1693267200000,2023-08-29 00:00:00,ETH/USD,1653.45,1744.04,1639.65,1729.9,4208.400311,7280111.697998900
1693180800000,2023-08-28 00:00:00,ETH/USD,1657.62,1661.13,1624.42,1653.45,1473.020489,2435565.72753705
1693094400000,2023-08-27 00:00:00,ETH/USD,1646.12,1659.72,1645.64,1657.62,345.648033,572953.0924614600
1693008000000,2023-08-26 00:00:00,ETH/USD,1653.02,1654.77,1643.48,1646.12,702.165195,1155848.1707934
1692921600000,2023-08-25 00:00:00,ETH/USD,1660.36,1674.68,1635.37,1653.02,1391.892101,2300825.48079502
1692835200000,2023-08-24 00:00:00,ETH/USD,1678.65,1683.03,1638.27,1660.36,1205.70152,2001898.5757472
1692748800000,2023-08-23 00:00:00,ETH/USD,1634.38,1701.05,1629.46,1678.65,1771.301951,2973396.02004615
1692662400000,2023-08-22 00:00:00,ETH/USD,1667.42,1669.32,1583.33,1634.38,1920.110401,3138190.03718638
1692576000000,2023-08-21 00:00:00,ETH/USD,1685.85,1685.85,1651.33,1667.42,1487.225697,2479829.87169174
1692489600000,2023-08-20 00:00:00,ETH/USD,1669.01,1694.13,1663.36,1685.85,657.387494,1108256.7067599000
1692403200000,2023-08-19 00:00:00,ETH/USD,1661.46,1694.59,1654.47,1669.01,939.061053,1567302.28806753
1692316800000,2023-08-18 00:00:00,ETH/USD,1681.7,1698.94,1643.28,1661.46,4004.984777,6654122.007594420
1692230400000,2023-08-17 00:00:00,ETH/USD,1806.0,1808.17,1537.62,1681.7,6705.248317,11276216.0946989
1692144000000,2023-08-16 00:00:00,ETH/USD,1827.06,1829.61,1795.78,1806.0,1146.477512,2070538.386672
1692057600000,2023-08-15 00:00:00,ETH/USD,1843.86,1846.07,1812.42,1827.06,2031.280266,3711270.9227979600
1691971200000,2023-08-14 00:00:00,ETH/USD,1838.96,1853.65,1833.75,1843.86,1578.911364,2911291.50762504
1691884800000,2023-08-13 00:00:00,ETH/USD,1848.95,1859.69,1834.02,1838.96,743.617605,1367483.0308908
1691798400000,2023-08-12 00:00:00,ETH/USD,1847.42,1852.08,1845.34,1848.95,547.531209,1012357.82888055
1691712000000,2023-08-11 00:00:00,ETH/USD,1850.72,1860.0,1837.28,1847.42,1131.821553,2090949.77344326
1691625600000,2023-08-10 00:00:00,ETH/USD,1855.16,1863.71,1845.0,1850.72,955.356516,1768097.41129152
1691539200000,2023-08-09 00:00:00,ETH/USD,1855.85,1870.0,1845.52,1855.16,2387.017752,4428299.852800320
1691452800000,2023-08-08 00:00:00,ETH/USD,1826.17,1874.0,1822.8,1855.85,3234.537077,6002815.63435045
1691366400000,2023-08-07 00:00:00,ETH/USD,1826.89,1843.31,1800.36,1826.17,1748.342728,3192771.0395917600
1691280000000,2023-08-06 00:00:00,ETH/USD,1835.25,1836.81,1824.7,1826.89,810.259162,1480254.36046618
1691193600000,2023-08-05 00:00:00,ETH/USD,1828.22,1836.8,1825.09,1835.25,743.317228,1364172.942687
1691107200000,2023-08-04 00:00:00,ETH/USD,1834.67,1850.0,1815.01,1828.22,1447.842344,2646974.33014768
1691020800000,2023-08-03 00:00:00,ETH/USD,1838.21,1857.25,1825.14,1834.67,999.322248,1833426.54873816
1690934400000,2023-08-02 00:00:00,ETH/USD,1873.34,1877.96,1820.72,1838.21,2004.697309,3685054.64037689
1690848000000,2023-08-01 00:00:00,ETH/USD,1856.05,1873.4,1812.92,1873.34,2297.927912,4304800.27466608
1690761600000,2023-07-31 00:00:00,ETH/USD,1861.76,1875.03,1851.2,1856.05,1433.967226,2661514.8698173
1690675200000,2023-07-30 00:00:00,ETH/USD,1881.4,1884.48,1850.27,1861.76,1080.524366,2011677.0436441600
1690588800000,2023-07-29 00:00:00,ETH/USD,1874.99,1885.84,1870.13,1881.4,635.723616,1196050.4111424
1690502400000,2023-07-28 00:00:00,ETH/USD,1861.41,1881.92,1857.31,1874.99,1194.77807,2240196.9334693
1690416000000,2023-07-27 00:00:00,ETH/USD,1872.13,1885.85,1855.72,1861.41,1418.311313,2640058.86113133
1690329600000,2023-07-26 00:00:00,ETH/USD,1858.31,1887.36,1849.68,1872.13,1990.32247,3726142.4057611000
1690243200000,2023-07-25 00:00:00,ETH/USD,1849.65,1867.3,1845.76,1858.31,1198.344331,2226895.25374061
1690156800000,2023-07-24 00:00:00,ETH/USD,1888.78,1890.05,1833.7,1849.65,1771.943988,3277476.1974042
1690070400000,2023-07-23 00:00:00,ETH/USD,1865.4,1904.13,1859.58,1888.78,1070.194983,2021362.8799907400
1689984000000,2023-07-22 00:00:00,ETH/USD,1891.98,1896.9,1853.68,1865.4,2304.017236,4297913.752034400
1689897600000,2023-07-21 00:00:00,ETH/USD,1892.53,1905.0,1885.97,1891.98,1710.281058,3235817.55611484
1689811200000,2023-07-20 00:00:00,ETH/USD,1888.64,1928.0,1878.51,1892.53,2807.392695,5313074.89706835
1689724800000,2023-07-19 00:00:00,ETH/USD,1897.83,1921.65,1883.9,1888.64,1619.387754,3058440.4877145600
1689638400000,2023-07-18 00:00:00,ETH/USD,1913.21,1917.3,1877.43,1897.83,1907.872145,3620816.99294535
1689552000000,2023-07-17 00:00:00,ETH/USD,1922.92,1936.55,1874.77,1913.21,2295.126649,4391059.25613329
1689465600000,2023-07-16 00:00:00,ETH/USD,1931.99,1943.61,1917.41,1922.92,991.650401,1906864.38909092
1689379200000,2023-07-15 00:00:00,ETH/USD,1939.44,1946.55,1928.15,1931.99,645.974881,1248017.01034319
1689292800000,2023-07-14 00:00:00,ETH/USD,2005.33,2029.02,1900.57,1939.44,3791.993412,7354343.70296928
1689206400000,2023-07-13 00:00:00,ETH/USD,1871.68,2013.44,1863.83,2005.33,5145.860784,10319149.00597870
1689120000000,2023-07-12 00:00:00,ETH/USD,1878.11,1901.55,1866.82,1871.68,1572.707867,2943605.86050656
1689033600000,2023-07-11 00:00:00,ETH/USD,1880.95,1891.41,1864.37,1878.11,1226.202432,2302943.04956352
1688947200000,2023-07-10 00:00:00,ETH/USD,1862.77,1905.0,1847.87,1880.95,2187.872196,4115278.2070662000
1688860800000,2023-07-09 00:00:00,ETH/USD,1865.87,1879.29,1857.21,1862.77,1690.471745,3148960.05243365
1688774400000,2023-07-08 00:00:00,ETH/USD,1869.25,1872.64,1843.7,1865.87,767.95445,1432903.1696215000
1688688000000,2023-07-07 00:00:00,ETH/USD,1847.22,1886.39,1827.41,1869.25,1748.912484,3269154.660717
1688601600000,2023-07-06 00:00:00,ETH/USD,1910.05,1956.06,1847.22,1847.22,3100.828762,5727912.90574164
1688515200000,2023-07-05 00:00:00,ETH/USD,1936.77,1942.27,1895.49,1910.05,1908.273862,3644898.4901131
1688428800000,2023-07-04 00:00:00,ETH/USD,1955.71,1965.91,1932.78,1936.77,1782.27138,3451849.7406426000
1688342400000,2023-07-03 00:00:00,ETH/USD,1937.21,1975.99,1935.12,1955.71,2682.955963,5247083.80639873
1688256000000,2023-07-02 00:00:00,ETH/USD,1924.9,1958.97,1887.7,1937.21,1875.481767,3633202.03385007
1688169600000,2023-07-01 00:00:00,ETH/USD,1933.22,1943.61,1909.78,1924.9,989.064602,1903850.4523898000
1688083200000,2023-06-30 00:00:00,ETH/USD,1853.33,1945.65,1826.14,1933.22,5185.909876,10025504.69048070
1687996800000,2023-06-29 00:00:00,ETH/USD,1827.82,1879.16,1827.35,1853.33,2178.793892,4038024.08386036
1687910400000,2023-06-28 00:00:00,ETH/USD,1890.34,1890.34,1816.73,1827.82,2267.514229,4144607.8580507800
1687824000000,2023-06-27 00:00:00,ETH/USD,1859.97,1912.4,1856.17,1890.34,2415.468111,4566055.98894774
1687737600000,2023-06-26 00:00:00,ETH/USD,1901.16,1907.76,1837.75,1859.97,2966.599603,5517786.263591910
1687651200000,2023-06-25 00:00:00,ETH/USD,1875.84,1929.75,1869.89,1901.16,883.081809,1678879.8119984400
1687564800000,2023-06-24 00:00:00,ETH/USD,1893.07,1906.15,1866.9,1875.84,748.052126,1403226.10003584
1687478400000,2023-06-23 00:00:00,ETH/USD,1872.27,1935.01,1862.56,1893.07,4238.696441,8024149.07156387
1687392000000,2023-06-22 00:00:00,ETH/USD,1890.09,1932.91,1867.23,1872.27,4738.010043,8870834.06320761
1687305600000,2023-06-21 00:00:00,ETH/USD,1792.5,1900.0,1788.64,1890.09,5912.46284,11175086.8892556
1687219200000,2023-06-20 00:00:00,ETH/USD,1735.0,1796.82,1714.47,1792.5,3508.643086,6289242.731655
1687132800000,2023-06-19 00:00:00,ETH/USD,1720.11,1749.69,1698.85,1735.0,2624.027024,4552686.88664
1687046400000,2023-06-18 00:00:00,ETH/USD,1727.48,1747.27,1712.08,1720.11,678.437795,1166987.6355574500
1686960000000,2023-06-17 00:00:00,ETH/USD,1717.13,1768.96,1714.22,1727.48,1799.432457,3108483.58081836
1686873600000,2023-06-16 00:00:00,ETH/USD,1665.32,1727.26,1648.78,1717.13,2538.84661,4359529.6794293
1686787200000,2023-06-15 00:00:00,ETH/USD,1651.47,1677.76,1622.15,1665.32,5661.416257,9428069.721107240
1686700800000,2023-06-14 00:00:00,ETH/USD,1739.13,1749.31,1632.32,1651.47,4745.777367,7837508.94827949
1686614400000,2023-06-13 00:00:00,ETH/USD,1741.7,1762.31,1723.15,1739.13,6368.820319,11076206.48138250
1686528000000,2023-06-12 00:00:00,ETH/USD,1752.97,1758.22,1721.0,1741.7,2566.603618,4470253.521470600
1686441600000,2023-06-11 00:00:00,ETH/USD,1752.41,1777.53,1739.04,1752.97,920.593388,1613772.59136236
1686355200000,2023-06-10 00:00:00,ETH/USD,1840.3,1844.66,1719.88,1752.41,3574.747104,6264422.572520640
1686268800000,2023-06-09 00:00:00,ETH/USD,1846.67,1855.23,1827.91,1840.3,2297.755033,4228558.5872299
1686182400000,2023-06-08 00:00:00,ETH/USD,1832.88,1861.97,1829.5,1846.67,2531.892292,4675569.53886764
1686096000000,2023-06-07 00:00:00,ETH/USD,1884.57,1896.71,1822.12,1832.88,3973.320257,7282619.23265016
1686009600000,2023-06-06 00:00:00,ETH/USD,1811.36,1898.46,1797.85,1884.57,4162.3022,7844149.857054
1685923200000,2023-06-05 00:00:00,ETH/USD,1889.47,1890.35,1779.0,1811.36,5962.973984,10801092.55565820
1685836800000,2023-06-04 00:00:00,ETH/USD,1892.81,1914.55,1884.77,1889.47,1612.185909,3046176.90947823
1685750400000,2023-06-03 00:00:00,ETH/USD,1907.46,1909.2,1883.11,1892.81,686.129478,1298712.7372531800
1685664000000,2023-06-02 00:00:00,ETH/USD,1861.59,1910.76,1848.09,1907.46,1583.988238,3021394.20445548
1685577600000,2023-06-01 00:00:00,ETH/USD,1873.93,1887.86,1841.0,1861.59,2341.328093,4358592.96464787
1685491200000,2023-05-31 00:00:00,ETH/USD,1900.96,1907.1,1847.58,1873.93,1804.23206,3381004.5841958
1685404800000,2023-05-30 00:00:00,ETH/USD,1892.89,1916.85,1884.45,1900.96,2970.587814,5646968.6109014400
1685318400000,2023-05-29 00:00:00,ETH/USD,1909.5,1928.16,1874.77,1892.89,1636.399215,3097523.71008135
1685232000000,2023-05-28 00:00:00,ETH/USD,1830.95,1918.0,1825.19,1909.5,3461.300026,6609352.399647
1685145600000,2023-05-27 00:00:00,ETH/USD,1829.06,1836.29,1814.61,1830.95,535.064549,979676.4359915500
1685059200000,2023-05-26 00:00:00,ETH/USD,1806.09,1838.09,1797.36,1829.06,2183.449546,3993660.2266067600
1684972800000,2023-05-25 00:00:00,ETH/USD,1800.23,1817.95,1761.72,1806.09,3138.061649,5667621.76364241
1684886400000,2023-05-24 00:00:00,ETH/USD,1854.2,1854.2,1777.46,1800.23,1872.664459,3371226.73902557
1684800000000,2023-05-23 00:00:00,ETH/USD,1817.49,1870.0,1815.61,1854.2,3081.652073,5713999.273756600
1684713600000,2023-05-22 00:00:00,ETH/USD,1804.0,1827.59,1792.48,1817.49,1572.910279,2858748.70297971
1684627200000,2023-05-21 00:00:00,ETH/USD,1820.64,1828.7,1798.44,1804.0,1177.966974,2125052.421096
1684540800000,2023-05-20 00:00:00,ETH/USD,1811.78,1828.75,1808.47,1820.64,552.2757,1005495.2304480000
1684454400000,2023-05-19 00:00:00,ETH/USD,1801.83,1829.3,1797.16,1811.78,1658.248974,3004382.32611372
1684368000000,2023-05-18 00:00:00,ETH/USD,1822.24,1830.0,1772.96,1801.83,2310.406401,4162959.56551383
1684281600000,2023-05-17 00:00:00,ETH/USD,1825.56,1840.0,1785.68,1822.24,1882.702961,3430736.64365264
1684195200000,2023-05-16 00:00:00,ETH/USD,1817.89,1833.0,1797.77,1825.56,2752.727104,5025268.49197824
1684108800000,2023-05-15 00:00:00,ETH/USD,1799.87,1846.75,1786.48,1817.89,2647.797875,4813405.27898375
1684022400000,2023-05-14 00:00:00,ETH/USD,1795.03,1823.99,1790.97,1799.87,627.28635,1129033.8827745
1683936000000,2023-05-13 00:00:00,ETH/USD,1808.05,1817.47,1787.15,1795.03,1333.271346,2393262.06421038
1683849600000,2023-05-12 00:00:00,ETH/USD,1795.7,1815.25,1740.1,1808.05,2474.078501,4473257.63373305
1683763200000,2023-05-11 00:00:00,ETH/USD,1842.23,1843.41,1773.75,1795.7,3929.960016,7057029.2007312
1683676800000,2023-05-10 00:00:00,ETH/USD,1847.71,1887.95,1791.62,1842.23,2948.202249,5431266.62917527
1683590400000,2023-05-09 00:00:00,ETH/USD,1848.78,1862.21,1832.54,1847.71,2785.062649,5145988.10718379
1683504000000,2023-05-08 00:00:00,ETH/USD,1871.42,1886.33,1811.86,1848.78,4640.986108,8580162.29674824
1683417600000,2023-05-07 00:00:00,ETH/USD,1899.9,1935.3,1871.42,1871.42,1765.276602,3303573.93851484
1683331200000,2023-05-06 00:00:00,ETH/USD,1996.2,2020.38,1860.49,1899.9,4043.517434,7682278.7728566
1683244800000,2023-05-05 00:00:00,ETH/USD,1876.82,2008.02,1876.39,1996.2,4855.07899,9691708.679838
1683158400000,2023-05-04 00:00:00,ETH/USD,1904.75,1916.91,1868.05,1876.82,1934.855142,3631374.8276084400
1683072000000,2023-05-03 00:00:00,ETH/USD,1870.28,1915.58,1844.33,1904.75,2451.618644,4669720.612159000
1682985600000,2023-05-02 00:00:00,ETH/USD,1830.99,1881.96,1825.0,1870.28,2417.038418,4520538.61241704
1682899200000,2023-05-01 00:00:00,ETH/USD,1868.05,1886.96,1800.68,1830.99,4946.482146,9056959.34450454
1682812800000,2023-04-30 00:00:00,ETH/USD,1908.57,1939.89,1868.05,1868.05,2080.880427,3887188.68165735
1682726400000,2023-04-29 00:00:00,ETH/USD,1892.1,1918.0,1884.78,1908.57,664.17197,1267618.6967829
1682640000000,2023-04-28 00:00:00,ETH/USD,1908.79,1923.18,1875.1,1892.1,1875.233772,3548129.8200012
1682553600000,2023-04-27 00:00:00,ETH/USD,1865.68,1939.4,1862.14,1908.79,4075.355783,7778998.3650325700
1682467200000,2023-04-26 00:00:00,ETH/USD,1866.62,1963.37,1786.76,1865.68,5020.612067,9366855.52116056
1682380800000,2023-04-25 00:00:00,ETH/USD,1841.67,1877.87,1800.0,1866.62,2725.051553,5086635.729860860
1682294400000,2023-04-24 00:00:00,ETH/USD,1861.0,1888.34,1805.0,1841.67,2566.255448,4726195.67091816
1682208000000,2023-04-23 00:00:00,ETH/USD,1874.46,1884.08,1838.19,1861.0,1580.349763,2941030.908943
1682121600000,2023-04-22 00:00:00,ETH/USD,1847.94,1886.87,1839.39,1874.46,1937.423838,3631623.48737748
1682035200000,2023-04-21 00:00:00,ETH/USD,1928.55,1943.31,1822.59,1847.94,4233.595315,7823430.126401100
1681948800000,2023-04-20 00:00:00,ETH/USD,1935.27,1982.26,1914.46,1928.55,2482.211819,4787069.60353245
1681862400000,2023-04-19 00:00:00,ETH/USD,2103.12,2105.03,1921.92,1935.27,4193.420332,8115400.565909640
1681776000000,2023-04-18 00:00:00,ETH/USD,2075.6,2120.82,2054.13,2103.12,3750.288582,7887306.92257584
1681689600000,2023-04-17 00:00:00,ETH/USD,2118.2,2119.84,2058.72,2075.6,2264.499802,4700195.789031200
1681603200000,2023-04-16 00:00:00,ETH/USD,2090.94,2140.76,2074.17,2118.2,2408.379364,5101429.168824800
1681516800000,2023-04-15 00:00:00,ETH/USD,2101.5,2112.59,2075.06,2090.94,3256.604371,6809364.34349874
1681430400000,2023-04-14 00:00:00,ETH/USD,2014.2,2150.0,2013.06,2101.5,4807.421422,10102796.118333
1681344000000,2023-04-13 00:00:00,ETH/USD,1917.76,2024.08,1898.6,2014.2,5094.71172,10261768.346424
1681257600000,2023-04-12 00:00:00,ETH/USD,1893.35,1933.15,1857.06,1917.76,3909.615037,7497703.33335712
1681171200000,2023-04-11 00:00:00,ETH/USD,1911.11,1927.71,1884.28,1893.35,2877.556316,5448221.2508986
1681084800000,2023-04-10 00:00:00,ETH/USD,1860.07,1919.87,1848.4,1911.11,2730.766133,5218794.46443763
1680998400000,2023-04-09 00:00:00,ETH/USD,1850.03,1874.42,1825.89,1860.07,736.549317,1370033.28807219
1680912000000,2023-04-08 00:00:00,ETH/USD,1865.12,1880.6,1848.4,1850.03,1058.112978,1957540.7526893400
1680825600000,2023-04-07 00:00:00,ETH/USD,1872.42,1883.72,1841.53,1865.12,1271.055501,2370671.03602512
1680739200000,2023-04-06 00:00:00,ETH/USD,1909.91,1910.24,1855.41,1872.42,2832.908898,5304395.278793160
1680652800000,2023-04-05 00:00:00,ETH/USD,1870.42,1941.64,1864.89,1909.91,5969.741401,11401668.79918390
1680566400000,2023-04-04 00:00:00,ETH/USD,1810.21,1891.47,1800.92,1870.42,4475.067383,8370255.534510860
1680480000000,2023-04-03 00:00:00,ETH/USD,1794.74,1839.39,1765.21,1810.21,3566.978468,6456980.09255828
1680393600000,2023-04-02 00:00:00,ETH/USD,1821.69,1825.75,1775.01,1794.74,1113.34899,1998171.9663126000
1680307200000,2023-04-01 00:00:00,ETH/USD,1821.86,1841.57,1811.17,1821.69,1031.511372,1879093.9512586800
1680220800000,2023-03-31 00:00:00,ETH/USD,1783.38,1846.51,1780.75,1821.86,2451.430936,4466163.9650609600
1680134400000,2023-03-30 00:00:00,ETH/USD,1793.33,1829.0,1764.11,1783.38,3892.704323,6942171.03555174
1680048000000,2023-03-29 00:00:00,ETH/USD,1774.0,1826.42,1774.0,1793.33,3110.674539,5578465.97102487
1679961600000,2023-03-28 00:00:00,ETH/USD,1715.7,1795.83,1703.66,1774.0,4705.857106,8348190.506044
1679875200000,2023-03-27 00:00:00,ETH/USD,1776.11,1781.5,1689.0,1715.7,3608.313152,6190782.8748864
1679788800000,2023-03-26 00:00:00,ETH/USD,1744.64,1801.34,1742.0,1776.11,2356.972752,4186242.87455472
1679702400000,2023-03-25 00:00:00,ETH/USD,1752.62,1764.46,1715.53,1744.64,1882.228561,3283811.2366630400
1679616000000,2023-03-24 00:00:00,ETH/USD,1817.28,1822.36,1730.0,1752.62,5636.116544,9877970.57734528
1679529600000,2023-03-23 00:00:00,ETH/USD,1740.09,1860.0,1734.78,1817.28,4564.484074,8294945.61799872
1679443200000,2023-03-22 00:00:00,ETH/USD,1809.91,1824.78,1713.64,1740.09,4700.516283,8179321.378885470
1679356800000,2023-03-21 00:00:00,ETH/USD,1737.65,1838.62,1724.49,1809.91,4647.037511,8410719.661534010
1679270400000,2023-03-20 00:00:00,ETH/USD,1786.34,1807.67,1730.0,1737.65,2770.809983,4814697.9669599500
1679184000000,2023-03-19 00:00:00,ETH/USD,1763.49,1845.91,1763.49,1786.34,3081.243848,5504149.13543632
1679097600000,2023-03-18 00:00:00,ETH/USD,1793.36,1846.1,1755.52,1763.49,3431.080876,6050676.81401724
1679011200000,2023-03-17 00:00:00,ETH/USD,1676.97,1803.85,1666.69,1793.36,4977.31038,8926109.343076800
1678924800000,2023-03-16 00:00:00,ETH/USD,1655.54,1694.84,1638.95,1676.97,2196.204402,3682968.89602194
1678838400000,2023-03-15 00:00:00,ETH/USD,1704.78,1721.94,1615.25,1655.54,4604.913747,7623618.904708380
1678752000000,2023-03-14 00:00:00,ETH/USD,1680.28,1781.6,1666.84,1704.78,10166.056556,17330889.89553770
1678665600000,2023-03-13 00:00:00,ETH/USD,1600.7,1700.84,1586.61,1680.28,7552.323483,12690018.10201520
1678579200000,2023-03-12 00:00:00,ETH/USD,1518.63,1630.0,1482.14,1600.7,8310.705576,13302946.4155032
1678492800000,2023-03-11 00:00:00,ETH/USD,1428.91,1590.23,1428.36,1518.63,18170.820086,27594752.507202200
1678406400000,2023-03-10 00:00:00,ETH/USD,1436.8,1436.91,1368.8,1428.91,5446.047494,7781911.724651540
1678320000000,2023-03-09 00:00:00,ETH/USD,1532.83,1563.99,1408.0,1436.8,7774.68522,11170667.724096
1678233600000,2023-03-08 00:00:00,ETH/USD,1562.0,1570.0,1523.6,1532.83,2961.228988,4539060.629676040
1678147200000,2023-03-07 00:00:00,ETH/USD,1570.41,1586.34,1535.09,1562.0,1875.978731,2930278.777822
1678060800000,2023-03-06 00:00:00,ETH/USD,1564.83,1582.19,1555.04,1570.41,1384.096197,2173598.50873077
1677974400000,2023-03-05 00:00:00,ETH/USD,1566.77,1588.04,1554.29,1564.83,1243.139054,1945301.2858708200
1677888000000,2023-03-04 00:00:00,ETH/USD,1569.45,1576.66,1549.67,1566.77,1311.406379,2054672.17242583
1677801600000,2023-03-03 00:00:00,ETH/USD,1647.57,1648.74,1536.33,1569.45,4995.38152,7840001.526564
1677715200000,2023-03-02 00:00:00,ETH/USD,1666.1,1677.87,1619.61,1647.57,1800.863435,2967048.56960295
1677628800000,2023-03-01 00:00:00,ETH/USD,1603.94,1669.0,1595.62,1666.1,3103.699885,5171074.378398500
1677542400000,2023-02-28 00:00:00,ETH/USD,1633.42,1647.31,1597.75,1603.94,2073.841155,3326316.7821507
1677456000000,2023-02-27 00:00:00,ETH/USD,1641.56,1664.65,1608.78,1633.42,2135.98225,3488956.1267950000
1677369600000,2023-02-26 00:00:00,ETH/USD,1595.0,1650.0,1589.0,1641.56,1660.727159,2726183.27512804
1677283200000,2023-02-25 00:00:00,ETH/USD,1608.54,1608.54,1558.09,1595.0,1726.707538,2754098.52311
1677196800000,2023-02-24 00:00:00,ETH/USD,1650.18,1664.09,1576.09,1608.54,3377.730183,5433214.10856282
1677110400000,2023-02-23 00:00:00,ETH/USD,1642.43,1679.53,1629.44,1650.18,4114.607054,6789842.26836972
1677024000000,2023-02-22 00:00:00,ETH/USD,1659.69,1666.27,1596.37,1642.43,3287.422885,5399361.9690105500
1676937600000,2023-02-21 00:00:00,ETH/USD,1703.26,1716.0,1636.8,1659.69,2901.561631,4815692.82335439
1676851200000,2023-02-20 00:00:00,ETH/USD,1682.2,1719.23,1651.5,1703.26,1689.498072,2877654.4861147200
1676764800000,2023-02-19 00:00:00,ETH/USD,1691.99,1725.28,1667.57,1682.2,1878.170737,3159458.8137814000
1676678400000,2023-02-18 00:00:00,ETH/USD,1693.76,1712.86,1680.89,1691.99,1120.607228,1896056.2237037200
1676592000000,2023-02-17 00:00:00,ETH/USD,1637.4,1721.59,1631.29,1693.76,3882.192074,6575501.64725824
1676505600000,2023-02-16 00:00:00,ETH/USD,1676.0,1742.0,1634.5,1637.4,6434.29438,10535513.617812
1676419200000,2023-02-15 00:00:00,ETH/USD,1556.47,1680.63,1543.8,1676.0,6391.245826,10711728.004376
1676332800000,2023-02-14 00:00:00,ETH/USD,1506.74,1570.0,1493.39,1556.47,3504.340793,5454401.31408071
1676246400000,2023-02-13 00:00:00,ETH/USD,1516.01,1525.87,1462.95,1506.74,4913.785182,7403796.685126680
1676160000000,2023-02-12 00:00:00,ETH/USD,1539.11,1547.51,1494.1,1516.01,1536.710718,2329668.8155951800
1676073600000,2023-02-11 00:00:00,ETH/USD,1514.37,1543.39,1506.99,1539.11,1660.550561,2555769.97394071
1675987200000,2023-02-10 00:00:00,ETH/USD,1545.82,1554.49,1490.87,1514.37,5104.294721,7729790.79664077
1675900800000,2023-02-09 00:00:00,ETH/USD,1650.14,1655.7,1524.97,1545.82,11710.015046,18101575.45840770
1675814400000,2023-02-08 00:00:00,ETH/USD,1673.43,1697.19,1631.32,1650.14,3381.012391,5579143.786884740
1675728000000,2023-02-07 00:00:00,ETH/USD,1613.53,1678.0,1605.26,1673.43,4103.894158,6867579.60082194
1675641600000,2023-02-06 00:00:00,ETH/USD,1629.71,1658.13,1605.52,1613.53,3184.30443,5137970.7269379
1675555200000,2023-02-05 00:00:00,ETH/USD,1666.27,1673.09,1610.11,1629.71,2922.37514,4762623.9894094
1675468800000,2023-02-04 00:00:00,ETH/USD,1663.31,1694.08,1645.94,1666.27,1242.020088,2069540.8120317600
1675382400000,2023-02-03 00:00:00,ETH/USD,1641.44,1675.57,1626.6,1663.31,3731.563958,6206747.64698098
1675296000000,2023-02-02 00:00:00,ETH/USD,1641.99,1713.92,1627.53,1641.44,5395.230445,8855947.0616408
1675209600000,2023-02-01 00:00:00,ETH/USD,1585.74,1647.23,1557.66,1641.99,3594.452185,5902054.5432481500
1675123200000,2023-01-31 00:00:00,ETH/USD,1567.48,1604.73,1562.06,1585.74,3073.585628,4873907.6737447200
1675036800000,2023-01-30 00:00:00,ETH/USD,1646.65,1647.79,1534.23,1567.48,4736.365162,7424157.664131760
1674950400000,2023-01-29 00:00:00,ETH/USD,1573.64,1660.44,1568.07,1646.65,2529.463808,4165141.5794432
1674864000000,2023-01-28 00:00:00,ETH/USD,1598.95,1606.17,1557.06,1573.64,1248.806519,1965171.8905591600
1674777600000,2023-01-27 00:00:00,ETH/USD,1600.89,1620.82,1554.04,1598.95,3496.292723,5590397.24944085
1674691200000,2023-01-26 00:00:00,ETH/USD,1611.06,1632.5,1578.19,1600.89,2114.248428,3384679.16590092
1674604800000,2023-01-25 00:00:00,ETH/USD,1556.49,1640.7,1514.46,1611.06,4502.142937,7253222.400083220
1674518400000,2023-01-24 00:00:00,ETH/USD,1626.21,1641.76,1527.95,1556.49,5237.139247,8151554.8665630300
1674432000000,2023-01-23 00:00:00,ETH/USD,1627.5,1648.01,1586.34,1626.21,4782.695886,7777667.876772060
1674345600000,2023-01-22 00:00:00,ETH/USD,1626.37,1664.0,1604.62,1627.5,1900.60446,3093233.75865
1674259200000,2023-01-21 00:00:00,ETH/USD,1658.79,1679.04,1620.22,1626.37,2852.721118,4639580.04468166
1674172800000,2023-01-20 00:00:00,ETH/USD,1553.19,1666.97,1542.38,1658.79,4573.671021,7586759.75292459
1674086400000,2023-01-19 00:00:00,ETH/USD,1512.11,1564.19,1511.91,1553.19,3991.657633,6199802.71899927
1674000000000,2023-01-18 00:00:00,ETH/USD,1564.88,1608.95,1500.0,1512.11,7613.82255,11512937.2160805
1673913600000,2023-01-17 00:00:00,ETH/USD,1575.8,1608.0,1540.63,1564.88,3728.158219,5834120.23374872
1673827200000,2023-01-16 00:00:00,ETH/USD,1552.85,1603.37,1521.32,1575.8,2909.115217,4584183.7589486
1673740800000,2023-01-15 00:00:00,ETH/USD,1550.9,1567.5,1516.82,1552.85,1775.759816,2757488.6302756000
1673654400000,2023-01-14 00:00:00,ETH/USD,1450.7,1626.15,1450.0,1550.9,7497.338012,11627621.522810800
1673568000000,2023-01-13 00:00:00,ETH/USD,1415.26,1464.29,1401.68,1450.7,4105.253847,5955491.7558429
1673481600000,2023-01-12 00:00:00,ETH/USD,1388.65,1437.93,1368.33,1415.26,10707.436743,15153806.924898200
1673395200000,2023-01-11 00:00:00,ETH/USD,1335.0,1397.99,1319.96,1388.65,5326.619204,7396809.7576346
1673308800000,2023-01-10 00:00:00,ETH/USD,1319.83,1347.17,1302.0,1335.0,5875.574122,7843891.45287
1673222400000,2023-01-09 00:00:00,ETH/USD,1287.44,1344.75,1285.51,1319.83,5034.973314,6645308.829016620
1673136000000,2023-01-08 00:00:00,ETH/USD,1263.62,1295.34,1258.0,1287.44,1837.053074,2365095.60959056
1673049600000,2023-01-07 00:00:00,ETH/USD,1268.49,1270.57,1257.09,1263.62,2918.347503,3687682.27174086
1672963200000,2023-01-06 00:00:00,ETH/USD,1250.23,1275.62,1233.55,1268.49,4132.186782,5241637.61109918
1672876800000,2023-01-05 00:00:00,ETH/USD,1256.15,1259.85,1240.8,1250.23,2785.696463,3482761.28893649
1672804800000,2023-01-04 04:00:00,ETH/USD,1250.94,1269.48,1243.42,1258.96,7404.369077,9321804.493179920
1672790400000,2023-01-04 00:00:00,ETH/USD,1213.72,1269.48,1212.48,1256.15,8565.48971,10759539.899216500
1672718400000,2023-01-03 04:00:00,ETH/USD,1214.78,1253.74,1204.78,1250.94,3211.013997,4016785.84940718
1672704000000,2023-01-03 00:00:00,ETH/USD,1213.72,1219.0,1204.78,1213.72,2429.257146,2948437.98324312
1672632000000,2023-01-02 04:00:00,ETH/USD,1201.11,1222.25,1199.72,1214.78,3397.148519,4126788.0779108200
1672617600000,2023-01-02 00:00:00,ETH/USD,1199.81,1222.25,1192.91,1213.72,3139.053655,3809932.2021466000
1672545600000,2023-01-01 04:00:00,ETH/USD,1192.54,1203.6,1189.67,1201.11,1907.644019,2291290.30766109
1672531200000,2023-01-01 00:00:00,ETH/USD,1193.21,1203.6,1189.67,1199.81,3506.803988,4207498.49284228
1672459200000,2022-12-31 04:00:00,ETH/USD,1193.27,1206.6,1190.0,1192.54,7273.864644,8674374.54255576
1672444800000,2022-12-31 00:00:00,ETH/USD,1199.15,1206.6,1190.0,1193.21,6388.038651,7622271.59875971
1672372800000,2022-12-30 04:00:00,ETH/USD,1197.51,1201.92,1180.82,1193.27,5546.163429,6618070.43492283
1672358400000,2022-12-30 00:00:00,ETH/USD,1200.5,1201.92,1180.82,1199.15,5171.852279,6201826.66036285
1672286400000,2022-12-29 04:00:00,ETH/USD,1193.36,1204.98,1189.58,1197.51,20949.477388,25087208.66690390
1672272000000,2022-12-29 00:00:00,ETH/USD,1189.26,1204.98,1186.8,1200.5,20973.036602,25178130.440701
1672200000000,2022-12-28 04:00:00,ETH/USD,1198.12,1206.8,1180.44,1193.36,7545.099222,9004019.607565920
1672185600000,2022-12-28 00:00:00,ETH/USD,1211.47,1214.26,1180.44,1189.26,7477.828265,8893082.0424339
1672113600000,2022-12-27 04:00:00,ETH/USD,1223.39,1224.31,1186.8,1198.12,3650.462248,4373691.82857376
1672099200000,2022-12-27 00:00:00,ETH/USD,1228.11,1232.58,1200.3,1211.47,3603.377902,4365384.22693594
1672027200000,2022-12-26 04:00:00,ETH/USD,1220.38,1232.58,1211.54,1223.39,1101.147068,1347132.3115205200
1672012800000,2022-12-26 00:00:00,ETH/USD,1219.28,1230.14,1211.54,1228.11,846.548328,1039654.4671000800
1671940800000,2022-12-25 04:00:00,ETH/USD,1220.84,1223.31,1195.52,1220.38,849.039866,1036151.27166908
1671926400000,2022-12-25 00:00:00,ETH/USD,1219.9,1223.0,1195.52,1219.28,842.089313,1026742.65755464
1671854400000,2022-12-24 04:00:00,ETH/USD,1217.99,1226.2,1215.02,1220.84,736.068713,898622.12757892
1671840000000,2022-12-24 00:00:00,ETH/USD,1220.2,1226.2,1215.02,1219.9,912.375289,1113006.6150511
1671768000000,2022-12-23 04:00:00,ETH/USD,1223.33,1229.68,1211.96,1217.99,2001.509815,2437818.93957185
1671753600000,2022-12-23 00:00:00,ETH/USD,1217.63,1229.68,1211.96,1220.2,2271.86792,2772133.2359840000
1671681600000,2022-12-22 04:00:00,ETH/USD,1214.55,1236.43,1183.17,1223.33,2313.699582,2830418.10964806
1671667200000,2022-12-22 00:00:00,ETH/USD,1213.46,1236.43,1183.17,1217.63,3378.949398,4114310.1554867400
1671595200000,2022-12-21 04:00:00,ETH/USD,1210.77,1221.97,1204.95,1214.55,2485.264195,3018477.62803725
1671580800000,2022-12-21 00:00:00,ETH/USD,1218.39,1221.97,1204.95,1213.46,2118.708666,2570968.21784436
1671508800000,2022-12-20 04:00:00,ETH/USD,1192.21,1229.99,1190.8,1210.77,2587.576115,3132959.53275855
1671494400000,2022-12-20 00:00:00,ETH/USD,1167.56,1229.99,1163.57,1218.39,2909.233688,3544581.23312232
1671422400000,2022-12-19 04:00:00,ETH/USD,1179.28,1199.0,1151.0,1192.21,3061.010981,3649367.90165801
1671408000000,2022-12-19 00:00:00,ETH/USD,1182.27,1204.31,1151.0,1167.56,4209.782085,4915173.1711626
1671336000000,2022-12-18 04:00:00,ETH/USD,1186.5,1204.31,1173.41,1179.28,3268.699464,3854711.9039059200
1671321600000,2022-12-18 00:00:00,ETH/USD,1187.71,1196.06,1173.41,1182.27,1570.099999,1856282.12581773
1671249600000,2022-12-17 04:00:00,ETH/USD,1174.94,1189.51,1172.14,1186.5,1316.834014,1562423.557611
1671235200000,2022-12-17 00:00:00,ETH/USD,1166.98,1189.51,1162.48,1187.71,2027.06295,2407562.9363445
1671163200000,2022-12-16 04:00:00,ETH/USD,1280.0,1280.0,1156.33,1174.94,5631.323607,6616467.358808580
1671148800000,2022-12-16 00:00:00,ETH/USD,1266.49,1280.0,1156.33,1166.98,5069.612071,5916135.894615580
1671076800000,2022-12-15 04:00:00,ETH/USD,1291.56,1291.56,1260.0,1280.0,1130.227791,1446691.57248
1671062400000,2022-12-15 00:00:00,ETH/USD,1306.6,1321.56,1260.0,1266.49,4704.401794,5958077.828083060
1670990400000,2022-12-14 04:00:00,ETH/USD,1322.38,1349.9,1278.07,1291.56,5720.191396,7387970.39941776
1670976000000,2022-12-14 00:00:00,ETH/USD,1320.92,1349.9,1299.67,1306.6,5672.022757,7411064.934296200
1670904000000,2022-12-13 04:00:00,ETH/USD,1270.0,1346.3,1255.81,1322.38,8649.723152,11438220.901741800
1670889600000,2022-12-13 00:00:00,ETH/USD,1275.38,1346.3,1255.81,1320.92,7830.221765,10343096.533823800
1670817600000,2022-12-12 04:00:00,ETH/USD,1243.06,1279.02,1240.94,1270.0,2653.516307,3369965.70989
1670803200000,2022-12-12 00:00:00,ETH/USD,1262.62,1279.02,1240.94,1275.38,2673.640294,3409907.35816172
1670731200000,2022-12-11 04:00:00,ETH/USD,1273.18,1283.41,1241.56,1243.06,1786.288329,2220463.57024674
1670716800000,2022-12-11 00:00:00,ETH/USD,1266.3,1283.41,1256.43,1262.62,2006.221319,2533095.1617957800
1670644800000,2022-12-10 04:00:00,ETH/USD,1264.55,1283.13,1259.9,1273.18,2249.068677,2863469.2581828600
1670630400000,2022-12-10 00:00:00,ETH/USD,1263.28,1283.13,1259.9,1266.3,1944.196143,2461935.5758809000
1670558400000,2022-12-09 04:00:00,ETH/USD,1282.8,1295.29,1256.43,1264.55,2465.940799,3118305.43737545
1670544000000,2022-12-09 00:00:00,ETH/USD,1280.15,1295.29,1256.43,1263.28,3279.135487,4142466.27801736
1670472000000,2022-12-08 04:00:00,ETH/USD,1231.67,1291.26,1225.38,1282.8,4832.80853,6199526.782284
1670457600000,2022-12-08 00:00:00,ETH/USD,1231.35,1291.26,1222.46,1280.15,3892.126996,4982506.3739294
1670385600000,2022-12-07 04:00:00,ETH/USD,1263.15,1263.15,1222.46,1231.67,962.37045,1185322.8121515
1670371200000,2022-12-07 00:00:00,ETH/USD,1271.4,1277.14,1218.75,1231.35,6901.844199,8498585.85443865
1670299200000,2022-12-06 04:00:00,ETH/USD,1261.3,1277.14,1241.99,1263.15,3157.536792,3988442.5988148
1670284800000,2022-12-06 00:00:00,ETH/USD,1259.15,1273.77,1241.99,1271.4,3197.16657,4064877.5770980000
1670212800000,2022-12-05 04:00:00,ETH/USD,1291.41,1305.16,1247.3,1261.3,4377.063103,5520789.6918139
1670198400000,2022-12-05 00:00:00,ETH/USD,1279.84,1305.16,1247.3,1259.15,4505.629743,5673263.690898450
1670126400000,2022-12-04 04:00:00,ETH/USD,1256.17,1298.47,1251.35,1291.41,3133.288018,4046359.4793253800
1670112000000,2022-12-04 00:00:00,ETH/USD,1241.1,1286.88,1241.1,1279.84,3457.619219,4425199.38124496
1670040000000,2022-12-03 04:00:00,ETH/USD,1286.74,1290.99,1235.18,1256.17,2396.853713,3010855.7286592100
1670025600000,2022-12-03 00:00:00,ETH/USD,1294.77,1304.7,1235.18,1241.1,2706.045344,3358472.8764384
1669953600000,2022-12-02 04:00:00,ETH/USD,1271.77,1304.7,1267.98,1286.74,4440.343162,5713567.16027188
1669939200000,2022-12-02 00:00:00,ETH/USD,1275.94,1297.0,1265.81,1294.77,3585.788135,4642770.90355395
1669867200000,2022-12-01 04:00:00,ETH/USD,1289.2,1289.2,1265.81,1271.77,822.868681,1046499.7024353700
1669852800000,2022-12-01 00:00:00,ETH/USD,1294.77,1297.72,1262.35,1275.94,4555.044338,5811963.27262772
1669780800000,2022-11-30 04:00:00,ETH/USD,1263.95,1310.0,1256.92,1289.2,6967.692689,8982749.414658800
1669766400000,2022-11-30 00:00:00,ETH/USD,1214.86,1310.0,1211.49,1294.77,10944.07598,14170061.2566246
1669694400000,2022-11-29 04:00:00,ETH/USD,1184.49,1284.13,1183.57,1263.95,7578.761263,9579175.29836885
1669680000000,2022-11-29 00:00:00,ETH/USD,1166.92,1226.47,1156.86,1214.86,4191.201128,5091722.60236208
1669608000000,2022-11-28 04:00:00,ETH/USD,1171.27,1188.25,1150.01,1184.49,5009.123576,5933256.78453624
1669593600000,2022-11-28 00:00:00,ETH/USD,1192.1,1198.42,1150.01,1166.92,4812.251094,5615512.04661048
1669521600000,2022-11-27 04:00:00,ETH/USD,1216.0,1222.0,1158.68,1171.27,3027.078618,3545526.37290486
1669507200000,2022-11-27 00:00:00,ETH/USD,1203.81,1222.0,1188.98,1192.1,2465.365756,2938962.5177276
1669435200000,2022-11-26 04:00:00,ETH/USD,1214.24,1232.99,1194.87,1216.0,1576.658655,1917216.92448
1669420800000,2022-11-26 00:00:00,ETH/USD,1197.35,1232.99,1194.87,1203.81,2460.519407,2961997.8673406700
1669348800000,2022-11-25 04:00:00,ETH/USD,1185.97,1226.19,1170.42,1214.24,3856.817299,4683101.83713776
1669334400000,2022-11-25 00:00:00,ETH/USD,1202.12,1205.66,1170.42,1197.35,2984.841104,3573899.4958744
1669262400000,2022-11-24 04:00:00,ETH/USD,1201.42,1217.23,1180.27,1185.97,2503.195463,2968714.72325411
1669248000000,2022-11-24 00:00:00,ETH/USD,1184.02,1217.23,1180.0,1202.12,4731.572256,5687917.64038272
1669176000000,2022-11-23 04:00:00,ETH/USD,1168.81,1208.32,1148.24,1201.42,6410.283383,7701442.662003860
1669161600000,2022-11-23 00:00:00,ETH/USD,1137.82,1189.27,1124.55,1184.02,4769.529638,5647218.48198476
1669089600000,2022-11-22 04:00:00,ETH/USD,1101.3,1168.81,1074.55,1168.81,7883.479003,9214289.09349643
1669075200000,2022-11-22 00:00:00,ETH/USD,1105.27,1140.73,1074.55,1137.82,8403.775219,9561983.519682580
1669003200000,2022-11-21 04:00:00,ETH/USD,1123.13,1144.73,1079.48,1101.3,9348.587589,10295599.5117657
1668988800000,2022-11-21 00:00:00,ETH/USD,1140.78,1144.73,1079.48,1105.27,10072.821514,11133187.43477880
1668916800000,2022-11-20 04:00:00,ETH/USD,1216.38,1220.43,1107.69,1123.13,10950.482702,12298815.63709730
1668902400000,2022-11-20 00:00:00,ETH/USD,1216.18,1224.98,1130.07,1140.78,9215.35584,10512693.6351552
1668830400000,2022-11-19 04:00:00,ETH/USD,1206.62,1230.0,1196.75,1216.38,2759.352209,3356420.8399834200
1668816000000,2022-11-19 00:00:00,ETH/USD,1209.88,1230.0,1196.75,1216.18,3503.666396,4261088.9974872800
1668744000000,2022-11-18 04:00:00,ETH/USD,1218.19,1222.5,1198.34,1206.62,4080.812373,4923989.8255092600
1668729600000,2022-11-18 00:00:00,ETH/USD,1198.11,1232.24,1195.56,1209.88,8013.564336,9695451.21883968
1668657600000,2022-11-17 04:00:00,ETH/USD,1201.06,1232.24,1181.37,1218.19,14571.623723,17751006.303121400
1668643200000,2022-11-17 00:00:00,ETH/USD,1213.68,1227.61,1181.37,1198.11,14572.011352,17458872.52094470
1668571200000,2022-11-16 04:00:00,ETH/USD,1264.26,1264.26,1191.06,1201.06,14311.075378,17188460.19350070
1668556800000,2022-11-16 00:00:00,ETH/USD,1251.32,1267.66,1185.39,1213.68,28374.020632,34436981.36064580
1668484800000,2022-11-15 04:00:00,ETH/USD,1254.3,1288.0,1232.06,1264.26,9812.528274,12405586.99568720
1668470400000,2022-11-15 00:00:00,ETH/USD,1241.14,1288.0,1232.06,1251.32,9713.24608,12154379.0848256
1668398400000,2022-11-14 04:00:00,ETH/USD,1190.34,1288.0,1173.02,1254.3,17990.125721,22565014.6918503
1668384000000,2022-11-14 00:00:00,ETH/USD,1220.43,1288.0,1170.0,1241.14,20388.963546,25305558.21548240
1668312000000,2022-11-13 04:00:00,ETH/USD,1270.17,1271.83,1170.0,1190.34,13176.460691,15684468.21892490
1668297600000,2022-11-13 00:00:00,ETH/USD,1254.0,1271.83,1197.94,1220.43,10857.010861,13250221.76509020
1668225600000,2022-11-12 04:00:00,ETH/USD,1255.1,1279.64,1231.09,1270.17,10507.845342,13346749.918048100
1668211200000,2022-11-12 00:00:00,ETH/USD,1283.18,1286.73,1231.09,1254.0,11042.017453,13846689.886062
1668139200000,2022-11-11 04:00:00,ETH/USD,1235.66,1306.22,1199.8,1255.1,24269.574003,30460742.3311653
1668124800000,2022-11-11 00:00:00,ETH/USD,1294.85,1306.22,1199.8,1283.18,25742.727286,33032552.798849500
1668052800000,2022-11-10 04:00:00,ETH/USD,1168.0,1348.07,1154.87,1235.66,40727.703435,50325594.026492100
1668038400000,2022-11-10 00:00:00,ETH/USD,1100.4,1348.07,1084.95,1294.85,44692.301384,57869826.447072400
1667966400000,2022-11-09 04:00:00,ETH/USD,1312.13,1312.13,1072.31,1168.0,30995.173267,36202362.375856
1667952000000,2022-11-09 00:00:00,ETH/USD,1330.96,1338.08,1072.31,1100.4,64256.81379,70708197.894516
1667880000000,2022-11-08 04:00:00,ETH/USD,1506.14,1579.81,1221.1,1312.13,56080.079794,73584355.10010120
1667865600000,2022-11-08 00:00:00,ETH/USD,1565.15,1579.81,1221.1,1330.96,55447.564873,73798490.94336810
1667793600000,2022-11-07 04:00:00,ETH/USD,1587.52,1608.92,1503.75,1506.14,16102.495151,24252612.04672710
1667779200000,2022-11-07 00:00:00,ETH/USD,1569.08,1608.92,1547.0,1565.15,14068.276287,22018962.630598100
1667707200000,2022-11-06 04:00:00,ETH/USD,1621.55,1638.05,1563.99,1587.52,4264.108392,6769357.35446784
1667692800000,2022-11-06 00:00:00,ETH/USD,1627.16,1638.05,1563.99,1569.08,3415.763458,5359606.12667864
1667620800000,2022-11-05 04:00:00,ETH/USD,1646.46,1658.53,1613.17,1621.55,3487.980214,5655934.3160117
1667606400000,2022-11-05 00:00:00,ETH/USD,1644.77,1665.97,1622.41,1627.16,4157.784986,6765381.41781976
1667534400000,2022-11-04 04:00:00,ETH/USD,1549.02,1676.29,1546.53,1646.46,14554.249326,23962989.34528600
1667520000000,2022-11-04 00:00:00,ETH/USD,1530.61,1676.29,1528.21,1644.77,14136.535108,23251348.84958520
1667448000000,2022-11-03 04:00:00,ETH/USD,1547.36,1558.24,1522.72,1549.02,12571.077122,19472849.88352040
1667433600000,2022-11-03 00:00:00,ETH/USD,1519.04,1558.24,1515.99,1530.61,13858.651703,21212190.88312880
1667361600000,2022-11-02 04:00:00,ETH/USD,1591.22,1620.23,1501.78,1547.36,10209.221893,15797341.588352500
1667347200000,2022-11-02 00:00:00,ETH/USD,1579.5,1620.23,1501.78,1519.04,15471.289908,23501508.22184830
1667275200000,2022-11-01 04:00:00,ETH/USD,1586.51,1611.95,1563.19,1591.22,5311.49293,8451753.7800746
1667260800000,2022-11-01 00:00:00,ETH/USD,1573.27,1611.95,1563.19,1579.5,6040.962281,9541699.9228395
1667188800000,2022-10-31 04:00:00,ETH/USD,1584.03,1635.03,1545.16,1586.51,7175.057543,11383300.54254490
1667174400000,2022-10-31 00:00:00,ETH/USD,1589.92,1635.03,1545.16,1573.27,6461.431495,10165576.32813870
1667102400000,2022-10-30 04:00:00,ETH/USD,1623.06,1639.57,1562.76,1584.03,8868.910885,14048620.909166500
1667088000000,2022-10-30 00:00:00,ETH/USD,1619.76,1639.57,1576.0,1589.92,8357.371202,13287551.621483800
1667016000000,2022-10-29 04:00:00,ETH/USD,1590.02,1662.99,1575.52,1623.06,7122.377151,11560045.45870210
1667001600000,2022-10-29 00:00:00,ETH/USD,1555.0,1662.99,1548.11,1619.76,7819.769906,12666150.50294260
1666929600000,2022-10-28 04:00:00,ETH/USD,1507.97,1594.28,1480.56,1590.02,10283.88303,16351579.695360600
1666915200000,2022-10-28 00:00:00,ETH/USD,1513.81,1575.0,1480.56,1555.0,10312.538794,16035997.82467
1666843200000,2022-10-27 04:00:00,ETH/USD,1554.26,1576.47,1497.22,1507.97,10804.066687,16292208.441995400
1666828800000,2022-10-27 00:00:00,ETH/USD,1566.34,1577.83,1504.15,1513.81,11308.934597,17119578.28228460
1666756800000,2022-10-26 04:00:00,ETH/USD,1487.0,1570.29,1487.0,1554.26,1006.482449,1564335.41118274
1666742400000,2022-10-26 00:00:00,ETH/USD,1459.74,1594.85,1458.79,1566.34,17990.286933,28178906.034635200
1666670400000,2022-10-25 04:00:00,ETH/USD,1347.82,1525.29,1339.81,1487.0,23453.945852,34876017.481924
1666656000000,2022-10-25 00:00:00,ETH/USD,1345.3,1525.29,1335.73,1459.74,20387.130722,29759910.200132300
1666584000000,2022-10-24 04:00:00,ETH/USD,1346.91,1359.24,1324.66,1347.82,5410.869008,7292877.466362560
1666569600000,2022-10-24 00:00:00,ETH/USD,1363.16,1370.52,1324.66,1345.3,6191.197579,8329018.103028700
1666497600000,2022-10-23 04:00:00,ETH/USD,1312.97,1370.81,1300.62,1346.91,6618.364971,8914341.963089610
1666483200000,2022-10-23 00:00:00,ETH/USD,1314.0,1370.81,1300.62,1363.16,5162.580123,7037422.72046868
1666411200000,2022-10-22 04:00:00,ETH/USD,1299.36,1320.0,1295.41,1312.97,6693.06143,8787788.8657471
1666396800000,2022-10-22 00:00:00,ETH/USD,1299.68,1320.0,1294.94,1314.0,6783.991287,8914164.551118
1666324800000,2022-10-21 04:00:00,ETH/USD,1287.98,1306.81,1253.22,1299.36,6250.593259,8121770.85701424
1666310400000,2022-10-21 00:00:00,ETH/USD,1282.92,1306.81,1253.22,1299.68,6462.024715,8398564.2815912
1666238400000,2022-10-20 04:00:00,ETH/USD,1280.18,1310.16,1272.32,1287.98,4335.491303,5584026.08843794
1666224000000,2022-10-20 00:00:00,ETH/USD,1285.19,1310.16,1271.0,1282.92,4632.86159,5943590.791042800
1666152000000,2022-10-19 04:00:00,ETH/USD,1305.05,1305.05,1271.0,1280.18,2571.349709,3291790.47046762
1666137600000,2022-10-19 00:00:00,ETH/USD,1310.55,1313.6,1280.79,1285.19,4798.092344,6166460.29958536
1666065600000,2022-10-18 04:00:00,ETH/USD,1333.61,1340.0,1287.26,1305.05,6731.116447,8784443.51915735
1666051200000,2022-10-18 00:00:00,ETH/USD,1331.76,1341.31,1287.26,1310.55,7502.370955,9832232.25507525
1665979200000,2022-10-17 04:00:00,ETH/USD,1301.52,1341.31,1299.03,1333.61,7444.120482,9927553.51600002
1665964800000,2022-10-17 00:00:00,ETH/USD,1305.71,1338.79,1296.33,1331.76,6607.687994,8799854.56288944
1665892800000,2022-10-16 04:00:00,ETH/USD,1283.08,1315.0,1280.0,1301.52,3742.708981,4871210.59295112
1665878400000,2022-10-16 00:00:00,ETH/USD,1274.4,1315.0,1274.4,1305.71,3626.201204,4734767.17407484
1665806400000,2022-10-15 04:00:00,ETH/USD,1300.26,1301.36,1264.37,1283.08,3525.256523,4523186.139530840
1665792000000,2022-10-15 00:00:00,ETH/USD,1296.74,1301.51,1264.37,1274.4,3466.364071,4417534.3720824
1665720000000,2022-10-14 04:00:00,ETH/USD,1329.72,1342.74,1289.74,1300.26,3678.527436,4783042.08393336
1665705600000,2022-10-14 00:00:00,ETH/USD,1287.27,1342.74,1284.28,1296.74,5915.367352,7670693.460032480
1665633600000,2022-10-13 04:00:00,ETH/USD,1286.4,1341.24,1193.6,1329.72,16771.61372,22301550.195758400
1665619200000,2022-10-13 00:00:00,ETH/USD,1294.4,1300.51,1193.6,1287.27,15181.423539,19542591.07904850
1665547200000,2022-10-12 04:00:00,ETH/USD,1284.39,1303.0,1281.93,1286.4,1414.482806,1819590.6816384
1665532800000,2022-10-12 00:00:00,ETH/USD,1279.93,1305.47,1275.32,1294.4,5134.085899,6645560.7876656
1665460800000,2022-10-11 04:00:00,ETH/USD,1279.0,1297.66,1269.08,1284.39,10504.827267,13492295.093462100
1665446400000,2022-10-11 00:00:00,ETH/USD,1290.48,1297.66,1267.29,1279.93,11876.188188,15200689.54746680
1665374400000,2022-10-10 04:00:00,ETH/USD,1323.13,1325.21,1267.29,1279.0,5565.089311,7117749.228769
1665360000000,2022-10-10 00:00:00,ETH/USD,1323.12,1337.74,1287.0,1290.48,3997.266667,5158392.68843016
1665288000000,2022-10-09 04:00:00,ETH/USD,1310.24,1337.74,1309.23,1323.13,2846.726598,3766589.3636117400
1665273600000,2022-10-09 00:00:00,ETH/USD,1315.13,1328.98,1307.9,1323.12,2612.685197,3456896.0378546400
1665201600000,2022-10-08 04:00:00,ETH/USD,1331.8,1333.2,1304.56,1310.24,2211.897341,2898116.37207184
1665187200000,2022-10-08 00:00:00,ETH/USD,1331.99,1337.49,1304.56,1315.13,2181.652036,2869156.04210468
1665115200000,2022-10-07 04:00:00,ETH/USD,1356.08,1360.0,1318.18,1331.8,5509.795044,7337945.039599200
1665100800000,2022-10-07 00:00:00,ETH/USD,1352.68,1361.7,1318.18,1331.99,5702.439571,7595592.48417629
1665028800000,2022-10-06 04:00:00,ETH/USD,1373.24,1373.24,1345.18,1356.08,3784.634277,5132266.85035416
1665014400000,2022-10-06 00:00:00,ETH/USD,1352.77,1383.66,1345.18,1352.68,8859.265909,11983751.80978610
1664942400000,2022-10-05 04:00:00,ETH/USD,1354.39,1383.66,1316.35,1373.24,7359.463898,10106310.20328950
1664928000000,2022-10-05 00:00:00,ETH/USD,1362.13,1364.39,1316.35,1352.77,5994.840391,8109640.2357330700
1664856000000,2022-10-04 04:00:00,ETH/USD,1329.98,1369.85,1325.0,1354.39,12853.835202,17409105.85923680
1664841600000,2022-10-04 00:00:00,ETH/USD,1324.07,1369.85,1319.64,1362.13,14004.365154,19075765.90721800
1664769600000,2022-10-03 04:00:00,ETH/USD,1292.07,1330.79,1284.02,1329.98,10688.907661,14216033.410976800
1664755200000,2022-10-03 00:00:00,ETH/USD,1276.7,1329.78,1263.58,1324.07,10625.337891,14068691.141336400
1664683200000,2022-10-02 04:00:00,ETH/USD,1309.32,1317.0,1263.58,1292.07,7132.526946,9215724.09111822
1664668800000,2022-10-02 00:00:00,ETH/USD,1311.39,1317.0,1269.27,1276.7,5784.192209,7384678.1932303
1664596800000,2022-10-01 04:00:00,ETH/USD,1328.96,1332.78,1303.35,1309.32,5546.225201,7261783.58017332
1664582400000,2022-10-01 00:00:00,ETH/USD,1328.69,1334.12,1303.35,1311.39,5768.946533,7565338.793910870
1664510400000,2022-09-30 04:00:00,ETH/USD,1326.51,1373.22,1315.1,1328.96,12201.095642,16214768.06439230
1664496000000,2022-09-30 00:00:00,ETH/USD,1336.07,1373.22,1315.1,1328.69,12649.452911,16807201.58831660
1664424000000,2022-09-29 04:00:00,ETH/USD,1341.18,1352.0,1288.89,1326.51,9012.284755,11954885.850355100
1664409600000,2022-09-29 00:00:00,ETH/USD,1337.2,1351.42,1288.89,1336.07,9118.647211,12183150.97920080
1664337600000,2022-09-28 04:00:00,ETH/USD,1286.54,1355.21,1286.54,1341.18,7746.277023,10389151.81770710
1664323200000,2022-09-28 00:00:00,ETH/USD,1327.72,1355.21,1253.71,1337.2,21888.645115,29269496.247778
1664251200000,2022-09-27 04:00:00,ETH/USD,1385.8,1400.0,1267.44,1286.54,19051.457928,24510462.68268910
1664236800000,2022-09-27 00:00:00,ETH/USD,1336.41,1400.0,1304.2,1327.72,20972.072806,27845040.50598230
1664164800000,2022-09-26 04:00:00,ETH/USD,1303.99,1389.7,1278.64,1385.8,17397.060996,24108847.128256800
1664150400000,2022-09-26 00:00:00,ETH/USD,1295.17,1339.9,1278.64,1336.41,13953.45463,18647536.302078300
1664078400000,2022-09-25 04:00:00,ETH/USD,1328.95,1336.02,1270.3,1303.99,8396.96743,10949561.5590457
1664064000000,2022-09-25 00:00:00,ETH/USD,1316.67,1336.02,1270.3,1295.17,7053.720497,9135767.17609949
1663992000000,2022-09-24 04:00:00,ETH/USD,1321.7,1348.96,1306.98,1328.95,4620.003631,6139753.82541745
1663977600000,2022-09-24 00:00:00,ETH/USD,1328.72,1348.96,1306.98,1316.67,5550.011347,7307533.44025449
1663905600000,2022-09-23 04:00:00,ETH/USD,1339.97,1359.07,1261.96,1321.7,19496.339426,25768311.8193442
1663891200000,2022-09-23 00:00:00,ETH/USD,1325.75,1359.07,1261.96,1328.72,19531.786594,25952275.48317970
1663819200000,2022-09-22 04:00:00,ETH/USD,1262.42,1348.1,1252.16,1339.97,18182.814792,24364426.33683620
1663804800000,2022-09-22 00:00:00,ETH/USD,1247.52,1348.1,1237.33,1325.75,18198.893798,24127183.452698500
1663732800000,2022-09-21 04:00:00,ETH/USD,1337.98,1410.0,1213.86,1262.42,19631.494645,24783191.4697409
1663718400000,2022-09-21 00:00:00,ETH/USD,1323.68,1410.0,1213.86,1247.52,24904.872436,31069326.461358700
1663646400000,2022-09-20 04:00:00,ETH/USD,1355.56,1383.83,1312.91,1337.98,14504.992326,19407389.632341500
1663632000000,2022-09-20 00:00:00,ETH/USD,1375.81,1384.68,1312.91,1323.68,12829.540563,16982206.25243180
1663560000000,2022-09-19 04:00:00,ETH/USD,1294.8,1392.44,1281.17,1355.56,18112.254781,24552248.090932400
1663545600000,2022-09-19 00:00:00,ETH/USD,1335.09,1392.44,1281.17,1375.81,19923.968904,27411595.65781220
1663473600000,2022-09-18 04:00:00,ETH/USD,1451.05,1460.0,1288.51,1294.8,16584.382485,21473458.441578000
1663459200000,2022-09-18 00:00:00,ETH/USD,1469.66,1469.67,1325.0,1335.09,14346.870005,19154362.67497550
1663387200000,2022-09-17 04:00:00,ETH/USD,1439.59,1476.02,1409.75,1451.05,6534.034616,9481210.9295468
1663372800000,2022-09-17 00:00:00,ETH/USD,1433.8,1476.02,1409.75,1469.66,6406.231636,9414982.386163760
1663300800000,2022-09-16 04:00:00,ETH/USD,1473.87,1482.26,1406.0,1439.59,12888.627045,18554338.607711500
1663286400000,2022-09-16 00:00:00,ETH/USD,1472.73,1483.72,1406.0,1433.8,15023.858211,21541207.902931800
1663214400000,2022-09-15 04:00:00,ETH/USD,1606.83,1653.09,1446.94,1473.87,27326.420047,40275590.71467190
1663200000000,2022-09-15 00:00:00,ETH/USD,1639.4,1653.09,1458.74,1472.73,27626.938018,40687020.42724910
1663128000000,2022-09-14 04:00:00,ETH/USD,1603.24,1653.09,1558.5,1606.83,10364.912604,16654652.519485300
1663113600000,2022-09-14 00:00:00,ETH/USD,1574.98,1648.0,1552.78,1639.4,20391.35849,33429593.108506
1663041600000,2022-09-13 04:00:00,ETH/USD,1715.79,1762.0,1552.78,1603.24,34398.988758,55149834.73637590
1663027200000,2022-09-13 00:00:00,ETH/USD,1717.02,1762.0,1561.0,1574.98,32130.881093,50605495.103853100
1662955200000,2022-09-12 04:00:00,ETH/USD,1728.65,1766.03,1676.19,1715.79,15671.564253,26889113.22965490
1662940800000,2022-09-12 00:00:00,ETH/USD,1767.08,1783.19,1693.36,1717.02,19184.64736,32940423.210067200
1662868800000,2022-09-11 04:00:00,ETH/USD,1764.9,1789.18,1714.45,1728.65,10324.378137,17847236.26652510
1662854400000,2022-09-11 00:00:00,ETH/USD,1775.81,1789.18,1722.07,1767.08,6794.470751,12006373.374677100
1662782400000,2022-09-10 04:00:00,ETH/USD,1734.65,1789.0,1709.02,1764.9,6552.820662,11565073.186363800
1662768000000,2022-09-10 00:00:00,ETH/USD,1720.56,1789.0,1707.5,1775.81,6378.06573,11326232.9039913
1662696000000,2022-09-09 04:00:00,ETH/USD,1671.96,1746.77,1670.66,1734.65,25841.475406,44825915.313017900
1662681600000,2022-09-09 00:00:00,ETH/USD,1635.1,1746.77,1631.32,1720.56,26939.034729,46350225.59332820
1662609600000,2022-09-08 04:00:00,ETH/USD,1630.38,1675.98,1595.54,1671.96,20799.066994,34775208.05128820
1662595200000,2022-09-08 00:00:00,ETH/USD,1630.06,1661.83,1595.54,1635.1,20529.204374,33567302.0719274
1662523200000,2022-09-07 04:00:00,ETH/USD,1509.78,1657.19,1509.78,1630.38,11158.466084,18192539.934031900
1662508800000,2022-09-07 00:00:00,ETH/USD,1557.4,1657.19,1492.0,1630.06,24674.679292,40221207.72671750
1662436800000,2022-09-06 04:00:00,ETH/USD,1640.61,1686.66,1492.0,1509.78,32410.418336,48932601.39532610
1662422400000,2022-09-06 00:00:00,ETH/USD,1617.3,1686.66,1553.05,1557.4,30837.405652,48026175.5624248
1662350400000,2022-09-05 04:00:00,ETH/USD,1575.56,1675.0,1557.7,1640.61,11716.633723,19222426.45229100
1662336000000,2022-09-05 00:00:00,ETH/USD,1579.69,1632.82,1557.7,1617.3,8355.020538,13512574.7161074
1662264000000,2022-09-04 04:00:00,ETH/USD,1552.39,1592.51,1541.41,1575.56,6022.632986,9489019.62742216
1662249600000,2022-09-04 00:00:00,ETH/USD,1558.61,1582.37,1541.41,1579.69,4852.572149,7665559.69805381
1662177600000,2022-09-03 04:00:00,ETH/USD,1561.43,1573.1,1535.0,1552.39,6203.790538,9630702.39328582
1662163200000,2022-09-03 00:00:00,ETH/USD,1576.47,1582.54,1535.0,1558.61,6620.019958,10318029.306738400
1662091200000,2022-09-02 04:00:00,ETH/USD,1597.07,1648.13,1547.0,1561.43,15929.089092,24872157.58092160
1662076800000,2022-09-02 00:00:00,ETH/USD,1586.01,1648.13,1547.0,1576.47,16254.0318,25623993.511746
1662004800000,2022-09-01 04:00:00,ETH/USD,1550.09,1605.23,1513.18,1597.07,17772.838129,28384466.59068200
1661990400000,2022-09-01 00:00:00,ETH/USD,1555.5,1598.69,1513.18,1586.01,21171.070234,33577529.10182630
1661918400000,2022-08-31 04:00:00,ETH/USD,1606.37,1606.37,1529.02,1550.09,11661.61751,18076556.6860759
1661904000000,2022-08-31 00:00:00,ETH/USD,1523.83,1620.25,1523.83,1555.5,22832.387233,35515778.340931500
1661832000000,2022-08-30 04:00:00,ETH/USD,1543.57,1614.25,1474.0,1606.37,38506.389347,61855508.65534040
1661817600000,2022-08-30 00:00:00,ETH/USD,1552.06,1605.33,1474.0,1523.83,35666.47615,54349646.3516545
1661745600000,2022-08-29 04:00:00,ETH/USD,1455.89,1560.0,1439.97,1543.57,18798.366943,29016595.26220650
1661731200000,2022-08-29 00:00:00,ETH/USD,1425.55,1560.0,1422.14,1552.06,17554.295665,27245320.1298199
1661659200000,2022-08-28 04:00:00,ETH/USD,1492.24,1504.43,1422.14,1455.89,10169.920367,14806285.363111600
1661644800000,2022-08-28 00:00:00,ETH/USD,1491.4,1510.39,1424.78,1425.55,8471.975576,12077224.782366800
1661572800000,2022-08-27 04:00:00,ETH/USD,1501.8,1510.58,1449.0,1492.24,12180.961435,18176917.8917644
1661558400000,2022-08-27 00:00:00,ETH/USD,1508.86,1519.02,1449.0,1491.4,13294.217318,19826995.708065200
1661486400000,2022-08-26 04:00:00,ETH/USD,1688.53,1705.55,1484.86,1501.8,32493.677189,48799004.4024402
1661472000000,2022-08-26 00:00:00,ETH/USD,1696.02,1705.55,1487.49,1508.86,33258.700059,50182722.17102270
1661400000000,2022-08-25 04:00:00,ETH/USD,1669.95,1722.0,1669.87,1688.53,13409.564345,22642451.68346290
1661385600000,2022-08-25 00:00:00,ETH/USD,1656.4,1722.0,1655.12,1696.02,11590.652614,19657978.64639630
1661313600000,2022-08-24 04:00:00,ETH/USD,1614.75,1691.61,1614.75,1669.95,3897.59424,6508787.501088
1661299200000,2022-08-24 00:00:00,ETH/USD,1664.0,1694.09,1605.62,1656.4,13932.366749,23077572.2830436
1661227200000,2022-08-23 04:00:00,ETH/USD,1609.21,1673.83,1563.82,1614.75,17556.809338,28349857.878535500
1661212800000,2022-08-23 00:00:00,ETH/USD,1625.26,1673.83,1563.82,1664.0,17262.821962,28725335.744768
1661140800000,2022-08-22 04:00:00,ETH/USD,1595.94,1638.56,1530.0,1609.21,28821.256143,46379453.597877000
1661126400000,2022-08-22 00:00:00,ETH/USD,1620.42,1629.95,1530.0,1625.26,28514.30579,46343160.6282554
1661054400000,2022-08-21 04:00:00,ETH/USD,1585.04,1646.92,1563.56,1595.94,10770.465901,17189017.35004190
1661040000000,2022-08-21 00:00:00,ETH/USD,1576.33,1646.92,1563.56,1620.42,10497.682441,17010654.58104520
1660968000000,2022-08-20 04:00:00,ETH/USD,1628.75,1656.03,1525.0,1585.04,15858.678396,25136639.60479580
1660953600000,2022-08-20 00:00:00,ETH/USD,1609.17,1656.03,1525.0,1576.33,16189.522656,25520030.248332500
1660881600000,2022-08-19 04:00:00,ETH/USD,1819.32,1824.86,1602.0,1628.75,35965.371603,58578598.99838630
1660867200000,2022-08-19 00:00:00,ETH/USD,1847.11,1847.97,1602.0,1609.17,37186.250406,59838998.56582300
1660795200000,2022-08-18 04:00:00,ETH/USD,1848.16,1881.72,1806.17,1819.32,9537.619718,17351982.30535180
1660780800000,2022-08-18 00:00:00,ETH/USD,1834.66,1881.72,1800.0,1847.11,10211.786926,18862293.748883900
1660708800000,2022-08-17 04:00:00,ETH/USD,1896.09,1956.6,1800.0,1848.16,21205.598028,39191338.05142850
1660694400000,2022-08-17 00:00:00,ETH/USD,1876.47,1956.6,1819.48,1834.66,18672.388503,34257484.29091400
1660622400000,2022-08-16 04:00:00,ETH/USD,1888.74,1913.85,1853.8,1896.09,10443.039818,19800943.368511600
1660608000000,2022-08-16 00:00:00,ETH/USD,1899.0,1915.05,1853.8,1876.47,12330.62066,23138039.7498702
1660536000000,2022-08-15 04:00:00,ETH/USD,1989.26,1991.7,1863.2,1888.74,19326.326051,36502405.06556570
1660521600000,2022-08-15 00:00:00,ETH/USD,1935.84,2012.22,1873.32,1899.0,18926.103646,35940670.823754
1660449600000,2022-08-14 04:00:00,ETH/USD,1987.73,2030.62,1907.69,1989.26,11423.728814,22724766.78053760
1660435200000,2022-08-14 00:00:00,ETH/USD,1984.17,2030.62,1907.69,1935.84,9496.563516,18383827.51681340
1660363200000,2022-08-13 04:00:00,ETH/USD,1998.14,2003.31,1968.25,1987.73,4160.927787,8270800.990053510
1660348800000,2022-08-13 00:00:00,ETH/USD,1959.99,2020.0,1947.7,1984.17,11040.390772,21906012.15807920
1660276800000,2022-08-12 04:00:00,ETH/USD,1906.13,1998.88,1855.81,1998.14,12216.424045,24410125.541276300
1660262400000,2022-08-12 00:00:00,ETH/USD,1881.82,1966.78,1855.81,1959.99,11063.15815,21683679.3424185
1660190400000,2022-08-11 04:00:00,ETH/USD,1881.56,1913.48,1856.3,1906.13,5864.770189,11179014.40035860
1660176000000,2022-08-11 00:00:00,ETH/USD,1854.95,1941.72,1852.12,1881.82,22746.724108,42805240.360916600
1660104000000,2022-08-10 04:00:00,ETH/USD,1670.57,1918.85,1668.15,1881.56,26423.930978,49718211.57096570
1660089600000,2022-08-10 00:00:00,ETH/USD,1702.37,1885.84,1658.0,1854.95,22933.034325,42539632.021158800
1660017600000,2022-08-09 04:00:00,ETH/USD,1779.06,1790.5,1658.0,1670.57,20076.120285,33538564.26451250
1660003200000,2022-08-09 00:00:00,ETH/USD,1777.31,1790.5,1668.91,1702.37,18855.691781,32099364.01722100
1659931200000,2022-08-08 04:00:00,ETH/USD,1709.83,1819.51,1709.0,1779.06,14424.103826,25661346.15268360
1659916800000,2022-08-08 00:00:00,ETH/USD,1700.7,1819.51,1694.54,1777.31,14834.685648,26365835.14904690
1659844800000,2022-08-07 04:00:00,ETH/USD,1685.1,1729.94,1673.76,1709.83,6717.411883,11485632.359909900
1659830400000,2022-08-07 00:00:00,ETH/USD,1689.94,1729.94,1669.68,1700.7,5865.236309,9975007.3907163
1659758400000,2022-08-06 04:00:00,ETH/USD,1734.93,1738.54,1669.68,1685.1,7787.822061,13123258.954991100
1659744000000,2022-08-06 00:00:00,ETH/USD,1737.62,1750.0,1686.8,1689.94,8454.693966,14287925.520902000
1659672000000,2022-08-05 04:00:00,ETH/USD,1660.76,1750.0,1647.45,1734.93,17887.52846,31033609.751107800
1659657600000,2022-08-05 00:00:00,ETH/USD,1608.74,1740.47,1606.6,1737.62,18495.098488,32137453.03471860
1659585600000,2022-08-04 04:00:00,ETH/USD,1649.4,1668.0,1581.75,1660.76,11373.83519,18889210.5301444
1659571200000,2022-08-04 00:00:00,ETH/USD,1619.18,1662.93,1581.75,1608.74,10771.715619,17328889.78491010
1659499200000,2022-08-03 04:00:00,ETH/USD,1618.77,1671.36,1608.6,1649.4,6231.235578,10277799.9623532
1659484800000,2022-08-03 00:00:00,ETH/USD,1632.0,1684.36,1590.34,1619.18,12026.22513,19472623.205993400
1659412800000,2022-08-02 04:00:00,ETH/USD,1578.23,1677.59,1560.4,1618.77,13802.217157,22342615.06723690
1659398400000,2022-08-02 00:00:00,ETH/USD,1631.69,1677.59,1560.4,1632.0,14696.11566,23984060.75712
1659326400000,2022-08-01 04:00:00,ETH/USD,1691.91,1698.2,1569.32,1578.23,15621.390999,24654147.91635180
1659312000000,2022-08-01 00:00:00,ETH/USD,1679.59,1704.29,1607.68,1631.69,13349.403617,21782088.387822700
1659240000000,2022-07-31 04:00:00,ETH/USD,1694.36,1753.92,1667.32,1691.91,13035.045704,22054124.17705460
1659225600000,2022-07-31 00:00:00,ETH/USD,1696.64,1753.92,1667.32,1679.59,12693.032622,21319090.66158500
1659153600000,2022-07-30 04:00:00,ETH/USD,1707.72,1743.4,1675.0,1694.36,9951.26313,16861022.1969468
1659139200000,2022-07-30 00:00:00,ETH/USD,1720.98,1743.4,1675.0,1696.64,11556.483027,19607191.36292930
1659067200000,2022-07-29 04:00:00,ETH/USD,1727.87,1765.55,1658.0,1707.72,25702.047837,43891901.132201600
1659052800000,2022-07-29 00:00:00,ETH/USD,1725.26,1765.55,1658.0,1720.98,43861.075731,75484034.11153640
1658980800000,2022-07-28 04:00:00,ETH/USD,1649.13,1785.01,1649.13,1727.87,33108.909351,57207891.20031240
1658966400000,2022-07-28 00:00:00,ETH/USD,1636.5,1785.01,1595.34,1725.26,34860.020624,60142599.18176220
1658894400000,2022-07-27 04:00:00,ETH/USD,1424.75,1682.05,1423.6,1649.13,37595.578475,61999996.33047680
1658880000000,2022-07-27 00:00:00,ETH/USD,1450.06,1644.0,1421.27,1636.5,35812.119144,58606532.979156000
1658808000000,2022-07-26 04:00:00,ETH/USD,1433.63,1458.82,1356.71,1424.75,20531.925012,29252860.160847
1658793600000,2022-07-26 00:00:00,ETH/USD,1438.98,1454.3,1356.71,1450.06,23729.82221,34409665.993832600
1658721600000,2022-07-25 04:00:00,ETH/USD,1511.33,1552.84,1401.76,1433.63,27317.283981,39162877.83368100
1658707200000,2022-07-25 00:00:00,ETH/USD,1598.2,1608.86,1435.87,1438.98,25487.782974,36676409.94392650
1658635200000,2022-07-24 04:00:00,ETH/USD,1552.34,1666.23,1500.37,1511.33,15601.104974,23578417.98035540
1658620800000,2022-07-24 00:00:00,ETH/USD,1548.93,1666.23,1546.88,1598.2,12805.236836,20465329.5112952
1658548800000,2022-07-23 04:00:00,ETH/USD,1571.67,1596.88,1487.53,1552.34,13467.245413,20905743.74441640
1658534400000,2022-07-23 00:00:00,ETH/USD,1535.11,1596.88,1487.53,1548.93,14109.626823,21854824.27494940
1658462400000,2022-07-22 04:00:00,ETH/USD,1561.42,1646.23,1517.06,1571.67,23145.561945,36377185.342098200
1658448000000,2022-07-22 00:00:00,ETH/USD,1574.26,1646.23,1517.06,1535.11,22897.938438,35150854.27555820
1658376000000,2022-07-21 04:00:00,ETH/USD,1486.92,1606.17,1464.21,1561.42,24723.271639,38603410.80256740
1658361600000,2022-07-21 00:00:00,ETH/USD,1521.5,1606.17,1464.21,1574.26,26254.347052,41331168.390081500
1658289600000,2022-07-20 04:00:00,ETH/USD,1562.48,1620.87,1483.8,1486.92,30168.424015,44858033.0363838
1658275200000,2022-07-20 00:00:00,ETH/USD,1542.97,1620.87,1485.99,1521.5,35157.775141,53492554.8770315
1658203200000,2022-07-19 04:00:00,ETH/USD,1515.69,1589.1,1493.23,1562.48,38462.43979,60096792.92307920
1658188800000,2022-07-19 00:00:00,ETH/USD,1581.27,1631.08,1493.23,1542.97,45437.88828,70109298.4793916
1658116800000,2022-07-18 04:00:00,ETH/USD,1407.19,1631.08,1394.4,1515.69,55460.31145,84060639.4616505
1658102400000,2022-07-18 00:00:00,ETH/USD,1336.52,1596.81,1335.84,1581.27,47213.663308,74657549.37904120
1658030400000,2022-07-17 04:00:00,ETH/USD,1353.49,1420.17,1318.71,1407.19,22524.749298,31696601.96465260
1658016000000,2022-07-17 00:00:00,ETH/USD,1355.95,1385.75,1318.71,1336.52,21043.756483,28125401.41465920
1657944000000,2022-07-16 04:00:00,ETH/USD,1222.25,1424.01,1191.72,1353.49,35760.483051,48401456.204698
1657929600000,2022-07-16 00:00:00,ETH/USD,1230.93,1424.01,1191.72,1355.95,33207.568372,45027802.3340134
1657857600000,2022-07-15 04:00:00,ETH/USD,1199.98,1287.1,1188.87,1222.25,31146.460218,38068761.0014505
1657843200000,2022-07-15 00:00:00,ETH/USD,1192.47,1287.1,1180.59,1230.93,30434.31148,37462507.0300764
1657771200000,2022-07-14 04:00:00,ETH/USD,1111.68,1222.0,1071.08,1199.98,20530.77736,24636522.2164528
1657756800000,2022-07-14 00:00:00,ETH/USD,1115.64,1213.22,1071.08,1192.47,19492.595846,23244335.76847960
1657684800000,2022-07-13 04:00:00,ETH/USD,1051.77,1125.0,1051.77,1111.68,4899.886628,5447105.966615040
1657670400000,2022-07-13 00:00:00,ETH/USD,1037.1,1117.66,1005.88,1115.64,28581.067134,31886181.737375800
1657598400000,2022-07-12 04:00:00,ETH/USD,1084.37,1100.12,1032.29,1051.77,47062.453107,49498876.30434940
1657584000000,2022-07-12 00:00:00,ETH/USD,1095.44,1100.12,1032.29,1037.1,50098.986224,51957658.6129104
1657512000000,2022-07-11 04:00:00,ETH/USD,1154.93,1161.0,1080.95,1084.37,19344.809022,20976930.55918610
1657497600000,2022-07-11 00:00:00,ETH/USD,1167.22,1170.07,1088.67,1095.44,17108.385927,18741210.27987290
1657425600000,2022-07-10 04:00:00,ETH/USD,1187.79,1195.37,1143.35,1154.93,7859.814658,9077535.74296394
1657411200000,2022-07-10 00:00:00,ETH/USD,1217.06,1218.7,1152.03,1167.22,7668.204027,8950481.10439494
1657339200000,2022-07-09 04:00:00,ETH/USD,1215.98,1233.26,1182.34,1187.79,6157.827898,7314206.398965420
1657324800000,2022-07-09 00:00:00,ETH/USD,1213.37,1233.26,1204.56,1217.06,6254.932481,7612628.1253258600
1657252800000,2022-07-08 04:00:00,ETH/USD,1258.59,1266.84,1192.0,1215.98,18413.604754,22390575.10876890
1657238400000,2022-07-08 00:00:00,ETH/USD,1236.54,1275.56,1192.0,1213.37,21100.007034,25602115.534844600
1657166400000,2022-07-07 04:00:00,ETH/USD,1175.11,1275.56,1162.34,1258.59,21817.53979,27459337.404296100
1657152000000,2022-07-07 00:00:00,ETH/USD,1185.03,1253.83,1162.34,1236.54,19985.876807,24713336.10692780
1657080000000,2022-07-06 04:00:00,ETH/USD,1129.54,1203.73,1129.54,1175.11,11630.801626,13667471.298728900
1657065600000,2022-07-06 00:00:00,ETH/USD,1132.95,1203.73,1110.58,1185.03,18294.872871,21679973.19832110
1656993600000,2022-07-05 04:00:00,ETH/USD,1151.4,1172.36,1076.46,1129.54,29671.899312,33515597.14887650
1656979200000,2022-07-05 00:00:00,ETH/USD,1149.33,1172.36,1076.46,1132.95,28397.349487,32172777.101296700
1656907200000,2022-07-04 04:00:00,ETH/USD,1050.76,1161.73,1044.3,1151.4,22074.091447,25416108.8920758
1656892800000,2022-07-04 00:00:00,ETH/USD,1073.62,1159.15,1044.3,1149.33,21286.45074,24465156.4290042
1656820800000,2022-07-03 04:00:00,ETH/USD,1061.82,1085.94,1039.89,1050.76,8677.695473,9118175.29520948
1656806400000,2022-07-03 00:00:00,ETH/USD,1065.35,1085.94,1039.89,1073.62,7550.557013,8106429.020297060
1656734400000,2022-07-02 04:00:00,ETH/USD,1035.23,1077.27,1027.46,1061.82,10971.27669,11649521.0149758
1656720000000,2022-07-02 00:00:00,ETH/USD,1058.11,1077.27,1027.46,1065.35,13700.308515,14595623.67645530
1656648000000,2022-07-01 04:00:00,ETH/USD,1054.31,1090.08,1032.5,1035.23,27362.488705,28326469.18207720
1656633600000,2022-07-01 00:00:00,ETH/USD,1072.66,1114.18,1032.5,1058.11,34729.975063,36748133.913910900
1656594000000,2022-06-30 13:00:00,ETH/USD,1031.37,1114.18,997.0,1048.33,42949.859506,45025626.21592500
1656561600000,2022-06-30 04:00:00,ETH/USD,1092.99,1114.18,997.0,1054.31,44049.020451,46441322.75169380
1656507600000,2022-06-29 13:00:00,ETH/USD,1105.55,1121.18,1010.91,1031.37,23428.879396,24163843.34265250
1656475200000,2022-06-29 04:00:00,ETH/USD,1144.3,1144.3,1075.5,1092.99,6826.894806,7461727.754009940
1656421200000,2022-06-28 13:00:00,ETH/USD,1220.6,1235.07,1101.21,1105.55,29451.640252,32560260.8805986
1656388800000,2022-06-28 04:00:00,ETH/USD,1181.47,1235.07,1132.08,1144.3,20516.38948,23476904.481964
1656334800000,2022-06-27 13:00:00,ETH/USD,1214.76,1231.65,1161.42,1220.6,21346.608857,26055670.770854200
1656302400000,2022-06-27 04:00:00,ETH/USD,1219.34,1237.3,1161.42,1181.47,30178.334683,35654797.07792400
1656248400000,2022-06-26 13:00:00,ETH/USD,1240.35,1249.15,1194.15,1214.76,28667.543884,34824185.60852780
1656216000000,2022-06-26 04:00:00,ETH/USD,1232.6,1278.81,1194.15,1219.34,19321.766513,23559802.77996140
1656162000000,2022-06-25 13:00:00,ETH/USD,1196.31,1278.81,1179.18,1240.35,17057.295955,21157017.03778430
1656129600000,2022-06-25 04:00:00,ETH/USD,1222.73,1254.98,1179.18,1232.6,15701.408166,19353555.705411600
1656075600000,2022-06-24 13:00:00,ETH/USD,1209.84,1244.43,1183.0,1196.31,21696.438646,25955666.516596300
1656043200000,2022-06-24 04:00:00,ETH/USD,1149.47,1244.43,1130.24,1222.73,26951.688393,32954637.948772900
1655989200000,2022-06-23 13:00:00,ETH/USD,1117.79,1223.77,1082.24,1209.84,28609.181679,34612532.36252140
1655956800000,2022-06-23 04:00:00,ETH/USD,1075.8,1167.28,1071.51,1149.47,27836.165412,31996837.05613160
1655902800000,2022-06-22 13:00:00,ETH/USD,1082.57,1128.41,1042.9,1117.79,23610.299855,26391357.07492050
1655870400000,2022-06-22 04:00:00,ETH/USD,1087.72,1109.53,1042.9,1075.8,13304.766706,14313268.0223148
1655816400000,2022-06-21 13:00:00,ETH/USD,1146.73,1193.71,1066.03,1082.57,19285.698725,20878118.868723200
1655784000000,2022-06-21 04:00:00,ETH/USD,1129.95,1129.95,1085.34,1087.72,747.362905,812921.5790266
1655730000000,2022-06-20 13:00:00,ETH/USD,1130.41,1174.94,1081.45,1146.73,25498.440576,29239826.76171650
1655697600000,2022-06-20 04:00:00,ETH/USD,1078.6,1168.22,1059.02,1129.95,25359.09379,28654508.0280105
1655643600000,2022-06-19 13:00:00,ETH/USD,1031.77,1168.22,1017.85,1130.41,28848.813547,32610987.321664300
1655611200000,2022-06-19 04:00:00,ETH/USD,950.52,1156.48,934.64,1078.6,30156.729532,32527048.4732152
1655557200000,2022-06-18 13:00:00,ETH/USD,998.01,1075.11,880.0,1031.77,70507.593194,72747619.42977340
1655524800000,2022-06-18 04:00:00,ETH/USD,1078.03,1081.57,880.0,950.52,76484.367297,72699920.80314440
1655470800000,2022-06-17 13:00:00,ETH/USD,1073.51,1100.47,975.0,998.01,32920.720051,32855207.818098500
1655438400000,2022-06-17 04:00:00,ETH/USD,1069.98,1116.1,1063.83,1078.03,22456.581384,24208868.42939350
1655384400000,2022-06-16 13:00:00,ETH/USD,1115.8,1131.9,1050.0,1073.51,26929.254791,28908824.31068640
1655352000000,2022-06-16 04:00:00,ETH/USD,1208.02,1217.5,1050.0,1069.98,33941.097215,36316295.1981057
1655298000000,2022-06-15 13:00:00,ETH/USD,1111.85,1256.56,1043.66,1115.8,75271.929858,83988419.3355564
1655265600000,2022-06-15 04:00:00,ETH/USD,1170.87,1256.56,1043.66,1208.02,38023.217478,45932807.17777360
1655211600000,2022-06-14 13:00:00,ETH/USD,1196.26,1265.6,1012.96,1111.85,77088.81571,85711199.74716350
1655179200000,2022-06-14 04:00:00,ETH/USD,1172.59,1265.6,1134.72,1170.87,69986.403688,81944980.48616860
1655125200000,2022-06-13 13:00:00,ETH/USD,1215.15,1282.15,1075.0,1196.26,118655.769512,141943150.83642500
1655092800000,2022-06-13 04:00:00,ETH/USD,1347.54,1385.85,1075.0,1172.59,115599.781995,135551148.36951700
1655038800000,2022-06-12 13:00:00,ETH/USD,1462.33,1543.99,1176.61,1215.15,68805.111549,83608531.29876730
1655006400000,2022-06-12 04:00:00,ETH/USD,1466.61,1543.99,1303.1,1347.54,46729.807166,62970284.348471600
1654952400000,2022-06-11 13:00:00,ETH/USD,1551.14,1577.82,1423.58,1462.33,36753.68764,53746020.04660120
1654920000000,2022-06-11 04:00:00,ETH/USD,1667.18,1677.71,1445.0,1466.61,33760.162884,49512992.487303200
1654866000000,2022-06-10 13:00:00,ETH/USD,1727.56,1747.04,1543.84,1551.14,21533.624313,33401666.01686680
1654833600000,2022-06-10 04:00:00,ETH/USD,1791.89,1798.61,1653.85,1667.18,15741.283827,26243553.57069790
1654779600000,2022-06-09 13:00:00,ETH/USD,1791.28,1817.03,1719.95,1727.56,7434.705839,12843900.41922280
1654747200000,2022-06-09 04:00:00,ETH/USD,1798.24,1831.52,1744.41,1791.89,5481.923164,9823003.298339960
1654693200000,2022-06-08 13:00:00,ETH/USD,1791.77,1836.68,1770.82,1791.28,5470.521224,9799235.25812672
1654660800000,2022-06-08 04:00:00,ETH/USD,1777.13,1811.53,1770.82,1798.24,3155.848876,5674973.68277824
1654606800000,2022-06-07 13:00:00,ETH/USD,1750.55,1872.53,1746.07,1791.77,12194.75629,21850198.4777333
1654574400000,2022-06-07 04:00:00,ETH/USD,1756.85,1872.53,1735.55,1777.13,12807.727319,22760996.45041450
1654520400000,2022-06-06 13:00:00,ETH/USD,1907.68,1913.41,1724.99,1750.55,13147.598463,23015528.48940470
1654488000000,2022-06-06 04:00:00,ETH/USD,1877.16,1917.44,1724.99,1756.85,13933.02836,24478240.874266
1654434000000,2022-06-05 13:00:00,ETH/USD,1789.88,1917.44,1779.03,1907.68,7311.14126,13947317.958876800
1654401600000,2022-06-05 04:00:00,ETH/USD,1792.25,1881.62,1772.49,1877.16,5697.13372,10694431.5338352
1654347600000,2022-06-04 13:00:00,ETH/USD,1757.91,1814.0,1757.69,1789.88,3015.584557,5397534.486883160
1654315200000,2022-06-04 04:00:00,ETH/USD,1752.0,1814.0,1750.96,1792.25,3192.708481,5722131.7750722500
1654261200000,2022-06-03 13:00:00,ETH/USD,1743.3,1793.05,1741.38,1757.91,7410.330114,13026693.41070170
1654228800000,2022-06-03 04:00:00,ETH/USD,1827.58,1827.58,1741.38,1752.0,4505.10733,7892948.04216
1654174800000,2022-06-02 13:00:00,ETH/USD,1825.89,1850.67,1735.88,1743.3,11093.972054,19340121.4817382
1654142400000,2022-06-02 04:00:00,ETH/USD,1812.03,1850.67,1781.37,1827.58,10570.033822,19317582.41241080
1654088400000,2022-06-01 13:00:00,ETH/USD,1953.28,1971.0,1761.42,1825.89,22615.826302,41294011.08655880
1654056000000,2022-06-01 04:00:00,ETH/USD,1928.48,1971.0,1761.42,1812.03,21181.374566,38381286.15482900
1654002000000,2022-05-31 13:00:00,ETH/USD,1962.72,1999.07,1912.7,1953.28,14203.703256,27743809.49587970
1653969600000,2022-05-31 04:00:00,ETH/USD,1992.96,1999.07,1924.65,1928.48,15652.62355,30185771.463704
1653915600000,2022-05-30 13:00:00,ETH/USD,1887.6,2014.69,1873.89,1962.72,17615.266118,34573835.11512100
1653883200000,2022-05-30 04:00:00,ETH/USD,1878.54,2014.69,1867.82,1992.96,21367.11405,42583803.617088
1653829200000,2022-05-29 13:00:00,ETH/USD,1812.73,1914.44,1782.42,1887.6,14183.399406,26772584.718765600
1653796800000,2022-05-29 04:00:00,ETH/USD,1775.75,1887.11,1768.72,1878.54,8447.005874,15868038.41454400
1653742800000,2022-05-28 13:00:00,ETH/USD,1784.86,1818.15,1758.58,1812.73,7201.761877,13054849.80729420
1653710400000,2022-05-28 04:00:00,ETH/USD,1763.32,1806.74,1747.86,1775.75,7614.391052,13521254.910589
1653656400000,2022-05-27 13:00:00,ETH/USD,1811.26,1818.58,1699.99,1784.86,22598.26578,40334740.660090800
1653624000000,2022-05-27 04:00:00,ETH/USD,1766.41,1820.46,1699.99,1763.32,31250.261591,55104211.26864210
1653570000000,2022-05-26 13:00:00,ETH/USD,1809.49,1899.0,1710.22,1811.26,40213.158193,72836484.90865320
1653537600000,2022-05-26 04:00:00,ETH/USD,1947.93,1947.93,1726.3,1766.41,6830.171705,12064883.60142910
1653483600000,2022-05-25 13:00:00,ETH/USD,1955.58,1982.62,1794.4,1809.49,16036.784676,29018401.50337520
1653451200000,2022-05-25 04:00:00,ETH/USD,2012.18,2012.18,1931.38,1947.93,461.828079,899608.76992647
1653397200000,2022-05-24 13:00:00,ETH/USD,1963.63,2019.53,1909.08,1955.58,13442.382395,26287654.1640141
1653364800000,2022-05-24 04:00:00,ETH/USD,1985.25,2019.53,1909.08,2012.18,16844.829935,33894829.898608300
1653310800000,2022-05-23 13:00:00,ETH/USD,2064.61,2076.98,1950.76,1963.63,14885.320072,29229261.05298140
1653278400000,2022-05-23 04:00:00,ETH/USD,2028.38,2086.88,1955.0,1985.25,13144.924947,26095962.25103180
1653224400000,2022-05-22 13:00:00,ETH/USD,2026.07,2086.88,1988.98,2064.61,7857.737605,16223163.636659100
1653192000000,2022-05-22 04:00:00,ETH/USD,1972.44,2054.86,1964.07,2028.38,7572.996345,15360914.3262711
1653138000000,2022-05-21 13:00:00,ETH/USD,1967.68,2035.85,1956.39,2026.07,7646.526382,15492397.706778700
1653105600000,2022-05-21 04:00:00,ETH/USD,1967.33,1988.02,1955.0,1972.44,4880.668694,9626826.15879336
1653051600000,2022-05-20 13:00:00,ETH/USD,2034.36,2051.69,1920.49,1967.68,8091.39956,15921285.0862208
1653019200000,2022-05-20 04:00:00,ETH/USD,2022.03,2099.9,1920.49,1967.33,10030.687238,19733671.92393450
1652965200000,2022-05-19 13:00:00,ETH/USD,1952.12,2099.9,1941.27,2034.36,10617.096093,21598995.60775550
1652932800000,2022-05-19 04:00:00,ETH/USD,1951.36,2051.55,1912.06,2022.03,9371.795912,18950052.48794140
1652878800000,2022-05-18 13:00:00,ETH/USD,1994.16,2002.78,1900.8,1952.12,12650.339886,24694981.49825830
1652846400000,2022-05-18 04:00:00,ETH/USD,2038.31,2050.93,1900.8,1951.36,13340.517591,26032152.406373800
1652792400000,2022-05-17 13:00:00,ETH/USD,2097.77,2119.1,1990.81,1994.16,9699.887396,19343127.44960740
1652760000000,2022-05-17 04:00:00,ETH/USD,2071.14,2119.1,2006.18,2038.31,9077.706354,18503179.63842170
1652706000000,2022-05-16 13:00:00,ETH/USD,2025.08,2102.0,1976.73,2097.77,10222.718697,21444912.601005700
1652673600000,2022-05-16 04:00:00,ETH/USD,2073.44,2080.02,1976.73,2071.14,12217.72252,25304613.820072800
1652619600000,2022-05-15 13:00:00,ETH/USD,2082.02,2162.56,1979.95,2025.08,10375.45197,21011120.2754076
1652587200000,2022-05-15 04:00:00,ETH/USD,2011.85,2162.56,2000.01,2073.44,9165.240252,19003575.74810690
1652533200000,2022-05-14 13:00:00,ETH/USD,1979.45,2097.26,1947.19,2082.02,8690.103598,18092969.49310800
1652500800000,2022-05-14 04:00:00,ETH/USD,2050.06,2075.45,1947.19,2011.85,8241.852473,16581370.89780510
1652446800000,2022-05-13 13:00:00,ETH/USD,2118.64,2145.0,1967.0,1979.45,14636.798561,28972810.91157150
1652414400000,2022-05-13 04:00:00,ETH/USD,2089.98,2145.0,1997.4,2050.06,19717.824255,40422722.7922053
1652360400000,2022-05-12 13:00:00,ETH/USD,1945.54,2138.0,1865.23,2118.64,35491.719363,75194176.31122630
1652328000000,2022-05-12 04:00:00,ETH/USD,1962.21,2104.99,1700.0,2089.98,72007.39011,150494005.1820980
1652274000000,2022-05-11 13:00:00,ETH/USD,2170.24,2392.0,1700.0,1945.54,104941.157334,204167219.23959000
1652241600000,2022-05-11 04:00:00,ETH/USD,2360.6,2382.99,1962.1,1962.21,50017.250553,98144349.20760210
1652187600000,2022-05-10 13:00:00,ETH/USD,2444.16,2456.38,2110.49,2170.24,29378.607533,63758629.21241790
1652155200000,2022-05-10 04:00:00,ETH/USD,2343.1,2456.38,2260.29,2360.6,21411.057084,50542941.352490400
1652101200000,2022-05-09 13:00:00,ETH/USD,2393.22,2452.96,2200.0,2444.16,40754.823565,99611309.56463040
1652068800000,2022-05-09 04:00:00,ETH/USD,2457.0,2478.18,2200.0,2343.1,39416.331006,92356405.1801586
1652014800000,2022-05-08 13:00:00,ETH/USD,2556.44,2570.19,2359.95,2393.22,16994.264329,40671013.27744940
1651982400000,2022-05-08 04:00:00,ETH/USD,2546.29,2577.83,2422.67,2457.0,12271.973014,30152237.695398
1651928400000,2022-05-07 13:00:00,ETH/USD,2687.75,2703.12,2517.83,2556.44,8135.369962,20797585.18565530
1651896000000,2022-05-07 04:00:00,ETH/USD,2668.53,2703.12,2517.83,2546.29,8085.297768,20587512.853680700
1651842000000,2022-05-06 13:00:00,ETH/USD,2682.29,2726.0,2629.78,2687.75,11144.658008,29954054.561002
1651809600000,2022-05-06 04:00:00,ETH/USD,2745.27,2755.23,2629.78,2668.53,14821.616257,39551927.630292200
1651755600000,2022-05-05 13:00:00,ETH/USD,2929.2,2930.17,2659.45,2682.29,24688.261668,66221077.389459700
1651723200000,2022-05-05 04:00:00,ETH/USD,2941.77,2949.99,2688.88,2745.27,20651.316013,56693438.311008500
1651669200000,2022-05-04 13:00:00,ETH/USD,2858.97,2966.94,2825.95,2929.2,9786.468238,28666522.762749600
1651636800000,2022-05-04 04:00:00,ETH/USD,2798.26,2966.94,2788.82,2941.77,10482.252516,30836375.98399330
1651582800000,2022-05-03 13:00:00,ETH/USD,2836.96,2886.01,2706.74,2858.97,11286.479205,32267705.452718800
1651550400000,2022-05-03 04:00:00,ETH/USD,2849.07,2853.4,2706.74,2798.26,14046.274377,39305127.73818400
1651496400000,2022-05-02 13:00:00,ETH/USD,2794.56,2882.0,2778.5,2836.96,11512.332056,32660025.549589800
1651464000000,2022-05-02 04:00:00,ETH/USD,2840.22,2882.0,2778.5,2849.07,12803.703216,36478646.72160910
1651410000000,2022-05-01 13:00:00,ETH/USD,2761.8,2875.22,2755.12,2794.56,9985.66033,27905526.931804800
1651377600000,2022-05-01 04:00:00,ETH/USD,2778.78,2849.8,2753.0,2840.22,12055.040158,34238966.15755480
1651323600000,2022-04-30 13:00:00,ETH/USD,2825.74,2831.13,2715.0,2761.8,13519.695632,37338695.396457600
1651291200000,2022-04-30 04:00:00,ETH/USD,2819.92,2841.65,2715.0,2778.78,6520.090644,18117897.47973430
1651237200000,2022-04-29 13:00:00,ETH/USD,2858.85,2884.67,2775.24,2825.74,9869.078448,27887449.73365150
1651204800000,2022-04-29 04:00:00,ETH/USD,2924.27,2935.0,2775.24,2819.92,12274.720895,34613730.9462284
1651150800000,2022-04-28 13:00:00,ETH/USD,2914.06,2979.0,2832.49,2858.85,15399.565115,44025046.72901780
1651118400000,2022-04-28 04:00:00,ETH/USD,2884.31,2979.0,2850.18,2924.27,14082.787753,41181873.74246530
1651064400000,2022-04-27 13:00:00,ETH/USD,2864.53,2947.48,2821.22,2914.06,6583.734247,19185396.61981280
1651032000000,2022-04-27 04:00:00,ETH/USD,2836.83,2916.31,2821.22,2884.31,4301.518994,12406914.24958410
1650978000000,2022-04-26 13:00:00,ETH/USD,2977.55,2985.33,2768.24,2864.53,12883.101027,36904029.38487230
1650945600000,2022-04-26 04:00:00,ETH/USD,3001.21,3020.0,2768.24,2836.83,9394.276104,26649964.280110300
1650891600000,2022-04-25 13:00:00,ETH/USD,2860.83,3036.4,2842.38,2977.55,14013.786302,41726749.40352010
1650859200000,2022-04-25 04:00:00,ETH/USD,2877.05,3036.4,2796.99,3001.21,15692.955806,47097855.89452530
1650805200000,2022-04-24 13:00:00,ETH/USD,2936.59,2967.34,2796.99,2860.83,8055.939336,23046672.93060890
1650772800000,2022-04-24 04:00:00,ETH/USD,2957.04,2967.34,2841.65,2877.05,5476.736568,15756844.942964400
1650718800000,2022-04-23 13:00:00,ETH/USD,2963.15,2979.4,2923.43,2936.59,5529.331921,16237380.82588940
1650686400000,2022-04-23 04:00:00,ETH/USD,2949.61,2979.4,2920.0,2957.04,8814.180203,26063883.427479100
1650632400000,2022-04-22 13:00:00,ETH/USD,3001.88,3015.44,2920.0,2963.15,9538.813743,28264935.94257050
1650600000000,2022-04-22 04:00:00,ETH/USD,2995.32,3032.74,2934.58,2949.61,7008.595113,20672622.231255900
1650546000000,2022-04-21 13:00:00,ETH/USD,3166.38,3178.67,2856.0,3001.88,9599.397911,28816240.60107270
1650513600000,2022-04-21 04:00:00,ETH/USD,3097.79,3178.7,2856.0,2995.32,9705.211494,29070214.09220810
1650459600000,2022-04-20 13:00:00,ETH/USD,3161.37,3178.7,3037.89,3166.38,6339.967745,20074747.0684131
1650427200000,2022-04-20 04:00:00,ETH/USD,3093.42,3106.4,3085.4,3097.79,725.387482,2247098.08786478
1650373200000,2022-04-19 13:00:00,ETH/USD,3061.12,3168.72,3049.06,3161.37,8929.227914,28228593.250482200
1650340800000,2022-04-19 04:00:00,ETH/USD,3038.84,3131.41,3029.33,3093.42,8159.654323,25241237.87585470
1650286800000,2022-04-18 13:00:00,ETH/USD,2942.91,3095.0,2895.73,3061.12,11929.663464,36518131.422919700
1650254400000,2022-04-18 04:00:00,ETH/USD,2995.96,3095.0,2884.63,3038.84,13402.234153,40727245.23350250
1650200400000,2022-04-17 13:00:00,ETH/USD,3048.85,3082.19,2884.63,2942.91,7638.196597,22478525.14727730
1650168000000,2022-04-17 04:00:00,ETH/USD,3031.8,3082.19,2972.56,2995.96,4513.690871,13522837.301881200
1650114000000,2022-04-16 13:00:00,ETH/USD,3043.97,3085.44,3012.19,3048.85,2832.574174,8636093.7703999
1650081600000,2022-04-16 04:00:00,ETH/USD,3038.6,3085.44,3012.19,3031.8,3427.655176,10391964.962596800
1650027600000,2022-04-15 13:00:00,ETH/USD,3020.82,3059.46,2995.43,3043.97,5425.044138,16513671.60474790
1649995200000,2022-04-15 04:00:00,ETH/USD,3041.67,3059.46,2995.43,3038.6,5342.055199,16232368.927681400
1649941200000,2022-04-14 13:00:00,ETH/USD,3088.56,3100.0,2976.71,3020.82,6420.565952,19395374.03912060
1649908800000,2022-04-14 04:00:00,ETH/USD,3119.16,3124.83,2976.71,3041.67,7070.945334,21507482.29406780
1649854800000,2022-04-13 13:00:00,ETH/USD,3007.51,3144.93,2997.79,3088.56,9184.702321,28367504.200547800
1649822400000,2022-04-13 04:00:00,ETH/USD,3049.86,3144.93,3049.86,3119.16,3570.745156,11137725.46078900
1649768400000,2022-04-12 13:00:00,ETH/USD,3081.78,3085.93,2967.24,3007.51,8268.199667,24866693.180499200
1649736000000,2022-04-12 04:00:00,ETH/USD,2983.0,3085.93,2967.24,3049.86,10468.783913,31928325.30490220
1649682000000,2022-04-11 13:00:00,ETH/USD,3054.28,3082.76,2948.33,3081.78,18777.716983,57868792.643869700
1649649600000,2022-04-11 04:00:00,ETH/USD,3173.71,3189.17,2948.33,2983.0,18830.138526,56170303.22305800
1649595600000,2022-04-10 13:00:00,ETH/USD,3243.17,3308.07,3026.73,3054.28,6197.039124,18927492.65565070
1649563200000,2022-04-10 04:00:00,ETH/USD,3257.61,3308.07,3153.95,3173.71,3591.96024,11399840.133290400
1649509200000,2022-04-09 13:00:00,ETH/USD,3231.08,3269.05,3202.81,3243.17,2688.472028,8719171.82704876
1649476800000,2022-04-09 04:00:00,ETH/USD,3211.57,3269.05,3195.56,3257.61,2560.732002,8341866.177035220
1649422800000,2022-04-08 13:00:00,ETH/USD,3240.81,3308.48,3175.0,3231.08,6261.222335,20230510.2621718
1649390400000,2022-04-08 04:00:00,ETH/USD,3268.64,3313.33,3175.0,3211.57,7703.566401,24740542.74645960
1649336400000,2022-04-07 13:00:00,ETH/USD,3231.64,3313.33,3160.0,3240.81,9874.876364,32002598.06921480
1649304000000,2022-04-07 04:00:00,ETH/USD,3189.03,3276.01,3160.0,3268.64,10417.701824,34051716.88999940
1649250000000,2022-04-06 13:00:00,ETH/USD,3307.47,3321.01,3142.43,3231.64,13442.732993,43442073.649498500
1649217600000,2022-04-06 04:00:00,ETH/USD,3341.06,3341.06,3142.43,3189.03,8638.679459,27549007.955134800
1649163600000,2022-04-05 13:00:00,ETH/USD,3509.34,3516.71,3268.16,3307.47,13491.676631,44623315.70673360
1649131200000,2022-04-05 04:00:00,ETH/USD,3524.4,3554.92,3268.16,3341.06,11968.108328,39986168.01034770
1649077200000,2022-04-04 13:00:00,ETH/USD,3466.51,3554.92,3409.35,3509.34,7731.053691,27130895.959973900
1649044800000,2022-04-04 04:00:00,ETH/USD,3490.18,3547.79,3409.35,3524.4,7719.240021,27205689.5300124
1648990800000,2022-04-03 13:00:00,ETH/USD,3493.86,3581.61,3449.21,3466.51,11237.820111,38956015.792982600
1648958400000,2022-04-03 04:00:00,ETH/USD,3455.91,3581.61,3453.85,3490.18,11264.019757,39313456.475486300
1648904400000,2022-04-02 13:00:00,ETH/USD,3509.07,3527.89,3414.99,3493.86,4804.038495,16784637.9361407
1648872000000,2022-04-02 04:00:00,ETH/USD,3475.0,3530.86,3414.99,3455.91,4059.933864,14030766.039936200
1648818000000,2022-04-01 13:00:00,ETH/USD,3311.64,3530.86,3311.64,3509.07,10900.304945,38249933.07335120
1648785600000,2022-04-01 04:00:00,ETH/USD,3250.24,3524.29,3243.6,3475.0,11519.121877,40028948.522575
1648731600000,2022-03-31 13:00:00,ETH/USD,3429.61,3443.96,3212.93,3311.64,8801.451125,29147237.603595000
1648699200000,2022-03-31 04:00:00,ETH/USD,3397.59,3446.64,3212.93,3250.24,8054.224848,26178163.769963500
1648645200000,2022-03-30 13:00:00,ETH/USD,3401.79,3447.23,3350.0,3429.61,6406.710827,21972519.51938750
1648612800000,2022-03-30 04:00:00,ETH/USD,3384.66,3447.23,3372.55,3397.59,4006.855694,13613652.83737750
1648558800000,2022-03-29 13:00:00,ETH/USD,3465.75,3475.32,3333.61,3401.79,9474.916546,32231676.357017300
1648526400000,2022-03-29 04:00:00,ETH/USD,3373.54,3483.72,3333.61,3384.66,15243.182114,51592988.77397120
1648472400000,2022-03-28 13:00:00,ETH/USD,3338.92,3483.72,3317.54,3465.75,22843.203905,79168833.93375370
1648440000000,2022-03-28 04:00:00,ETH/USD,3314.26,3435.57,3302.2,3373.54,18008.87692,60753666.644696800
1648386000000,2022-03-27 13:00:00,ETH/USD,3129.14,3357.79,3128.59,3338.92,8906.335647,29737542.21848120
1648353600000,2022-03-27 04:00:00,ETH/USD,3146.92,3325.69,3128.59,3314.26,7030.009798,23299280.273119500
1648299600000,2022-03-26 13:00:00,ETH/USD,3126.2,3169.74,3110.34,3129.14,2771.724088,8673112.712724320
1648267200000,2022-03-26 04:00:00,ETH/USD,3111.44,3169.74,3102.05,3146.92,2908.655319,9153305.59646748
1648213200000,2022-03-25 13:00:00,ETH/USD,3185.14,3188.0,3077.13,3126.2,10101.274832,31578605.379798400
1648180800000,2022-03-25 04:00:00,ETH/USD,3137.6,3195.0,3077.13,3111.44,11784.245634,36665973.235453000
1648126800000,2022-03-24 13:00:00,ETH/USD,3014.44,3195.0,3005.0,3185.14,15255.614169,48591266.91424870
1648094400000,2022-03-24 04:00:00,ETH/USD,3019.44,3143.02,3005.0,3137.6,22356.028105,70144273.782248
1648040400000,2022-03-23 13:00:00,ETH/USD,2965.26,3083.79,2949.39,3014.44,17646.118223,53193164.61614010
1648008000000,2022-03-23 04:00:00,ETH/USD,2948.2,3083.79,2948.2,3019.44,5223.562013,15772232.08453270
1647954000000,2022-03-22 13:00:00,ETH/USD,3012.03,3030.0,2922.62,2965.26,9549.774353,28317563.897976800
1647921600000,2022-03-22 04:00:00,ETH/USD,3007.04,3054.28,2926.75,2948.2,11557.750333,34074559.5317506
1647867600000,2022-03-21 13:00:00,ETH/USD,2915.35,3054.28,2883.99,3012.03,11419.948194,34397226.55877380
1647835200000,2022-03-21 04:00:00,ETH/USD,2846.34,3028.83,2846.34,3007.04,4654.075474,13994991.11333700
1647781200000,2022-03-20 13:00:00,ETH/USD,2893.56,2925.21,2820.0,2915.35,5988.46655,17458475.9565425
1647748800000,2022-03-20 04:00:00,ETH/USD,2934.86,2937.68,2820.0,2846.34,6340.360175,18046820.7805095
1647694800000,2022-03-19 13:00:00,ETH/USD,2973.41,2986.87,2870.9,2893.56,5686.121008,16453132.30390850
1647662400000,2022-03-19 04:00:00,ETH/USD,2949.9,2986.87,2896.58,2934.86,6323.398697,18558289.89987740
1647608400000,2022-03-18 13:00:00,ETH/USD,2808.17,2985.96,2790.79,2973.41,20502.361299,60961926.11005960
1647576000000,2022-03-18 04:00:00,ETH/USD,2780.99,2985.96,2773.38,2949.9,20905.185591,61668206.9748909
1647522000000,2022-03-17 13:00:00,ETH/USD,2805.94,2837.69,2769.53,2808.17,9831.265698,27607865.39515270
1647489600000,2022-03-17 04:00:00,ETH/USD,2766.7,2837.69,2748.36,2780.99,9305.659095,25878944.886604100
1647435600000,2022-03-16 13:00:00,ETH/USD,2672.57,2819.66,2634.76,2805.94,8662.330805,24305980.4989817
1647403200000,2022-03-16 04:00:00,ETH/USD,2623.03,2790.0,2623.03,2766.7,6476.770108,17919279.857803600
1647349200000,2022-03-15 13:00:00,ETH/USD,2549.71,2732.11,2522.49,2672.57,11729.508764,31347933.237403500
1647316800000,2022-03-15 04:00:00,ETH/USD,2545.33,2732.11,2507.62,2623.03,12987.104094,34065563.65168480
1647262800000,2022-03-14 13:00:00,ETH/USD,2573.13,2602.25,2507.62,2549.71,11585.864387,29540594.28617780
1647230400000,2022-03-14 04:00:00,ETH/USD,2537.08,2608.83,2511.13,2545.33,9470.211207,24104812.69151330
1647176400000,2022-03-13 13:00:00,ETH/USD,2543.18,2608.83,2494.49,2573.13,5520.284613,14204409.94624870
1647144000000,2022-03-13 04:00:00,ETH/USD,2591.5,2597.02,2494.49,2537.08,5705.082324,14474250.26257390
1647090000000,2022-03-12 13:00:00,ETH/USD,2590.56,2614.95,2534.18,2543.18,5235.202321,13314061.838720800
1647057600000,2022-03-12 04:00:00,ETH/USD,2584.76,2614.95,2559.46,2591.5,4089.407994,10597700.816451
1647003600000,2022-03-11 13:00:00,ETH/USD,2655.08,2655.88,2527.54,2590.56,7318.123674,18958038.46491740
1646971200000,2022-03-11 04:00:00,ETH/USD,2553.23,2677.24,2527.54,2584.76,8759.455956,22641091.376830600
1646917200000,2022-03-10 13:00:00,ETH/USD,2601.25,2677.24,2523.9,2655.08,8420.696664,22357623.29865310
1646884800000,2022-03-10 04:00:00,ETH/USD,2660.0,2664.31,2523.9,2553.23,9191.282297,23467457.699169300
1646830800000,2022-03-09 13:00:00,ETH/USD,2740.18,2766.05,2574.22,2601.25,10954.269715,28494794.096143800
1646798400000,2022-03-09 04:00:00,ETH/USD,2698.86,2736.26,2653.58,2660.0,5289.402999,14069811.97734
1646744400000,2022-03-08 13:00:00,ETH/USD,2575.67,2773.42,2525.13,2740.18,15159.444459,41539606.517662600
1646712000000,2022-03-08 04:00:00,ETH/USD,2549.45,2718.04,2549.45,2698.86,3123.906047,8430985.07400642
1646658000000,2022-03-07 13:00:00,ETH/USD,2560.6,2648.9,2446.54,2575.67,16383.838474,42199361.24232760
1646625600000,2022-03-07 04:00:00,ETH/USD,2526.68,2648.9,2446.54,2549.45,15495.590924,39505234.281191800
1646571600000,2022-03-06 13:00:00,ETH/USD,2619.12,2655.64,2495.12,2560.6,11388.010878,29160140.654206800
1646539200000,2022-03-06 04:00:00,ETH/USD,2636.15,2660.3,2505.55,2526.68,9466.894559,23919813.14433410
1646485200000,2022-03-05 13:00:00,ETH/USD,2655.06,2684.42,2590.61,2619.12,2612.300584,6841928.70556608
1646452800000,2022-03-05 04:00:00,ETH/USD,2627.38,2684.42,2611.23,2636.15,2500.438389,6591530.65916235
1646398800000,2022-03-04 13:00:00,ETH/USD,2726.25,2754.62,2573.0,2655.06,14832.243734,39380497.04839400
1646366400000,2022-03-04 04:00:00,ETH/USD,2725.05,2758.21,2573.0,2627.38,16412.956125,43123072.6637025
1646312400000,2022-03-03 13:00:00,ETH/USD,2913.88,2937.01,2690.37,2726.25,11466.144284,31259575.854255
1646280000000,2022-03-03 04:00:00,ETH/USD,2898.16,2937.01,2690.37,2725.05,10592.143656,28864121.0697828
1646226000000,2022-03-02 13:00:00,ETH/USD,2986.61,3035.32,2872.59,2913.88,10206.902197,29741688.17379440
1646193600000,2022-03-02 04:00:00,ETH/USD,3019.35,3019.35,2889.76,2898.16,5483.61276,15892387.1565216
1646139600000,2022-03-01 13:00:00,ETH/USD,2953.62,3044.77,2897.16,2986.61,19471.224187,58152952.86913610
1646107200000,2022-03-01 04:00:00,ETH/USD,2913.85,3040.26,2855.75,3019.35,20939.418354,63223432.8071499
1646053200000,2022-02-28 13:00:00,ETH/USD,2632.12,2973.41,2608.2,2953.62,20986.590641,61986413.849070400
1646020800000,2022-02-28 04:00:00,ETH/USD,2607.83,2973.41,2570.67,2913.85,17658.509346,51454247.4578421
1645966800000,2022-02-27 13:00:00,ETH/USD,2829.84,2830.03,2559.13,2632.12,12006.21596,31601801.152635200
1645934400000,2022-02-27 04:00:00,ETH/USD,2719.89,2836.52,2559.13,2607.83,11748.928717,30639208.77605410
1645880400000,2022-02-26 13:00:00,ETH/USD,2762.77,2855.98,2679.36,2829.84,5138.004639,14539731.04762780
1645848000000,2022-02-26 04:00:00,ETH/USD,2797.16,2855.98,2679.36,2719.89,5724.582997,15570236.047710300
1645794000000,2022-02-25 13:00:00,ETH/USD,2709.64,2877.47,2658.23,2762.77,13262.008457,36639879.10474590
1645761600000,2022-02-25 04:00:00,ETH/USD,2639.56,2877.47,2570.0,2797.16,13672.4451,38244016.535916
1645707600000,2022-02-24 13:00:00,ETH/USD,2366.0,2737.58,2350.39,2709.64,21672.47235,58724597.978454000
1645675200000,2022-02-24 04:00:00,ETH/USD,2398.44,2650.58,2398.44,2639.56,1213.946664,3204285.05642784
1645621200000,2022-02-23 13:00:00,ETH/USD,2743.15,2755.29,2300.0,2366.0,37529.267641,88794247.23860600
1645588800000,2022-02-23 04:00:00,ETH/USD,2626.97,2755.29,2390.0,2398.44,24233.802504,58123321.27769380
1645534800000,2022-02-22 13:00:00,ETH/USD,2605.74,2752.0,2571.3,2743.15,14819.139125,40651121.49074380
1645502400000,2022-02-22 04:00:00,ETH/USD,2518.16,2666.56,2500.76,2626.97,13666.419814,35901274.85878360
1645448400000,2022-02-21 13:00:00,ETH/USD,2610.1,2752.21,2500.76,2605.74,13007.156316,33893267.49885380
1645416000000,2022-02-21 04:00:00,ETH/USD,2712.05,2758.87,2508.39,2518.16,14135.578275,35595647.788974000
1645362000000,2022-02-20 13:00:00,ETH/USD,2626.6,2758.87,2576.27,2610.1,8148.203006,21267624.6659606
1645329600000,2022-02-20 04:00:00,ETH/USD,2713.85,2739.87,2576.27,2712.05,8994.485659,24393494.831491000
1645275600000,2022-02-19 13:00:00,ETH/USD,2712.65,2795.89,2599.73,2626.6,8591.363674,22566075.8261284
1645243200000,2022-02-19 04:00:00,ETH/USD,2805.75,2825.9,2697.68,2713.85,6091.007626,16530081.045820100
1645189200000,2022-02-18 13:00:00,ETH/USD,2903.15,2908.68,2703.22,2712.65,11291.093,30628783.426450000
1645156800000,2022-02-18 04:00:00,ETH/USD,2909.76,2945.32,2751.41,2805.75,10604.167656,29752643.400822
1645102800000,2022-02-17 13:00:00,ETH/USD,3065.71,3074.16,2854.42,2903.15,13007.235432,37761955.5444108
1645070400000,2022-02-17 04:00:00,ETH/USD,3086.51,3137.24,2854.42,2909.76,14003.747057,40747543.03657630
1645016400000,2022-02-16 13:00:00,ETH/USD,3118.37,3190.11,3036.44,3065.71,9377.547316,28748840.582134400
1644984000000,2022-02-16 04:00:00,ETH/USD,3144.0,3190.11,3047.16,3086.51,4474.832795,13811616.170095500
1644930000000,2022-02-15 13:00:00,ETH/USD,3111.66,3199.01,3089.06,3118.37,7360.822702,22953768.68923570
1644897600000,2022-02-15 04:00:00,ETH/USD,3028.17,3199.01,3009.74,3144.0,9184.386861,28875712.290984
1644843600000,2022-02-14 13:00:00,ETH/USD,2929.69,3117.7,2859.39,3111.66,9270.049148,28845241.13186570
1644811200000,2022-02-14 04:00:00,ETH/USD,2867.47,3043.57,2845.8,3028.17,7306.986504,22126797.32181770
1644757200000,2022-02-13 13:00:00,ETH/USD,2936.91,2954.35,2830.04,2929.69,5101.568192,14946013.316420500
1644724800000,2022-02-13 04:00:00,ETH/USD,2918.62,2954.35,2830.04,2867.47,4511.907383,12937759.063531000
1644670800000,2022-02-12 13:00:00,ETH/USD,2915.09,2986.53,2860.0,2936.91,4489.824088,13186209.26228810
1644638400000,2022-02-12 04:00:00,ETH/USD,2936.43,2986.53,2860.0,2918.62,5318.854862,15523716.17733040
1644584400000,2022-02-11 13:00:00,ETH/USD,3104.91,3142.11,2876.56,2915.09,16119.396137,46989490.48500730
1644552000000,2022-02-11 04:00:00,ETH/USD,3082.51,3142.11,2876.56,2936.43,16563.86841,48638640.1151763
1644498000000,2022-02-10 13:00:00,ETH/USD,3247.92,3269.3,3004.12,3104.91,18058.657971,56070507.72073760
1644465600000,2022-02-10 04:00:00,ETH/USD,3182.48,3283.83,3004.12,3082.51,18345.590993,56550467.69183240
1644411600000,2022-02-09 13:00:00,ETH/USD,3184.09,3283.83,3159.0,3247.92,12211.019652,39660414.94812380
1644379200000,2022-02-09 04:00:00,ETH/USD,3079.5,3247.93,3079.5,3182.48,1135.705266,3614359.29493968
1644325200000,2022-02-08 13:00:00,ETH/USD,3067.37,3194.32,3028.38,3184.09,13398.617121,42662402.78880490
1644292800000,2022-02-08 04:00:00,ETH/USD,3149.58,3233.32,3028.38,3079.5,19213.349039,59167508.365600500
1644238800000,2022-02-07 13:00:00,ETH/USD,3075.0,3233.32,3052.87,3067.37,18729.217572,57449440.10382560
1644206400000,2022-02-07 04:00:00,ETH/USD,3072.9,3195.0,3052.59,3149.58,12873.933417,40547483.21151490
1644152400000,2022-02-06 13:00:00,ETH/USD,3011.62,3111.39,2947.69,3075.0,10432.298888,32079319.080600000
1644120000000,2022-02-06 04:00:00,ETH/USD,3011.36,3077.03,2947.69,3072.9,9226.545834,28352252.6932986
1644066000000,2022-02-05 13:00:00,ETH/USD,3009.27,3062.85,2964.23,3011.62,6380.10758,19214459.590079600
1644033600000,2022-02-05 04:00:00,ETH/USD,3000.46,3062.85,2964.23,3011.36,7247.098604,21823622.85214140
1643979600000,2022-02-04 13:00:00,ETH/USD,2839.78,3038.64,2764.32,3009.27,25029.212758,75319659.07626670
1643947200000,2022-02-04 04:00:00,ETH/USD,2685.66,3018.68,2678.05,3000.46,30992.36511,92991351.81795060
1643893200000,2022-02-03 13:00:00,ETH/USD,2617.18,2868.66,2576.87,2839.78,15187.929452,43130378.299200600
1643860800000,2022-02-03 04:00:00,ETH/USD,2659.3,2700.0,2576.87,2685.66,11232.318486,30166188.46511080
1643806800000,2022-02-02 13:00:00,ETH/USD,2803.4,2909.13,2577.55,2617.18,26220.484152,68623726.71293140
1643774400000,2022-02-02 04:00:00,ETH/USD,2783.81,2909.13,2615.32,2659.3,17479.314561,46482741.2120673
1643720400000,2022-02-01 13:00:00,ETH/USD,2782.86,2815.85,2732.0,2803.4,16807.197765,47117298.21440100
1643688000000,2022-02-01 04:00:00,ETH/USD,2754.14,2815.69,2719.52,2783.81,17279.053623,48101602.26624360
1643634000000,2022-01-31 13:00:00,ETH/USD,2542.0,2796.68,2520.4,2782.86,17416.525922,48467753.32729690
1643601600000,2022-01-31 04:00:00,ETH/USD,2513.24,2762.22,2477.94,2754.14,15437.324566,42516553.080203200
1643547600000,2022-01-30 13:00:00,ETH/USD,2617.0,2632.37,2477.94,2542.0,10993.037457,27944301.215694
1643515200000,2022-01-30 04:00:00,ETH/USD,2572.69,2640.79,2492.7,2513.24,13163.115512,33082068.42937890
1643461200000,2022-01-29 13:00:00,ETH/USD,2576.17,2640.79,2526.99,2617.0,14541.069685,38053979.365645
1643428800000,2022-01-29 04:00:00,ETH/USD,2542.99,2636.77,2525.79,2572.69,13384.661797,34434585.55852390
1643374800000,2022-01-28 13:00:00,ETH/USD,2375.3,2590.83,2371.06,2576.17,20034.104135,51611258.04946300
1643342400000,2022-01-28 04:00:00,ETH/USD,2449.0,2587.77,2359.07,2542.99,20192.235053,51348651.81742850
1643288400000,2022-01-27 13:00:00,ETH/USD,2458.68,2521.75,2316.47,2375.3,19992.121714,47487286.70726420
1643256000000,2022-01-27 04:00:00,ETH/USD,2366.57,2521.75,2316.47,2449.0,22080.650799,54075513.806751
1643202000000,2022-01-26 13:00:00,ETH/USD,2535.52,2724.02,2356.27,2458.68,36225.390478,89066643.06044900
1643169600000,2022-01-26 04:00:00,ETH/USD,2478.33,2724.02,2356.27,2366.57,23554.129956,55742497.329970900
1643115600000,2022-01-25 13:00:00,ETH/USD,2440.86,2549.42,2367.12,2535.52,24373.459244,61799393.38234690
1643083200000,2022-01-25 04:00:00,ETH/USD,2416.82,2507.5,2352.0,2478.33,22862.953309,56661943.07429400
1643029200000,2022-01-24 13:00:00,ETH/USD,2187.71,2482.55,2152.9,2440.86,41327.86998,100875544.71938300
1642996800000,2022-01-24 04:00:00,ETH/USD,2462.01,2482.55,2152.9,2416.82,51998.057839,125669946.146452
1642942800000,2022-01-23 13:00:00,ETH/USD,2499.45,2548.33,2173.79,2187.71,28123.552948,61526178.01986910
1642910400000,2022-01-23 04:00:00,ETH/USD,2417.89,2550.0,2370.67,2462.01,21745.573919,53537820.44431720
1642856400000,2022-01-22 13:00:00,ETH/USD,2492.05,2550.0,2318.88,2499.45,25805.054622,64498443.774957900
1642824000000,2022-01-22 04:00:00,ETH/USD,2567.02,2576.92,2301.02,2417.89,30311.5588,73290014.906932
1642770000000,2022-01-21 13:00:00,ETH/USD,2776.95,2861.35,2301.02,2492.05,47881.219675,119322393.49108400
1642737600000,2022-01-21 04:00:00,ETH/USD,2837.62,2899.56,2465.6,2567.02,42732.086924,109694121.7756470
1642683600000,2022-01-20 13:00:00,ETH/USD,3136.0,3272.35,2732.93,2776.95,30130.478266,83670831.6207687
1642651200000,2022-01-20 04:00:00,ETH/USD,3127.32,3272.35,2809.73,2837.62,23506.834536,66703463.816044300
1642597200000,2022-01-19 13:00:00,ETH/USD,3119.73,3162.78,3084.18,3136.0,8713.546273,27325681.112128
1642564800000,2022-01-19 04:00:00,ETH/USD,3099.15,3158.28,3084.18,3127.32,4860.46013,15200214.173751600
1642510800000,2022-01-18 13:00:00,ETH/USD,3161.52,3196.19,3048.0,3119.73,13104.782123,40883381.9325868
1642478400000,2022-01-18 04:00:00,ETH/USD,3183.74,3208.5,3084.43,3099.15,10952.18386,33942460.609719
1642424400000,2022-01-17 13:00:00,ETH/USD,3262.79,3276.44,3130.64,3161.52,10151.649462,32094642.807102200
1642392000000,2022-01-17 04:00:00,ETH/USD,3258.93,3300.13,3143.36,3183.74,9619.139092,30624837.892764100
1642338000000,2022-01-16 13:00:00,ETH/USD,3337.46,3394.38,3236.11,3262.79,8847.806312,28868533.95673050
1642305600000,2022-01-16 04:00:00,ETH/USD,3318.0,3394.38,3258.37,3258.93,11374.972916,37070240.48513990
1642251600000,2022-01-15 13:00:00,ETH/USD,3283.45,3373.06,3276.55,3337.46,14418.451443,48121004.95295480
1642219200000,2022-01-15 04:00:00,ETH/USD,3310.39,3373.06,3265.02,3318.0,15073.893145,50015177.45511
1642132800000,2022-01-14 04:00:00,ETH/USD,3270.05,3350.0,3189.99,3310.39,6524.496092,21598626.61799590
1642046400000,2022-01-13 04:00:00,ETH/USD,3339.38,3418.67,3225.01,3270.05,10273.333845,33594315.33984230
1641960000000,2022-01-12 04:00:00,ETH/USD,3236.75,3412.21,3236.75,3339.38,6918.746875,23104324.9394375
1641873600000,2022-01-11 04:00:00,ETH/USD,3121.61,3266.7,3076.33,3236.75,15945.03471,51610091.0975925
1641787200000,2022-01-10 04:00:00,ETH/USD,3156.85,3181.08,2928.15,3121.61,27474.455224,85764534.17179060
1641700800000,2022-01-09 04:00:00,ETH/USD,3121.67,3211.99,3075.0,3156.85,9414.835438,29721223.2524503
1641614400000,2022-01-08 04:00:00,ETH/USD,3204.4,3247.91,3000.0,3121.67,14224.653358,44404673.64806790
1641528000000,2022-01-07 04:00:00,ETH/USD,3237.0,3285.53,3062.98,3204.4,23738.94741,76069083.080604
1641441600000,2022-01-06 04:00:00,ETH/USD,3446.36,3479.53,3225.88,3237.0,19475.34952,63041706.396240000
1641355200000,2022-01-05 04:00:00,ETH/USD,3809.6,3819.94,3410.01,3446.36,16632.281149,57320828.46066760
1641268800000,2022-01-04 04:00:00,ETH/USD,3745.53,3893.4,3728.61,3809.6,12172.407486,46372003.558665600
1641182400000,2022-01-03 04:00:00,ETH/USD,3786.35,3850.54,3682.2,3745.53,9628.060345,36062188.86400790
1641096000000,2022-01-02 04:00:00,ETH/USD,3759.34,3857.0,3718.8,3786.35,4428.074679,16766240.560831700
1641009600000,2022-01-01 04:00:00,ETH/USD,3722.62,3777.71,3675.0,3759.34,7091.010262,26657518.51834710
1640923200000,2021-12-31 04:00:00,ETH/USD,3743.89,3813.86,3621.88,3722.62,15688.125205,58400928.6506371
1640836800000,2021-12-30 04:00:00,ETH/USD,3651.67,3769.86,3648.91,3743.89,10444.803318,39104194.69422700
1640750400000,2021-12-29 04:00:00,ETH/USD,3817.1,3825.17,3585.37,3651.67,13267.354429,48448000.14774640
1640664000000,2021-12-28 04:00:00,ETH/USD,3961.27,3961.27,3760.02,3817.1,14041.565435,53598059.4219385
1640577600000,2021-12-27 04:00:00,ETH/USD,4082.87,4127.75,3929.99,3961.27,7628.942969,30220302.914810600
1640491200000,2021-12-26 04:00:00,ETH/USD,4016.54,4105.44,4007.48,4082.87,4721.745034,19278271.14696760
1640404800000,2021-12-25 04:00:00,ETH/USD,4040.26,4141.27,4010.44,4016.54,2821.108799,11331096.335535500
1640318400000,2021-12-24 04:00:00,ETH/USD,4093.64,4137.75,4021.0,4040.26,5158.780868,20842815.98974570
1640232000000,2021-12-23 04:00:00,ETH/USD,3962.74,4154.36,3895.26,4093.64,12631.980324,51710779.93353940
1640145600000,2021-12-22 04:00:00,ETH/USD,4049.88,4049.88,3911.91,3962.74,4411.484582,17481566.41247470
1640059200000,2021-12-21 04:00:00,ETH/USD,4008.6,4078.38,3964.86,4049.88,16119.793616,65283229.76956610
1639972800000,2021-12-20 04:00:00,ETH/USD,3908.59,4022.67,3756.01,4008.6,14477.071778,58032789.929290800
1639886400000,2021-12-19 04:00:00,ETH/USD,3991.14,4028.97,3887.52,3908.59,6976.086957,27266663.719260600
1639800000000,2021-12-18 04:00:00,ETH/USD,3880.62,4031.69,3842.93,3991.14,9595.302221,38296194.50632190
1639713600000,2021-12-17 04:00:00,ETH/USD,3967.11,3989.11,3700.0,3880.62,11272.521954,43744374.145131500
1639627200000,2021-12-16 04:00:00,ETH/USD,4021.89,4040.12,3934.17,3967.11,3857.236425,15302081.19398180
1639540800000,2021-12-15 04:00:00,ETH/USD,3848.56,4093.04,3643.95,4021.89,28013.107156,112665635.53964500
1639454400000,2021-12-14 04:00:00,ETH/USD,3776.71,3896.0,3687.32,3848.56,14855.686596,57173001.20590180
1639368000000,2021-12-13 04:00:00,ETH/USD,3997.89,4048.31,3666.12,3776.71,24586.185122,92854891.21210860
1639281600000,2021-12-12 04:00:00,ETH/USD,4044.98,4177.99,3952.59,3997.89,7244.408474,28962348.19411990
1639195200000,2021-12-11 04:00:00,ETH/USD,4013.01,4100.0,3935.19,4044.98,8434.023506,34115456.40129990
1639108800000,2021-12-10 04:00:00,ETH/USD,4142.53,4199.47,3834.59,4013.01,21071.5294406,84560258.36042220
1639022400000,2021-12-09 04:00:00,ETH/USD,4362.77,4362.77,4077.15,4142.53,5090.58213517,21087889.21240580
1638936000000,2021-12-08 04:00:00,ETH/USD,4299.35,4490.84,4229.99,4362.77,11082.62828299,48350958.19418030
1638849600000,2021-12-07 04:00:00,ETH/USD,4345.53,4429.8,4260.0,4299.35,16009.61212254,68830925.87904240
1638763200000,2021-12-06 04:00:00,ETH/USD,4173.56,4392.08,3919.36,4345.53,25285.08879228,109877111.8995170
1638676800000,2021-12-05 04:00:00,ETH/USD,4170.69,4256.38,4037.03,4173.56,32077.94274451,133879218.72077700
1638590400000,2021-12-04 04:00:00,ETH/USD,4060.15,4186.92,3500.0,4170.69,56282.16526486,234735463.84849900
1638504000000,2021-12-03 04:00:00,ETH/USD,4498.17,4659.4,4038.35,4060.15,36007.58547673,146196198.1733450
1638417600000,2021-12-02 04:00:00,ETH/USD,4495.57,4572.09,4436.79,4498.17,8651.56860064,38916226.33234080
1638331200000,2021-12-01 04:00:00,ETH/USD,4764.0,4783.96,4455.1,4495.57,13931.58933245,62630435.05528220
1638244800000,2021-11-30 04:00:00,ETH/USD,4439.72,4770.0,4348.25,4764.0,32006.01845359,152476671.91290300
1638158400000,2021-11-29 04:00:00,ETH/USD,4309.05,4506.49,4282.97,4439.72,15790.12819507,70103747.95021620
1638072000000,2021-11-28 04:00:00,ETH/USD,4026.45,4376.45,3967.69,4309.05,10451.75445513,45037132.534877900
1637985600000,2021-11-27 04:00:00,ETH/USD,4118.85,4186.25,3983.47,4026.45,7318.2886882,29466723.488602900
1637899200000,2021-11-26 04:00:00,ETH/USD,4431.5,4449.82,3917.85,4118.85,24526.69822597,101021790.98803700
1637812800000,2021-11-25 04:00:00,ETH/USD,4318.79,4556.0,4267.62,4431.5,11814.69202484,52356807.70807850
1637726400000,2021-11-24 04:00:00,ETH/USD,4248.78,4341.63,4165.0,4318.79,13251.24069888,57229325.81791600
1637640000000,2021-11-23 04:00:00,ETH/USD,4179.91,4390.01,4063.07,4248.78,19152.83899431,81376199.26224450
1637553600000,2021-11-22 04:00:00,ETH/USD,4168.73,4319.66,4025.11,4179.91,13214.33180799,55234717.66753550
1637467200000,2021-11-21 04:00:00,ETH/USD,4342.02,4426.53,4146.74,4168.73,7037.28686755,29336548.88336170
1637380800000,2021-11-20 04:00:00,ETH/USD,4286.86,4438.41,4206.79,4342.02,7996.81391472,34722325.95399250
1637294400000,2021-11-19 04:00:00,ETH/USD,4011.46,4338.2,4007.9,4286.86,13307.54610867,57047587.11141310
1637208000000,2021-11-18 04:00:00,ETH/USD,4284.96,4284.96,3960.04,4011.46,24687.52908214,99033035.41184130
1637121600000,2021-11-17 04:00:00,ETH/USD,4123.92,4348.15,4081.97,4284.96,13014.52382824,55766714.02305530
1637035200000,2021-11-16 04:00:00,ETH/USD,4313.51,4367.65,4068.01,4123.92,19232.0481519,79311428.01458340
1636948800000,2021-11-15 04:00:00,ETH/USD,4705.77,4770.0,4237.77,4313.51,24972.33925799,107718435.11273200
1636862400000,2021-11-14 04:00:00,ETH/USD,4628.61,4724.96,4516.77,4705.77,6642.75946171,31259298.192131100
1636776000000,2021-11-13 04:00:00,ETH/USD,4643.05,4700.64,4586.64,4628.61,3310.37147733,15322418.52368440
1636689600000,2021-11-12 04:00:00,ETH/USD,4774.3,4774.3,4617.96,4643.05,3730.53197152,17321046.470365900
1636603200000,2021-11-11 04:00:00,ETH/USD,4636.05,4810.01,4623.92,4774.3,15930.56087839,76057276.80169740
1636516800000,2021-11-10 04:00:00,ETH/USD,4692.89,4870.51,4470.0,4636.05,21539.53956915,99858382.41955790
1636430400000,2021-11-09 04:00:00,ETH/USD,4816.0,4841.78,4679.49,4692.89,12240.81827432,57444813.67137360
1636344000000,2021-11-08 04:00:00,ETH/USD,4724.67,4826.0,4706.05,4816.0,15375.43645112,74048101.94859390
1636257600000,2021-11-07 04:00:00,ETH/USD,4554.24,4739.76,4523.66,4724.67,10429.26033151,49274813.41047540
1636171200000,2021-11-06 04:00:00,ETH/USD,4496.29,4575.9,4330.0,4554.24,14125.61144416,64331424.66345120
1636084800000,2021-11-05 04:00:00,ETH/USD,4547.08,4573.23,4445.99,4496.29,13151.56915789,59133268.88892920
1635998400000,2021-11-04 04:00:00,ETH/USD,4561.04,4561.04,4421.4,4547.08,14110.61024435,64162073.629879
1635912000000,2021-11-03 04:00:00,ETH/USD,4592.82,4670.49,4456.27,4561.04,20886.65083892,95264849.94234770
1635825600000,2021-11-02 04:00:00,ETH/USD,4323.29,4643.44,4319.61,4592.82,23535.33317295,108093548.9033880
1635739200000,2021-11-01 04:00:00,ETH/USD,4192.86,4383.1,4150.63,4323.29,18064.59456738,78098481.04720830
1635652800000,2021-10-31 04:00:00,ETH/USD,4374.08,4385.54,4169.0,4192.86,15832.36083134,66382872.43529220
1635566400000,2021-10-30 04:00:00,ETH/USD,4340.29,4398.39,4282.06,4374.08,1840.36555062,8049906.147655930
1635480000000,2021-10-29 04:00:00,ETH/USD,4383.88,4458.9,4280.34,4340.29,16474.60600497,71504567.69731120
1635393600000,2021-10-28 04:00:00,ETH/USD,3997.38,4408.3,3984.52,4383.88,25953.93919126,113778954.9417810
1635307200000,2021-10-27 04:00:00,ETH/USD,4210.38,4210.38,3895.0,3997.38,1869.43171604,7472828.953063980
1635220800000,2021-10-26 04:00:00,ETH/USD,4224.23,4295.31,4091.93,4210.38,16131.29714651,67918890.87972280
1635134400000,2021-10-25 04:00:00,ETH/USD,4141.67,4257.97,4106.69,4224.23,13966.01589488,58995663.32362890
1635048000000,2021-10-24 04:00:00,ETH/USD,4134.55,4149.24,3962.46,4141.67,17741.42521336,73479128.5634167
1634961600000,2021-10-23 04:00:00,ETH/USD,4023.62,4186.23,3937.89,4134.55,8325.14019618,34420708.39811600
1634875200000,2021-10-22 04:00:00,ETH/USD,4155.0,4168.94,3888.88,4023.62,23319.92048359,93830498.45618240
1634788800000,2021-10-21 04:00:00,ETH/USD,4186.78,4373.5,4001.0,4155.0,25404.63076857,105556240.84340800
1634702400000,2021-10-20 04:00:00,ETH/USD,3840.0,4242.47,3840.0,4186.78,20985.54476433,87861859.10840160
1634616000000,2021-10-19 04:00:00,ETH/USD,3823.49,3900.0,3741.99,3840.0,14362.79568817,55153135.442572800
1634529600000,2021-10-18 04:00:00,ETH/USD,3851.23,3885.59,3677.0,3823.49,18805.80964114,71903825.10480240
1634443200000,2021-10-17 04:00:00,ETH/USD,3879.57,3918.24,3646.0,3851.23,10558.51096704,40663254.19159350
1634356800000,2021-10-16 04:00:00,ETH/USD,3838.83,3969.0,3804.05,3879.57,13103.17950375,50834702.10736340
1634270400000,2021-10-15 04:00:00,ETH/USD,3821.98,3904.78,3746.1,3838.83,14211.47513214,54555437.081513000
1634184000000,2021-10-14 04:00:00,ETH/USD,3645.22,3850.0,3645.22,3821.98,3607.3728397,13787306.845876600
1634097600000,2021-10-13 04:00:00,ETH/USD,3500.86,3657.11,3413.24,3645.22,14309.49701086,52161264.69392710
1634011200000,2021-10-12 04:00:00,ETH/USD,3485.0,3551.1,3400.0,3500.86,16450.04188905,57589293.64769960
1633924800000,2021-10-11 04:00:00,ETH/USD,3520.48,3608.64,3450.0,3485.0,7034.52249069,24515310.880054700
1633838400000,2021-10-10 04:00:00,ETH/USD,3532.35,3603.8,3369.48,3520.48,9957.66348373,35055755.141201800
1633752000000,2021-10-09 04:00:00,ETH/USD,3582.09,3635.43,3481.08,3532.35,6429.44324149,22711043.8340772
1633665600000,2021-10-08 04:00:00,ETH/USD,3573.71,3671.39,3533.0,3582.09,12052.68987148,43173819.8617298
1633579200000,2021-10-07 04:00:00,ETH/USD,3521.5,3655.0,3508.71,3573.71,10005.88984709,35758148.60544400
1633492800000,2021-10-06 04:00:00,ETH/USD,3490.64,3631.32,3469.99,3521.5,9834.86276137,34633469.21416450
1633406400000,2021-10-05 04:00:00,ETH/USD,3388.11,3546.2,3365.28,3490.64,15024.87829716,52446441.17919860
1633320000000,2021-10-04 04:00:00,ETH/USD,3339.31,3439.08,3269.99,3388.11,14538.26423405,49257238.43402720
1633233600000,2021-10-03 04:00:00,ETH/USD,3404.04,3489.36,3328.0,3339.31,9013.15641845,30097723.35969430
1633147200000,2021-10-02 04:00:00,ETH/USD,3268.38,3468.85,3259.8,3404.04,13201.27874854,44937680.9111801
1633060800000,2021-10-01 04:00:00,ETH/USD,3003.24,3345.73,2990.23,3268.38,24337.58676957,79544481.8459272
1632974400000,2021-09-30 04:00:00,ETH/USD,3028.29,3051.88,2942.49,3003.24,22479.1650816,67510327.73966440
1632888000000,2021-09-29 04:00:00,ETH/USD,2895.84,3035.66,2783.0,3028.29,13611.0650564,41218252.19964560
1632801600000,2021-09-28 04:00:00,ETH/USD,2948.59,2970.0,2787.57,2895.84,19376.39734184,56110946.47839390
1632715200000,2021-09-27 04:00:00,ETH/USD,3131.0,3151.67,2887.09,2948.59,21415.24546277,63144778.619069000
1632628800000,2021-09-26 04:00:00,ETH/USD,2866.76,3167.23,2742.0,3131.0,19111.4837663,59838055.672285300
1632542400000,2021-09-25 04:00:00,ETH/USD,2916.14,2967.73,2804.23,2866.76,16243.38218646,46565878.31685610
1632456000000,2021-09-24 04:00:00,ETH/USD,3077.15,3117.43,2734.71,2916.14,41541.16236604,121139845.22210400
1632369600000,2021-09-23 04:00:00,ETH/USD,3120.38,3175.0,3044.23,3077.15,22194.73201133,68296519.60866410
1632283200000,2021-09-22 04:00:00,ETH/USD,2869.31,3121.68,2869.31,3120.38,20021.20812363,62473777.40481260
1632196800000,2021-09-21 04:00:00,ETH/USD,2998.29,3104.42,2650.85,2869.31,46289.91667767,132820120.82240500
1632110400000,2021-09-20 04:00:00,ETH/USD,3187.56,3218.18,2807.97,2998.29,49242.01048413,147641827.61446200
1632024000000,2021-09-19 04:00:00,ETH/USD,3413.18,3458.96,3157.41,3187.56,15668.0457938,49942836.05048510
1631937600000,2021-09-18 04:00:00,ETH/USD,3452.36,3541.89,3374.61,3413.18,7627.86795723,26035286.354258300
1631851200000,2021-09-17 04:00:00,ETH/USD,3563.75,3586.55,3351.23,3452.36,13997.47929234,48324337.60970290
1631764800000,2021-09-16 04:00:00,ETH/USD,3545.21,3675.06,3483.69,3563.75,16909.20503312,60260179.4367814
1631678400000,2021-09-15 04:00:00,ETH/USD,3398.63,3621.96,3398.63,3545.21,6424.00716043,22774454.42522800
1631592000000,2021-09-14 04:00:00,ETH/USD,3291.39,3451.58,3274.96,3398.63,13436.9737165,45667301.9821084
1631505600000,2021-09-13 04:00:00,ETH/USD,3257.9,3385.53,3112.0,3291.39,29578.64500555,97354856.38481720
1631419200000,2021-09-12 04:00:00,ETH/USD,3327.79,3473.1,3253.46,3257.9,10694.93611122,34843032.35674360
1631332800000,2021-09-11 04:00:00,ETH/USD,3241.07,3349.81,3219.0,3327.79,13417.65889722,44651151.10157980
1631246400000,2021-09-10 04:00:00,ETH/USD,3465.73,3481.48,3147.17,3241.07,35512.54440987,115098642.31049700
1631160000000,2021-09-09 04:00:00,ETH/USD,3469.52,3568.65,3395.41,3465.73,21874.2435356,75810222.04863500
1631073600000,2021-09-08 04:00:00,ETH/USD,3432.88,3561.03,3427.98,3469.52,6820.15291945,23662656.95709020
1630987200000,2021-09-07 04:00:00,ETH/USD,3914.03,3936.66,3005.0,3432.88,57612.76372731,197777704.34420800
1630900800000,2021-09-06 04:00:00,ETH/USD,3905.5,3975.0,3869.33,3914.03,12438.21363458,48683541.312155200
1630814400000,2021-09-05 04:00:00,ETH/USD,3848.06,3984.7,3835.77,3905.5,11867.32920805,46347854.222039300
1630728000000,2021-09-04 04:00:00,ETH/USD,3920.51,3954.83,3835.01,3848.06,12782.53403885,49187957.93353710
1630641600000,2021-09-03 04:00:00,ETH/USD,3807.36,4030.0,3780.73,3920.51,21856.81699475,85689869.59608730
1630555200000,2021-09-02 04:00:00,ETH/USD,3766.97,3836.9,3711.71,3807.36,18962.91122854,72198629.69509410
1630468800000,2021-09-01 04:00:00,ETH/USD,3447.0,3849.14,3447.0,3766.97,10461.71402413,39408962.87747700
1630382400000,2021-08-31 04:00:00,ETH/USD,3239.06,3475.0,3215.61,3447.0,35962.76821037,123963662.02114500
1630296000000,2021-08-30 04:00:00,ETH/USD,3163.88,3350.0,3147.74,3239.06,29785.00989832,96475434.16125240
1630209600000,2021-08-29 04:00:00,ETH/USD,3182.9,3259.78,3136.23,3163.88,10158.31309994,32139683.650638200
1630123200000,2021-08-28 04:00:00,ETH/USD,3247.08,3287.11,3161.89,3182.9,15051.88095933,47908631.905451500
1630036800000,2021-08-27 04:00:00,ETH/USD,3093.95,3288.65,3077.76,3247.08,20339.02581112,66042443.93077150
1629950400000,2021-08-26 04:00:00,ETH/USD,3147.05,3169.07,3052.8,3093.95,20831.6635417,64452125.41484270
1629864000000,2021-08-25 04:00:00,ETH/USD,3176.42,3250.55,3140.54,3147.05,9251.22128341,29114055.93995540
1629777600000,2021-08-24 04:00:00,ETH/USD,3326.28,3359.72,3146.34,3176.42,25268.45754801,80263233.92464990
1629691200000,2021-08-23 04:00:00,ETH/USD,3343.53,3380.01,3280.09,3326.28,20502.55171904,68197227.73200840
1629604800000,2021-08-22 04:00:00,ETH/USD,3228.24,3361.34,3129.11,3343.53,18344.19305569,61334359.80749120
1629518400000,2021-08-21 04:00:00,ETH/USD,3278.28,3311.14,3200.0,3228.24,17990.84836441,58078776.32392290
1629432000000,2021-08-20 04:00:00,ETH/USD,3217.82,3301.22,3187.16,3278.28,23260.88028035,76255678.6054658
1629345600000,2021-08-19 04:00:00,ETH/USD,2967.28,3246.09,2958.92,3217.82,33436.55955211,107592830.0579710
1629259200000,2021-08-18 04:00:00,ETH/USD,3050.05,3125.99,2967.28,2967.28,20963.75131138,62205319.99123170
1629172800000,2021-08-17 04:00:00,ETH/USD,3194.09,3296.17,2952.16,3050.05,38859.28071456,118522749.14344400
1629086400000,2021-08-16 04:00:00,ETH/USD,3263.91,3314.04,3116.0,3194.09,32930.58866835,105183263.95969000
1629000000000,2021-08-15 04:00:00,ETH/USD,3248.9,3341.97,3114.0,3263.91,19461.84689716,63521716.706109500
1628913600000,2021-08-14 04:00:00,ETH/USD,3297.97,3332.99,3207.12,3248.9,10020.26764708,32554847.558598200
1628827200000,2021-08-13 04:00:00,ETH/USD,3118.23,3330.46,3095.35,3297.97,20936.09523831,69046614.01308920
1628740800000,2021-08-12 04:00:00,ETH/USD,3212.22,3221.21,2980.76,3118.23,29011.74231017,90465285.2238414
1628654400000,2021-08-11 04:00:00,ETH/USD,3159.84,3266.08,3150.0,3212.22,14108.25759439,45318827.209851400
1628568000000,2021-08-10 04:00:00,ETH/USD,3117.19,3235.34,3051.56,3159.84,23554.25842721,74427687.94863530
1628481600000,2021-08-09 04:00:00,ETH/USD,2951.5,3200.0,2894.46,3117.19,27742.57387396,86478873.85416940
1628395200000,2021-08-08 04:00:00,ETH/USD,3123.13,3188.33,2899.66,2951.5,28016.58279114,82690944.10804970
1628308800000,2021-08-07 04:00:00,ETH/USD,2936.8,3192.91,2930.9,3123.13,26105.12805042,81529708.56810820
1628222400000,2021-08-06 04:00:00,ETH/USD,2762.79,2949.99,2722.28,2936.8,25088.85538382,73680950.49120260
1628136000000,2021-08-05 04:00:00,ETH/USD,2712.12,2846.49,2528.63,2762.79,68320.77831837,188755963.13020900
1628049600000,2021-08-04 04:00:00,ETH/USD,2484.04,2771.66,2484.04,2712.12,9033.61914925,24500259.16706390
1627963200000,2021-08-03 04:00:00,ETH/USD,2532.0,2544.44,2443.71,2484.04,29484.93259797,73241751.9706614
1627876800000,2021-08-02 04:00:00,ETH/USD,2561.21,2668.7,2517.42,2532.0,30273.77715756,76653203.76294190
1627790400000,2021-08-01 04:00:00,ETH/USD,2617.36,2698.69,2507.34,2561.21,28644.49753067,73364573.52052730
1627704000000,2021-07-31 04:00:00,ETH/USD,2464.92,2621.5,2422.51,2617.36,10239.25551307,26799817.809688900
1627617600000,2021-07-30 04:00:00,ETH/USD,2423.57,2484.23,2318.33,2464.92,22186.95667721,54689073.25278850
1627531200000,2021-07-29 04:00:00,ETH/USD,2278.28,2450.35,2272.11,2423.57,14805.25785167,35881578.77157190
1627444800000,2021-07-28 04:00:00,ETH/USD,2289.39,2329.19,2264.87,2278.28,4698.65982486,10704862.705782000
1627358400000,2021-07-27 04:00:00,ETH/USD,2172.86,2336.26,2165.79,2289.39,30077.05688964,68858113.27257290
1627272000000,2021-07-26 04:00:00,ETH/USD,2317.31,2435.0,2151.9,2172.86,38552.42790247,83769028.49216100
1627185600000,2021-07-25 04:00:00,ETH/USD,2153.95,2343.2,2108.99,2317.31,17736.55959799,41101106.9220182
1627099200000,2021-07-24 04:00:00,ETH/USD,2139.14,2200.0,2118.21,2153.95,12629.17842107,27202618.860063700
1627012800000,2021-07-23 04:00:00,ETH/USD,2059.65,2140.6,1993.0,2139.14,11720.12054322,25070978.65882360
1626926400000,2021-07-22 04:00:00,ETH/USD,1977.72,2077.24,1949.43,2059.65,19406.73773789,39971087.38184510
1626840000000,2021-07-21 04:00:00,ETH/USD,1802.0,2024.33,1802.0,1977.72,12057.86695471,23847084.63366910
1626753600000,2021-07-20 04:00:00,ETH/USD,1728.91,1820.04,1718.95,1802.0,26681.59580132,48080235.63397860
1626667200000,2021-07-19 04:00:00,ETH/USD,1885.54,1918.77,1720.0,1728.91,31310.78342733,54133526.575345100
1626580800000,2021-07-18 04:00:00,ETH/USD,1982.38,1989.09,1866.73,1885.54,14399.15730367,27150187.06236190
1626494400000,2021-07-17 04:00:00,ETH/USD,1867.19,1993.73,1845.78,1982.38,14567.23605549,28877797.41168230
1626408000000,2021-07-16 04:00:00,ETH/USD,1949.43,1965.06,1850.07,1867.19,16767.19252484,31307534.210456000
1626321600000,2021-07-15 04:00:00,ETH/USD,1979.57,1984.89,1881.23,1949.43,20235.07549978,39446863.23153610
1626235200000,2021-07-14 04:00:00,ETH/USD,1885.94,2040.57,1885.94,1979.57,5922.76823194,11724534.308901500
1626148800000,2021-07-13 04:00:00,ETH/USD,2029.98,2046.78,1865.0,1885.94,22958.74253021,43298810.887424200
1626062400000,2021-07-12 04:00:00,ETH/USD,2163.32,2167.69,2004.68,2029.98,22779.44216986,46241812.015972400
1625976000000,2021-07-11 04:00:00,ETH/USD,2090.3,2173.05,2081.2,2163.32,8026.19977614,17363238.499719200
1625889600000,2021-07-10 04:00:00,ETH/USD,2133.38,2158.59,2075.0,2090.3,13179.84854965,27549837.423333400
1625803200000,2021-07-09 04:00:00,ETH/USD,2120.61,2193.16,2065.54,2133.38,19848.0260894,42343381.89860420
1625716800000,2021-07-08 04:00:00,ETH/USD,2257.03,2257.03,2046.99,2120.61,20971.11560588,44471557.46498520
1625630400000,2021-07-07 04:00:00,ETH/USD,2340.15,2408.31,2236.3,2257.03,14507.90665101,32744780.548529100
1625544000000,2021-07-06 04:00:00,ETH/USD,2238.65,2349.92,2238.65,2340.15,19805.12207187,46346956.416486600
1625457600000,2021-07-05 04:00:00,ETH/USD,2266.82,2310.0,2158.05,2238.65,13432.26154647,30070132.311005100
1625371200000,2021-07-04 04:00:00,ETH/USD,2211.54,2389.34,2210.99,2266.82,12693.4913945,28773860.162880500
1625284800000,2021-07-03 04:00:00,ETH/USD,2132.53,2239.45,2126.61,2211.54,9223.90925725,20399044.278778700
1625198400000,2021-07-02 04:00:00,ETH/USD,2041.44,2169.22,2016.33,2132.53,12360.91366579,26360019.21970720
1625112000000,2021-07-01 04:00:00,ETH/USD,2185.02,2234.97,2035.0,2041.44,27680.28742766,56507645.966322200
1625025600000,2021-06-30 04:00:00,ETH/USD,2126.36,2288.0,2091.26,2185.02,17528.74466484,38300657.6675687
1624939200000,2021-06-29 04:00:00,ETH/USD,2103.94,2245.92,2099.75,2126.36,19347.02219998,41138734.12514950
1624852800000,2021-06-28 04:00:00,ETH/USD,1967.55,2144.46,1965.5,2103.94,32186.66991954,67718822.31051700
1624766400000,2021-06-27 04:00:00,ETH/USD,1882.36,1998.0,1807.51,1967.55,14253.71499862,28044896.94553480
1624680000000,2021-06-26 04:00:00,ETH/USD,1819.78,1889.0,1718.96,1882.36,28040.94653314,52783156.116121400
1624593600000,2021-06-25 04:00:00,ETH/USD,1979.23,2049.99,1792.0,1819.78,32112.27525415,58437276.26199710
1624507200000,2021-06-24 04:00:00,ETH/USD,1907.7,1997.0,1907.7,1979.23,2.247398,4448.11754354
1624420800000,2021-06-23 04:00:00,ETH/USD,2013.18,2013.18,1884.63,1907.7,14891.61652377,28408736.842396000
1624334400000,2021-06-22 04:00:00,ETH/USD,1975.32,2034.51,1700.0,2013.18,84298.00701323,169707061.75889400
1624248000000,2021-06-21 04:00:00,ETH/USD,2156.31,2160.83,1859.75,1975.32,89350.9511738,176496720.8726310
1624161600000,2021-06-20 04:00:00,ETH/USD,2184.45,2277.48,2042.76,2156.31,21426.83383267,46202896.06172470
1624075200000,2021-06-19 04:00:00,ETH/USD,2189.68,2278.11,2143.24,2184.45,13799.26463695,30143803.636185400
1623988800000,2021-06-18 04:00:00,ETH/USD,2341.47,2368.84,2139.62,2189.68,42444.61235599,92940118.78366420
1623902400000,2021-06-17 04:00:00,ETH/USD,2434.08,2460.86,2305.62,2341.47,28537.73919325,66820260.18881910
1623816000000,2021-06-16 04:00:00,ETH/USD,2523.51,2523.51,2350.01,2434.08,5881.60462339,14316296.18170110
1623729600000,2021-06-15 04:00:00,ETH/USD,2588.18,2640.0,2501.29,2523.51,17705.21131449,44679277.80422870
1623643200000,2021-06-14 04:00:00,ETH/USD,2480.11,2625.8,2462.0,2588.18,23656.83937709,61228158.53899680
1623556800000,2021-06-13 04:00:00,ETH/USD,2336.26,2549.98,2310.0,2480.11,15818.30900356,39231146.34281920
1623470400000,2021-06-12 04:00:00,ETH/USD,2302.61,2454.47,2277.05,2336.26,15488.24193663,36184560.10687120
1623384000000,2021-06-11 04:00:00,ETH/USD,2466.79,2489.77,2259.0,2302.61,26328.20817934,60623595.43583010
1623297600000,2021-06-10 04:00:00,ETH/USD,2563.86,2605.41,2404.85,2466.79,23870.51768044,58883554.30893260
1623211200000,2021-06-09 04:00:00,ETH/USD,2457.75,2631.67,2457.75,2563.86,11418.6366594,29275785.785569300
1623124800000,2021-06-08 04:00:00,ETH/USD,2492.28,2559.44,2305.01,2457.75,47356.88224944,116391377.34856100
1623038400000,2021-06-07 04:00:00,ETH/USD,2767.65,2849.99,2430.0,2492.28,37341.8618338,93066375.41114310
1622952000000,2021-06-06 04:00:00,ETH/USD,2676.94,2799.99,2652.61,2767.65,11078.33987112,30660967.34430530
1622865600000,2021-06-05 04:00:00,ETH/USD,2764.4,2817.58,2552.84,2676.94,22069.85531931,59079678.49847370
1622779200000,2021-06-04 04:00:00,ETH/USD,2756.43,2782.52,2553.57,2764.4,28144.28483164,77802060.98858560
1622692800000,2021-06-03 04:00:00,ETH/USD,2723.51,2876.12,2683.93,2756.43,19107.65804568,52668921.86685370
1622606400000,2021-06-02 04:00:00,ETH/USD,2616.21,2802.06,2608.3,2723.51,26259.77484286,71518759.38227760
1622520000000,2021-06-01 04:00:00,ETH/USD,2630.09,2715.81,2443.88,2616.21,51072.57536574,133616582.39760300
1622433600000,2021-05-31 04:00:00,ETH/USD,2305.17,2742.16,2283.17,2630.09,30472.49557583,80145405.88903470
1622347200000,2021-05-30 04:00:00,ETH/USD,2297.67,2478.6,2277.0,2305.17,25247.23795575,58199175.51845620
1622260800000,2021-05-29 04:00:00,ETH/USD,2528.75,2575.64,2183.0,2297.67,33835.14740523,77742003.13857480
1622174400000,2021-05-28 04:00:00,ETH/USD,2719.05,2719.05,2327.87,2528.75,63584.90871586,160790337.915231
1622088000000,2021-05-27 04:00:00,ETH/USD,2680.0,2827.97,2670.95,2719.05,12232.93062148,33261950.006335200
1622001600000,2021-05-26 04:00:00,ETH/USD,2845.0,2914.97,2640.0,2680.0,42569.99591031,114087589.03963100
1621915200000,2021-05-25 04:00:00,ETH/USD,2587.05,2849.0,2383.39,2845.0,52643.23012028,149769989.6921970
1621828800000,2021-05-24 04:00:00,ETH/USD,2142.79,2757.0,2086.53,2587.05,83634.5191215,216366682.69327700
1621742400000,2021-05-23 04:00:00,ETH/USD,2321.9,2321.9,1728.65,2142.79,139922.0389648,299823545.8733840
1621656000000,2021-05-22 04:00:00,ETH/USD,2329.3,2486.03,2155.69,2321.9,49091.74402902,113986120.46098200
1621569600000,2021-05-21 04:00:00,ETH/USD,2797.77,2797.77,2100.0,2329.3,52313.36525222,121853521.68199600
1621483200000,2021-05-20 04:00:00,ETH/USD,2480.76,3003.23,2459.96,2797.77,83823.96671154,234520179.34654500
1621396800000,2021-05-19 04:00:00,ETH/USD,3095.05,3130.62,1960.0,2480.76,203244.08601923,504199798.83306500
1621310400000,2021-05-18 04:00:00,ETH/USD,3389.88,3568.69,3055.37,3095.05,36952.43769513,114369642.2883120
1621224000000,2021-05-17 04:00:00,ETH/USD,3241.01,3576.91,3114.5,3389.88,59801.59369063,202720226.41999300
1621137600000,2021-05-16 04:00:00,ETH/USD,3827.63,3878.09,3205.0,3241.01,65328.12100921,211729093.47206000
1621051200000,2021-05-15 04:00:00,ETH/USD,4029.76,4064.22,3619.0,3827.63,22020.45478742,84286153.35797240
1620964800000,2021-05-14 04:00:00,ETH/USD,3793.48,4183.68,3756.58,4029.76,37234.20617623,150044914.68072500
1620878400000,2021-05-13 04:00:00,ETH/USD,3948.64,3948.64,3500.0,3793.48,37725.99089875,143112791.95459000
1620792000000,2021-05-12 04:00:00,ETH/USD,4336.21,4384.16,3511.0,3948.64,64242.100543,253668927.8881120
1620705600000,2021-05-11 04:00:00,ETH/USD,3857.5,4359.13,3835.0,4336.21,25474.64695639,110463418.87876800
1620619200000,2021-05-10 04:00:00,ETH/USD,4060.21,4345.44,3500.0,3857.5,56823.85784451,219198031.6351970
1620532800000,2021-05-09 04:00:00,ETH/USD,3874.49,4077.7,3725.0,4060.21,23638.51667579,95977341.79220930
1620446400000,2021-05-08 04:00:00,ETH/USD,3539.73,3968.37,3512.13,3874.49,25676.87442634,99484793.19611010
1620360000000,2021-05-07 04:00:00,ETH/USD,3427.49,3595.0,3355.01,3539.73,15974.56745918,56545655.67228320
1620273600000,2021-05-06 04:00:00,ETH/USD,3478.06,3610.0,3402.01,3427.49,22705.08775154,77821461.21752580
1620187200000,2021-05-05 04:00:00,ETH/USD,3299.56,3550.0,3225.01,3478.06,24705.44299712,85927013.07056320
1620100800000,2021-05-04 04:00:00,ETH/USD,3237.67,3531.83,3161.56,3299.56,41221.56474387,136013026.1662840
1620014400000,2021-05-03 04:00:00,ETH/USD,3054.86,3458.0,3038.51,3237.67,60403.11897004,195565366.1957290
1619928000000,2021-05-02 04:00:00,ETH/USD,2906.97,3060.27,2857.0,3054.86,17806.29647737,54395742.85685850
1619841600000,2021-05-01 04:00:00,ETH/USD,2844.35,2957.34,2810.15,2906.97,19823.9682893,57627681.09794640
1619755200000,2021-04-30 04:00:00,ETH/USD,2746.72,2849.0,2731.73,2844.35,11077.69952749,31508854.65101620
1619668800000,2021-04-29 04:00:00,ETH/USD,2698.5,2800.0,2673.06,2746.72,19507.93808107,53582843.68603660
1619582400000,2021-04-28 04:00:00,ETH/USD,2632.23,2760.4,2563.01,2698.5,28142.00489925,75941200.22062610
1619496000000,2021-04-27 04:00:00,ETH/USD,2497.07,2719.99,2494.18,2632.23,34998.93711919,92125252.25324550
1619409600000,2021-04-26 04:00:00,ETH/USD,2456.56,2549.99,2424.0,2497.07,20279.91567254,50640369.028429500
1619323200000,2021-04-25 04:00:00,ETH/USD,2190.65,2474.23,2167.0,2456.56,26326.72949513,64673190.608556500
1619236800000,2021-04-24 04:00:00,ETH/USD,2298.28,2329.67,2159.0,2190.65,16234.16562004,35563374.91554060
1619150400000,2021-04-23 04:00:00,ETH/USD,2284.47,2380.33,2108.0,2298.28,31110.07911392,71499672.62594010
1619064000000,2021-04-22 04:00:00,ETH/USD,2388.05,2645.19,2110.0,2284.47,42202.92385444,96411313.45775250
1618977600000,2021-04-21 04:00:00,ETH/USD,2288.99,2470.0,2235.47,2388.05,38153.25533532,91111881.40351090
1618891200000,2021-04-20 04:00:00,ETH/USD,2109.77,2363.88,2059.0,2288.99,24668.41814911,56465762.45913130
1618804800000,2021-04-19 04:00:00,ETH/USD,2271.21,2279.53,2051.2,2109.77,35754.12671049,75432983.90999050
1618718400000,2021-04-18 04:00:00,ETH/USD,2180.0,2283.52,2040.4,2271.21,35986.71227337,81733380.78240070
1618632000000,2021-04-17 04:00:00,ETH/USD,2489.82,2498.22,1954.47,2180.0,43710.03528949,95287876.9310882
1618545600000,2021-04-16 04:00:00,ETH/USD,2500.32,2500.32,2398.0,2489.82,11836.32650175,29470322.450587200
1618459200000,2021-04-15 04:00:00,ETH/USD,2475.01,2549.0,2405.32,2500.32,21050.4250384,52632798.732012300
1618372800000,2021-04-14 04:00:00,ETH/USD,2347.98,2477.72,2293.77,2475.01,41845.79736817,103568766.94419400
1618286400000,2021-04-13 04:00:00,ETH/USD,2162.34,2352.69,2150.5,2347.98,42117.20925306,98890364.98199980
1618200000000,2021-04-12 04:00:00,ETH/USD,2148.9,2200.0,2101.72,2162.34,15628.38859398,33793889.792306700
1618113600000,2021-04-11 04:00:00,ETH/USD,2144.42,2163.92,2113.29,2148.9,7631.30574506,16398912.915559400
1618027200000,2021-04-10 04:00:00,ETH/USD,2142.08,2194.0,2082.49,2144.42,17406.29618945,37326409.67458040
1617940800000,2021-04-09 04:00:00,ETH/USD,2072.93,2151.6,2041.23,2142.08,18577.94369253,39795441.62489470
1617854400000,2021-04-08 04:00:00,ETH/USD,1997.47,2098.35,1997.47,2072.93,10096.48764593,20929312.135877700
1617768000000,2021-04-07 04:00:00,ETH/USD,2105.16,2110.88,1930.02,1997.47,32779.06359151,65475196.15213350
1617681600000,2021-04-06 04:00:00,ETH/USD,2116.1,2136.41,2045.78,2105.16,23881.40545488,50274179.50739520
1617595200000,2021-04-05 04:00:00,ETH/USD,2029.09,2150.36,2003.7,2116.1,18118.00653976,38339513.63878610
1617508800000,2021-04-04 04:00:00,ETH/USD,2016.73,2093.04,2004.14,2029.09,7767.2992482,15760549.231530100
1617422400000,2021-04-03 04:00:00,ETH/USD,2093.49,2128.36,1979.68,2016.73,20529.26233207,41401979.22295550
1617336000000,2021-04-02 04:00:00,ETH/USD,1993.87,2146.0,1981.77,2093.49,28897.91058059,60497486.82135940
1617249600000,2021-04-01 04:00:00,ETH/USD,1924.25,2008.9,1886.2,1993.87,27346.46267999,54525291.54375170
1617163200000,2021-03-31 04:00:00,ETH/USD,1820.42,1948.0,1772.21,1924.25,27258.1599167,52451514.21971000
1617076800000,2021-03-30 04:00:00,ETH/USD,1796.29,1863.96,1787.44,1820.42,15236.25540542,27736384.065134700
1616990400000,2021-03-29 04:00:00,ETH/USD,1695.8,1840.0,1685.06,1796.29,31402.59943411,56408175.33749750
1616904000000,2021-03-28 04:00:00,ETH/USD,1711.61,1725.7,1662.32,1695.8,7473.87780877,12674201.988112200
1616817600000,2021-03-27 04:00:00,ETH/USD,1694.48,1733.63,1666.0,1711.61,6824.77400325,11681351.431702700
1616731200000,2021-03-26 04:00:00,ETH/USD,1620.62,1720.0,1611.71,1694.48,14462.1204154,24505773.801487000
1616644800000,2021-03-25 04:00:00,ETH/USD,1572.81,1629.99,1552.51,1620.62,17566.10711651,28467984.515158400
1616558400000,2021-03-24 04:00:00,ETH/USD,1679.83,1741.0,1543.84,1572.81,28968.52481856,45561985.51987940
1616472000000,2021-03-23 04:00:00,ETH/USD,1702.34,1722.0,1648.86,1679.83,19605.94676819,32934657.559608600
1616385600000,2021-03-22 04:00:00,ETH/USD,1784.51,1807.31,1655.59,1702.34,22349.34765742,38046188.49113240
1616299200000,2021-03-21 04:00:00,ETH/USD,1788.6,1812.34,1748.0,1784.51,7431.72139417,13261981.145110300
1616212800000,2021-03-20 04:00:00,ETH/USD,1834.16,1869.51,1776.42,1788.6,13758.84015981,24609061.509836200
1616126400000,2021-03-19 04:00:00,ETH/USD,1781.08,1840.98,1781.08,1834.16,3576.30005384,6559506.506751180
1616040000000,2021-03-18 04:00:00,ETH/USD,1834.24,1844.79,1734.0,1781.08,20993.80862533,37391652.66640280
1615953600000,2021-03-17 04:00:00,ETH/USD,1768.88,1849.99,1743.73,1834.24,16778.50562639,30775806.160149600
1615867200000,2021-03-16 04:00:00,ETH/USD,1749.65,1819.02,1736.03,1768.88,14832.47943156,26236876.216897900
1615780800000,2021-03-15 04:00:00,ETH/USD,1883.32,1890.76,1711.33,1749.65,36352.6016749,63604329.52048880
1615694400000,2021-03-14 04:00:00,ETH/USD,1910.54,1910.98,1837.43,1883.32,36424.1960309,68598416.86891460
1615608000000,2021-03-13 04:00:00,ETH/USD,1759.54,1944.17,1748.75,1910.54,45500.10321291,86929767.19239310
1615521600000,2021-03-12 04:00:00,ETH/USD,1818.64,1822.15,1720.22,1759.54,25754.23926811,45315614.161810300
1615435200000,2021-03-11 04:00:00,ETH/USD,1803.2,1847.59,1780.0,1818.64,7961.19212812,14478542.451884200
1615348800000,2021-03-10 04:00:00,ETH/USD,1778.06,1872.93,1762.03,1803.2,24657.14614869,44461765.93531780
1615262400000,2021-03-09 04:00:00,ETH/USD,1850.69,1879.01,1756.58,1778.06,19942.79588429,35459487.650020700
1615176000000,2021-03-08 04:00:00,ETH/USD,1725.08,1863.26,1667.18,1850.69,24615.72953178,45556084.48716990
1615089600000,2021-03-07 04:00:00,ETH/USD,1650.74,1753.63,1632.1,1725.08,14951.53351351,25792591.43348580
1615003200000,2021-03-06 04:00:00,ETH/USD,1531.74,1687.68,1513.49,1650.74,22883.2139381,37774236.5761792
1614916800000,2021-03-05 04:00:00,ETH/USD,1482.82,1548.85,1441.56,1531.74,23728.37598606,36345702.63288750
1614830400000,2021-03-04 04:00:00,ETH/USD,1555.9,1600.0,1445.28,1482.82,17219.32291273,25533156.401454300
1614744000000,2021-03-03 04:00:00,ETH/USD,1521.26,1659.19,1521.26,1555.9,29583.83349728,46029486.53841800
1614657600000,2021-03-02 04:00:00,ETH/USD,1558.78,1594.0,1456.7,1521.26,24419.21943586,37147981.75899640
1614571200000,2021-03-01 04:00:00,ETH/USD,1435.21,1605.63,1421.28,1558.78,39501.23356155,61573732.85107290
1614484800000,2021-02-28 04:00:00,ETH/USD,1371.19,1460.0,1293.53,1435.21,49731.29153052,71374846.91751760
1614398400000,2021-02-27 04:00:00,ETH/USD,1491.32,1527.92,1368.08,1371.19,36544.09216077,50108893.72992620
1614312000000,2021-02-26 04:00:00,ETH/USD,1491.66,1563.74,1400.01,1491.32,72774.02325177,108529356.35583000
1614225600000,2021-02-25 04:00:00,ETH/USD,1606.72,1611.26,1448.0,1491.66,30095.15909854,44891745.02092820
1614139200000,2021-02-24 04:00:00,ETH/USD,1640.95,1713.99,1555.44,1606.72,53635.97889594,86178000.01168470
1614052800000,2021-02-23 04:00:00,ETH/USD,1678.88,1696.18,1350.08,1640.95,114234.17752787,187452573.61435800
1613966400000,2021-02-22 04:00:00,ETH/USD,1871.71,1891.68,1512.29,1678.88,60195.04659926,101060259.83456600
1613880000000,2021-02-21 04:00:00,ETH/USD,1935.3,1977.41,1860.78,1871.71,42551.47773959,79644026.399968
1613793600000,2021-02-20 04:00:00,ETH/USD,2016.34,2040.0,1805.0,1935.3,33762.25050135,65340083.39526270
1613707200000,2021-02-19 04:00:00,ETH/USD,1910.18,2019.68,1899.0,2016.34,40784.94939548,82236324.86408210
1613620800000,2021-02-18 04:00:00,ETH/USD,1893.59,1950.0,1890.72,1910.18,17501.15770451,33430361.42400090
1613534400000,2021-02-17 04:00:00,ETH/USD,1754.57,1919.0,1734.0,1893.59,38894.01635669,73649320.43286460
1613448000000,2021-02-16 04:00:00,ETH/USD,1820.46,1826.73,1725.0,1754.57,28696.62951114,50350245.24136090
1613361600000,2021-02-15 04:00:00,ETH/USD,1730.44,1837.28,1690.8,1820.46,26955.3976113,49071223.135467200
1613275200000,2021-02-14 04:00:00,ETH/USD,1811.68,1853.0,1658.0,1730.44,34010.91253496,58853843.48699620
1613188800000,2021-02-13 04:00:00,ETH/USD,1869.36,1869.92,1764.19,1811.68,18352.51884758,33248891.345783700
1613102400000,2021-02-12 04:00:00,ETH/USD,1766.87,1876.47,1740.96,1869.36,30735.8324658,57456335.77826790
1613016000000,2021-02-11 04:00:00,ETH/USD,1745.01,1812.62,1745.01,1766.87,11548.33168291,20404400.80058320
1612929600000,2021-02-10 04:00:00,ETH/USD,1813.21,1840.0,1680.0,1745.01,35725.58754434,62341507.52074870
1612843200000,2021-02-09 04:00:00,ETH/USD,1737.94,1828.53,1717.52,1813.21,28809.13815297,52237017.390346700
1612756800000,2021-02-08 04:00:00,ETH/USD,1582.45,1780.0,1580.09,1737.94,43338.79029921,75320217.21260900
1612670400000,2021-02-07 04:00:00,ETH/USD,1629.06,1658.12,1492.97,1582.45,28712.54187638,45436161.89227750
1612584000000,2021-02-06 04:00:00,ETH/USD,1682.89,1721.89,1611.64,1629.06,22867.27696357,37252166.21027330
1612497600000,2021-02-05 04:00:00,ETH/USD,1641.97,1765.0,1625.1,1682.89,41709.9361084,70193234.37746530
1612411200000,2021-02-04 04:00:00,ETH/USD,1648.62,1676.58,1590.0,1641.97,17201.0213218,28243560.979755900
1612324800000,2021-02-03 04:00:00,ETH/USD,1541.68,1699.0,1514.5,1648.62,46607.14249779,76837467.26470660
1612238400000,2021-02-02 04:00:00,ETH/USD,1370.0,1549.98,1369.59,1541.68,47845.40472484,73762303.55619130
1612152000000,2021-02-01 04:00:00,ETH/USD,1318.18,1410.94,1300.07,1370.0,19193.34257186,26294879.3234482
1612065600000,2021-01-31 04:00:00,ETH/USD,1359.22,1373.48,1271.69,1318.18,19258.39240517,25386027.700647000
1611979200000,2021-01-30 04:00:00,ETH/USD,1342.34,1392.0,1328.21,1359.22,12210.91921191,16597325.611212300
1611892800000,2021-01-29 04:00:00,ETH/USD,1323.98,1442.13,1287.01,1342.34,48409.20364043,64981610.4146948
1611806400000,2021-01-28 04:00:00,ETH/USD,1291.66,1379.33,1291.66,1323.98,16519.82861311,21871922.687185400
1611720000000,2021-01-27 04:00:00,ETH/USD,1311.11,1320.88,1200.65,1291.66,52335.9007193,67600189.52309110
1611633600000,2021-01-26 04:00:00,ETH/USD,1314.85,1376.34,1245.71,1311.11,32606.82942811,42751140.1314893
1611547200000,2021-01-25 04:00:00,ETH/USD,1428.59,1447.79,1293.54,1314.85,48189.41090809,63361846.932502100
1611460800000,2021-01-24 04:00:00,ETH/USD,1295.1,1478.0,1288.28,1428.59,56023.02336786,80033930.95309110
1611374400000,2021-01-23 04:00:00,ETH/USD,1234.14,1295.86,1198.29,1295.1,27228.6209274,35263786.963075700
1611288000000,2021-01-22 04:00:00,ETH/USD,1160.47,1275.57,1120.12,1234.14,44402.87779736,54799367.60483390
1611201600000,2021-01-21 04:00:00,ETH/USD,1327.31,1327.31,1034.14,1160.47,22085.17410169,25629181.989788200
1611115200000,2021-01-20 04:00:00,ETH/USD,1342.27,1389.79,1234.01,1327.31,61709.96368744,81908251.90197600
1611028800000,2021-01-19 04:00:00,ETH/USD,1322.18,1440.54,1303.8,1342.27,77853.89710711,104500950.46996100
1610942400000,2021-01-18 04:00:00,ETH/USD,1193.62,1347.79,1188.41,1322.18,43472.57774446,57478572.84217010
1610856000000,2021-01-17 04:00:00,ETH/USD,1241.89,1268.96,1165.07,1193.62,34076.84722498,40674806.38468060
1610769600000,2021-01-16 04:00:00,ETH/USD,1179.36,1293.99,1152.93,1241.89,39000.64919573,48434516.229685100
1610683200000,2021-01-15 04:00:00,ETH/USD,1219.0,1246.56,1070.7,1179.36,64687.68577712,76290069.09810420
1610596800000,2021-01-14 04:00:00,ETH/USD,1097.76,1255.94,1097.76,1219.0,5777.51018443,7042784.91482017
1610510400000,2021-01-13 04:00:00,ETH/USD,1045.77,1149.54,1010.62,1097.76,36760.52878756,40354238.081831900
1610424000000,2021-01-12 04:00:00,ETH/USD,1088.38,1150.0,985.18,1045.77,65573.09686303,68574377.50645090
1610337600000,2021-01-11 04:00:00,ETH/USD,1101.2,1148.37,903.94,1088.38,176231.3080848,191806631.09333500
1610251200000,2021-01-10 04:00:00,ETH/USD,1315.43,1352.0,1000.0,1101.2,92883.48304556,102283291.52977100
1610164800000,2021-01-09 04:00:00,ETH/USD,1227.74,1345.0,1175.95,1315.43,56310.0153771,74071883.52749870
1610078400000,2021-01-08 04:00:00,ETH/USD,1152.91,1275.94,1127.0,1227.74,90532.4333607,111150289.73426600
1609992000000,2021-01-07 04:00:00,ETH/USD,1218.41,1218.41,1065.73,1152.91,21438.40133408,24716547.282074200
1609905600000,2021-01-06 04:00:00,ETH/USD,1080.09,1228.86,1075.63,1218.41,89943.34403554,109587869.80634200
1609819200000,2021-01-05 04:00:00,ETH/USD,1001.72,1128.05,975.0,1080.09,73249.58829307,79116147.81946200
1609732800000,2021-01-04 04:00:00,ETH/USD,1023.12,1171.05,880.0,1001.72,153231.68820809,153495246.7118080
1609646400000,2021-01-03 04:00:00,ETH/USD,773.66,1028.0,770.0,1023.12,111543.01654466,114121891.08717300
1609560000000,2021-01-02 04:00:00,ETH/USD,732.14,788.93,725.0,773.66,45045.50184404,34849902.95666000
1609473600000,2021-01-01 04:00:00,ETH/USD,746.69,748.5,716.0,732.14,20636.0196371,15108455.417106400
1609387200000,2020-12-31 04:00:00,ETH/USD,743.7,755.5,722.03,746.69,22294.91003276,16647386.372361600
1609300800000,2020-12-30 04:00:00,ETH/USD,732.69,759.0,716.32,743.7,47416.00440649,35263282.477106600
1609214400000,2020-12-29 04:00:00,ETH/USD,698.91,746.68,688.05,732.69,42523.08089594,31156236.14164630
1609128000000,2020-12-28 04:00:00,ETH/USD,703.28,747.26,697.57,698.91,43893.67224632,30677726.469675500
1609041600000,2020-12-27 04:00:00,ETH/USD,643.47,717.64,616.03,703.28,53071.9417708,37324435.20856820
1608955200000,2020-12-26 04:00:00,ETH/USD,633.99,652.62,615.73,643.47,30709.30610266,19760517.197878600
1608868800000,2020-12-25 04:00:00,ETH/USD,605.86,636.88,604.43,633.99,23176.0142122,14693361.250392700
1608782400000,2020-12-24 04:00:00,ETH/USD,574.95,615.76,570.33,605.86,11857.97240525,7184271.1614447700
1608696000000,2020-12-23 04:00:00,ETH/USD,622.78,624.61,550.0,574.95,40550.11856449,23314290.66865350
1608609600000,2020-12-22 04:00:00,ETH/USD,610.01,638.5,588.2,622.78,20946.51372482,13045069.817543400
1608523200000,2020-12-21 04:00:00,ETH/USD,645.28,648.15,596.34,610.01,48807.38481367,29772992.810186800
1608436800000,2020-12-20 04:00:00,ETH/USD,647.62,661.48,622.23,645.28,16997.78188601,10968328.695404500
1608350400000,2020-12-19 04:00:00,ETH/USD,656.84,671.38,642.39,647.62,14401.16554568,9326482.830693280
1608264000000,2020-12-18 04:00:00,ETH/USD,643.87,664.0,632.22,656.84,14798.43910442,9720206.741347230
1608177600000,2020-12-17 04:00:00,ETH/USD,637.13,654.74,629.97,643.87,6956.60536118,4479149.493902970
1608091200000,2020-12-16 04:00:00,ETH/USD,583.91,652.35,581.55,637.13,35279.14258317,22477400.114015100
1608004800000,2020-12-15 04:00:00,ETH/USD,593.22,593.6,579.0,583.91,8212.25567097,4795218.208836090
1607918400000,2020-12-14 04:00:00,ETH/USD,590.61,597.32,575.2,593.22,8587.60829708,5094340.993993800
1607832000000,2020-12-13 04:00:00,ETH/USD,565.56,595.0,564.56,590.61,12194.03421161,7201918.545718980
1607745600000,2020-12-12 04:00:00,ETH/USD,554.7,574.33,551.76,565.56,7645.7902087,4324153.1104323700
1607659200000,2020-12-11 04:00:00,ETH/USD,547.43,557.89,535.5,554.7,18179.63229073,10084242.031667900
1607572800000,2020-12-10 04:00:00,ETH/USD,567.47,567.47,543.2,547.43,590.9788788,323519.56762148400
1607486400000,2020-12-09 04:00:00,ETH/USD,552.0,578.0,530.53,567.47,26080.94620351,14800154.54210580
1607400000000,2020-12-08 04:00:00,ETH/USD,588.56,595.0,541.38,552.0,18438.09296229,10177827.315184100
1607313600000,2020-12-07 04:00:00,ETH/USD,595.38,601.68,585.0,588.56,10884.47823582,6406168.510474220
1607227200000,2020-12-06 04:00:00,ETH/USD,597.47,603.79,584.54,595.38,6578.70810402,3916831.2309714300
1607140800000,2020-12-05 04:00:00,ETH/USD,576.12,607.62,576.1,597.47,7393.57338832,4417438.29231955
1607054400000,2020-12-04 04:00:00,ETH/USD,602.86,602.86,567.37,576.12,1683.92613962,970143.5275578740
1606968000000,2020-12-03 04:00:00,ETH/USD,595.79,624.78,586.52,602.86,16615.05447188,10016551.738917600
1606881600000,2020-12-02 04:00:00,ETH/USD,585.15,604.7,577.4,595.79,13109.665325,7810607.5039817500
1606795200000,2020-12-01 04:00:00,ETH/USD,605.35,636.4,562.0,585.15,54058.43412967,31632292.7309764
1606708800000,2020-11-30 04:00:00,ETH/USD,588.8,617.75,571.06,605.35,29971.40826406,18143191.99264870
1606622400000,2020-11-29 04:00:00,ETH/USD,543.73,593.0,536.4,588.8,15645.14580484,9211861.84988979
1606536000000,2020-11-28 04:00:00,ETH/USD,515.39,548.47,507.0,543.73,17707.16610937,9627917.42864775
1606449600000,2020-11-27 04:00:00,ETH/USD,519.97,529.28,494.0,515.39,27217.35125816,14027550.664943100
1606363200000,2020-11-26 04:00:00,ETH/USD,534.37,537.41,482.0,519.97,56198.43989079,29221502.79001410
1606276800000,2020-11-25 04:00:00,ETH/USD,585.19,604.7,501.95,534.37,43848.95781188,23431567.585934300
1606190400000,2020-11-24 04:00:00,ETH/USD,614.38,623.67,581.33,585.19,63736.33962254,37297868.58371420
1606104000000,2020-11-23 04:00:00,ETH/USD,574.51,622.04,570.96,614.38,35499.46892068,21810163.71548740
1606017600000,2020-11-22 04:00:00,ETH/USD,549.85,581.77,511.8,574.51,20369.89332043,11702707.411520200
1605931200000,2020-11-21 04:00:00,ETH/USD,508.78,562.12,503.16,549.85,24644.48775864,13550771.594088200
1605844800000,2020-11-20 04:00:00,ETH/USD,485.13,519.48,482.22,508.78,26346.39423739,13404518.460099300
1605758400000,2020-11-19 04:00:00,ETH/USD,478.43,488.23,472.69,485.13,2794.63331586,1355760.4605231600
1605672000000,2020-11-18 04:00:00,ETH/USD,488.63,495.76,459.14,478.43,31944.63299574,15283270.76415190
1605585600000,2020-11-17 04:00:00,ETH/USD,462.4,488.91,461.94,488.63,22959.14455013,11218526.801530000
1605499200000,2020-11-16 04:00:00,ETH/USD,449.99,469.28,449.1,462.4,10654.34344848,4926568.410577150
1605412800000,2020-11-15 04:00:00,ETH/USD,457.94,462.99,440.54,449.99,10766.89249589,4844993.954225540
1605326400000,2020-11-14 04:00:00,ETH/USD,472.04,472.04,452.39,457.94,9649.49094291,4418887.882396210
1605240000000,2020-11-13 04:00:00,ETH/USD,464.49,478.77,458.0,472.04,13978.72034172,6598515.150105510
1605153600000,2020-11-12 04:00:00,ETH/USD,458.74,468.0,458.74,464.49,2066.44288073,959842.0536702780
1605067200000,2020-11-11 04:00:00,ETH/USD,463.33,476.57,452.24,458.74,16598.80153134,7614534.214486910
1604980800000,2020-11-10 04:00:00,ETH/USD,449.66,466.68,440.89,463.33,11900.95426397,5514069.13912522
1604894400000,2020-11-09 04:00:00,ETH/USD,452.82,459.01,434.24,449.66,13224.03828612,5946321.05573672
1604808000000,2020-11-08 04:00:00,ETH/USD,439.26,460.03,435.93,452.82,7822.10452324,3542005.370213540
1604721600000,2020-11-07 04:00:00,ETH/USD,459.41,465.73,424.59,439.26,18473.47296241,8114657.733468220
1604635200000,2020-11-06 04:00:00,ETH/USD,427.75,468.76,426.98,459.41,24363.07627245,11192640.870326300
1604548800000,2020-11-05 04:00:00,ETH/USD,405.43,441.88,397.15,427.75,28209.87525747,12066774.141382800
1604462400000,2020-11-04 04:00:00,ETH/USD,386.89,408.99,377.53,405.43,17501.74735873,7095733.431649910
1604376000000,2020-11-03 04:00:00,ETH/USD,374.53,390.42,370.4,386.89,11549.35808368,4468331.148994950
1604289600000,2020-11-02 04:00:00,ETH/USD,399.53,400.96,372.11,374.53,19180.70129226,7183748.054990140
1604203200000,2020-11-01 04:00:00,ETH/USD,386.88,404.39,385.21,399.53,4410.77662979,1762237.5869000000
1604116800000,2020-10-31 04:00:00,ETH/USD,383.29,393.92,381.89,386.88,5321.48847372,2058777.4607127900
1604030400000,2020-10-30 04:00:00,ETH/USD,385.52,387.99,373.93,383.29,10710.32391612,4105160.053809640
1603944000000,2020-10-29 04:00:00,ETH/USD,392.01,394.17,380.69,385.52,8886.3521826,3425866.493435950
1603857600000,2020-10-28 04:00:00,ETH/USD,406.3,407.5,380.75,392.01,15076.45748915,5910122.1003216900
1603771200000,2020-10-27 04:00:00,ETH/USD,393.41,410.62,390.56,406.3,10722.85716653,4356696.86676114
1603684800000,2020-10-26 04:00:00,ETH/USD,409.38,409.39,383.0,393.41,13027.32093293,5125078.328223990
1603598400000,2020-10-25 04:00:00,ETH/USD,415.47,417.71,403.49,409.38,4367.70643574,1788051.6606632400
1603512000000,2020-10-24 04:00:00,ETH/USD,412.01,416.6,409.17,415.47,2194.73350613,911845.9297918310
1603425600000,2020-10-23 04:00:00,ETH/USD,414.0,419.33,402.0,412.01,8405.0532344,3462965.983105140
1603339200000,2020-10-22 04:00:00,ETH/USD,393.33,421.65,392.34,414.0,17704.59681205,7329703.0801887
1603252800000,2020-10-21 04:00:00,ETH/USD,378.44,402.41,376.52,393.33,19206.73497218,7554585.066607560
1603166400000,2020-10-20 04:00:00,ETH/USD,380.11,380.22,365.45,378.44,10270.74477842,3886860.6539452600
1603080000000,2020-10-19 04:00:00,ETH/USD,374.04,384.71,373.21,380.11,5994.4514492,2278550.940355410
1602993600000,2020-10-18 04:00:00,ETH/USD,368.77,379.96,368.41,374.04,4952.27171525,1852347.71237211
1602907200000,2020-10-17 04:00:00,ETH/USD,368.38,370.43,364.99,368.77,2611.74840107,963134.4578625840
1602820800000,2020-10-16 04:00:00,ETH/USD,378.36,378.36,361.38,368.38,11301.49378049,4163244.278856910
1602734400000,2020-10-15 04:00:00,ETH/USD,376.83,382.24,370.1,378.36,9658.68465577,3654459.926357140
1602648000000,2020-10-14 04:00:00,ETH/USD,381.65,387.5,372.39,376.83,7854.49925993,2959810.956119420
1602561600000,2020-10-13 04:00:00,ETH/USD,383.09,387.27,374.0,381.65,9692.63057508,3699192.458979280
1602475200000,2020-10-12 04:00:00,ETH/USD,374.74,395.0,363.91,383.09,15137.23162056,5798922.06152033
1602388800000,2020-10-11 04:00:00,ETH/USD,370.76,377.48,369.97,374.74,2738.96802421,1026400.8773924600
1602302400000,2020-10-10 04:00:00,ETH/USD,376.1,377.04,368.85,370.76,10547.02674464,3910415.635842730
1602216000000,2020-10-09 04:00:00,ETH/USD,350.03,378.35,347.65,376.1,9555.17244897,3593700.3580576200
1602129600000,2020-10-08 04:00:00,ETH/USD,339.51,352.07,339.51,350.03,1351.48735363,473061.1183911090
1602043200000,2020-10-07 04:00:00,ETH/USD,337.02,342.73,336.49,339.51,7779.39091099,2641181.0081902100
1601956800000,2020-10-06 04:00:00,ETH/USD,353.63,354.77,333.28,337.02,11424.49968336,3850284.8832859900
1601870400000,2020-10-05 04:00:00,ETH/USD,351.98,355.28,349.07,353.63,8528.96737602,3016098.7331819500
1601784000000,2020-10-04 04:00:00,ETH/USD,345.98,356.04,345.03,351.98,3609.05494561,1270315.1597558100
1601697600000,2020-10-03 04:00:00,ETH/USD,348.81,351.26,344.26,345.98,3323.00921031,1149694.7265830500
1601611200000,2020-10-02 04:00:00,ETH/USD,352.99,354.48,334.59,348.81,12345.39426668,4306196.974160650
1601524800000,2020-10-01 04:00:00,ETH/USD,362.34,362.34,350.11,352.99,915.8118707,323272.432238393
1601438400000,2020-09-30 04:00:00,ETH/USD,355.79,363.9,351.7,362.34,5427.43624498,1966577.2490060500
1601352000000,2020-09-29 04:00:00,ETH/USD,353.3,360.34,350.51,355.79,5465.12457858,1944436.6738129800
1601265600000,2020-09-28 04:00:00,ETH/USD,358.06,368.03,351.6,353.3,8310.1027456,2935959.30002048
1601179200000,2020-09-27 04:00:00,ETH/USD,359.61,362.2,347.62,358.06,5085.94641063,1821073.971790180
1601092800000,2020-09-26 04:00:00,ETH/USD,350.95,362.11,346.35,359.61,4598.54371743,1653682.3062250000
1601006400000,2020-09-25 04:00:00,ETH/USD,344.81,358.0,338.03,350.95,11237.71078164,3943874.598816560
1600920000000,2020-09-24 04:00:00,ETH/USD,324.98,351.4,324.98,344.81,1757.66255797,606059.6266136360
1600833600000,2020-09-23 04:00:00,ETH/USD,341.28,343.46,313.14,324.98,17593.14914554,5717421.60931759
1600747200000,2020-09-22 04:00:00,ETH/USD,342.99,346.94,335.5,341.28,8058.94062917,2750355.2579231400
1600660800000,2020-09-21 04:00:00,ETH/USD,374.99,375.42,330.97,342.99,19383.26383814,6648265.663843640
1600574400000,2020-09-20 04:00:00,ETH/USD,381.55,382.48,365.0,374.99,6585.73567671,2469585.021409480
1600488000000,2020-09-19 04:00:00,ETH/USD,383.18,387.93,377.5,381.55,4877.15962854,1860880.256269440
1600401600000,2020-09-18 04:00:00,ETH/USD,387.45,387.45,375.27,383.18,3828.31308091,1466933.0063430900
1600315200000,2020-09-17 04:00:00,ETH/USD,377.0,394.31,375.04,387.45,11104.24660828,4302340.3483780900
1600228800000,2020-09-16 04:00:00,ETH/USD,360.09,385.14,359.01,377.0,15201.41618278,5730933.90090806
1600142400000,2020-09-15 04:00:00,ETH/USD,376.1,379.12,355.02,360.09,14082.74723181,5071056.450702460
1600056000000,2020-09-14 04:00:00,ETH/USD,366.22,384.38,362.15,376.1,13297.51984,5001197.211824000
1599969600000,2020-09-13 04:00:00,ETH/USD,389.03,390.65,349.0,366.22,12292.48167467,4501752.638897650
1599883200000,2020-09-12 04:00:00,ETH/USD,369.86,389.4,365.11,389.03,5268.34026886,2049542.4147946100
1599796800000,2020-09-11 04:00:00,ETH/USD,357.02,375.38,356.33,369.86,7277.78314311,2691760.8733106600
1599710400000,2020-09-10 04:00:00,ETH/USD,370.96,370.96,356.87,357.02,1414.66551934,505063.88371476700
1599624000000,2020-09-09 04:00:00,ETH/USD,334.0,371.48,332.31,370.96,11145.27593069,4134451.559248760
1599537600000,2020-09-08 04:00:00,ETH/USD,349.33,350.79,325.55,334.0,23322.32922073,7789657.95972382
1599451200000,2020-09-07 04:00:00,ETH/USD,348.44,356.7,323.68,349.33,12039.87772579,4205890.48595022
1599364800000,2020-09-06 04:00:00,ETH/USD,328.75,360.63,316.56,348.44,20455.64738715,7127565.775578550
1599278400000,2020-09-05 04:00:00,ETH/USD,387.58,389.48,305.92,328.75,32803.31727674,10784090.554728300
1599192000000,2020-09-04 04:00:00,ETH/USD,383.69,400.68,358.88,387.58,29474.49215441,11423723.669206200
1599105600000,2020-09-03 04:00:00,ETH/USD,443.19,446.14,372.01,383.69,42486.20437821,16301531.757875400
1599019200000,2020-09-02 04:00:00,ETH/USD,470.28,481.3,421.13,443.19,28664.76229478,12703936.001423500
1598932800000,2020-09-01 04:00:00,ETH/USD,443.88,488.88,442.5,470.28,26135.01576429,12290775.213630300
1598846400000,2020-08-31 04:00:00,ETH/USD,425.68,444.48,418.31,443.88,11187.94008537,4966102.845094040
1598760000000,2020-08-30 04:00:00,ETH/USD,405.16,433.0,402.8,425.68,21960.39114969,9348099.30460004
1598673600000,2020-08-29 04:00:00,ETH/USD,394.86,407.17,393.62,405.16,5849.6640987,2370049.906229290
1598587200000,2020-08-28 04:00:00,ETH/USD,386.55,398.06,386.48,394.86,8130.83080486,3210539.8516070200
1598500800000,2020-08-27 04:00:00,ETH/USD,384.45,388.5,379.82,386.55,1382.63809895,534458.7571491230
1598414400000,2020-08-26 04:00:00,ETH/USD,386.57,393.21,377.88,384.45,9533.20278345,3665039.8100973500
1598328000000,2020-08-25 04:00:00,ETH/USD,401.32,403.06,369.98,386.57,15982.05224221,6178181.93527112
1598241600000,2020-08-24 04:00:00,ETH/USD,393.39,410.6,391.65,401.32,7707.33823913,3093108.9821276500
1598155200000,2020-08-23 04:00:00,ETH/USD,390.23,395.58,383.96,393.39,4476.55837765,1761033.3001837300
1598068800000,2020-08-22 04:00:00,ETH/USD,385.45,397.6,381.9,390.23,10574.32911817,4126420.4517834800
1597982400000,2020-08-21 04:00:00,ETH/USD,416.44,416.55,379.93,385.45,18343.36530587,7070450.157147590
1597896000000,2020-08-20 04:00:00,ETH/USD,407.0,416.75,407.0,416.44,938.24047872,390720.86495815700
1597809600000,2020-08-19 04:00:00,ETH/USD,415.62,417.03,393.63,407.0,18769.46614866,7639172.72250462
1597723200000,2020-08-18 04:00:00,ETH/USD,430.83,431.94,413.71,415.62,10559.42440685,4388707.971975000
1597636800000,2020-08-17 04:00:00,ETH/USD,427.09,447.72,420.0,430.83,22240.67071184,9581948.162782030
1597550400000,2020-08-16 04:00:00,ETH/USD,426.78,437.08,412.68,427.09,9505.38333099,4059654.1668325200
1597464000000,2020-08-15 04:00:00,ETH/USD,439.68,441.04,421.11,426.78,8240.63592643,3516938.6006818000
1597377600000,2020-08-14 04:00:00,ETH/USD,421.67,445.0,419.78,439.68,25736.02598708,11315615.905999300
1597291200000,2020-08-13 04:00:00,ETH/USD,395.0,432.0,376.64,421.67,41938.89958843,17684375.78945330
1597204800000,2020-08-12 04:00:00,ETH/USD,377.83,395.0,365.73,395.0,17834.90671516,7044788.1524882
1597118400000,2020-08-11 04:00:00,ETH/USD,394.17,396.2,366.31,377.83,33137.74687967,12520434.903545700
1597032000000,2020-08-10 04:00:00,ETH/USD,398.13,400.53,385.7,394.17,14008.72326322,5521818.4486634300
1596945600000,2020-08-09 04:00:00,ETH/USD,396.03,398.92,383.99,398.13,10855.00720334,4321704.017865750
1596859200000,2020-08-08 04:00:00,ETH/USD,378.35,400.56,377.57,396.03,12571.41680178,4978658.196008930
1596772800000,2020-08-07 04:00:00,ETH/USD,396.14,397.71,363.41,378.35,23277.52398165,8807051.198457280
1596686400000,2020-08-06 04:00:00,ETH/USD,396.13,401.09,391.0,396.14,13066.43578361,5176137.871319270
1596600000000,2020-08-05 04:00:00,ETH/USD,389.6,408.49,387.68,396.13,19783.63408512,7836890.970138590
1596513600000,2020-08-04 04:00:00,ETH/USD,391.28,397.26,381.0,389.6,17046.71233931,6641399.127395180
1596427200000,2020-08-03 04:00:00,ETH/USD,379.35,403.14,379.35,391.28,21335.97134942,8348338.869601060
1596340800000,2020-08-02 04:00:00,ETH/USD,408.37,419.37,325.72,379.35,59681.04163712,22640003.145041500
1596254400000,2020-08-01 04:00:00,ETH/USD,352.6,408.37,350.87,408.37,22180.30736056,9057772.116831890
1596168000000,2020-07-31 04:00:00,ETH/USD,329.46,352.96,329.46,352.6,33996.29077343,11987092.126711400
1596081600000,2020-07-30 04:00:00,ETH/USD,316.64,337.04,316.64,329.46,2778.5066163,915406.789806198
1595995200000,2020-07-29 04:00:00,ETH/USD,316.59,325.69,314.69,316.64,10058.31415286,3184864.5933615900
1595908800000,2020-07-28 04:00:00,ETH/USD,320.15,323.43,306.36,316.59,17594.21010421,5570150.976891840
1595822400000,2020-07-27 04:00:00,ETH/USD,325.83,334.0,311.0,320.15,43894.73844203,14052900.512215900
1595736000000,2020-07-26 04:00:00,ETH/USD,303.14,329.71,301.26,325.83,19855.19742703,6469418.977649190
1595649600000,2020-07-25 04:00:00,ETH/USD,283.45,309.33,282.0,303.14,24683.01919934,7482410.4400879300
1595563200000,2020-07-24 04:00:00,ETH/USD,273.54,287.56,268.47,283.45,27498.59825875,7794477.676442690
1595476800000,2020-07-23 04:00:00,ETH/USD,264.26,280.8,260.26,273.54,30675.64542835,8391016.050470860
1595390400000,2020-07-22 04:00:00,ETH/USD,244.8,269.7,241.62,264.26,24168.70265072,6386821.362479270
1595304000000,2020-07-21 04:00:00,ETH/USD,236.88,247.05,236.76,244.8,13347.09272499,3267368.2990775500
1595217600000,2020-07-20 04:00:00,ETH/USD,238.91,239.37,234.04,236.88,18742.10749579,4439630.423602740
1595131200000,2020-07-19 04:00:00,ETH/USD,235.24,239.98,233.0,238.91,10117.80185822,2417244.04194734
1595044800000,2020-07-18 04:00:00,ETH/USD,233.12,237.13,232.96,235.24,9587.19800272,2255292.4581598500
1594958400000,2020-07-17 04:00:00,ETH/USD,233.23,234.63,231.66,233.12,3730.3884858,869628.1638096960
1594872000000,2020-07-16 04:00:00,ETH/USD,238.18,238.18,232.84,233.23,3589.97839917,837290.662038419
1594785600000,2020-07-15 04:00:00,ETH/USD,239.29,240.15,236.39,238.18,9055.7206512,2156891.544702820
1594699200000,2020-07-14 04:00:00,ETH/USD,238.85,242.16,237.0,239.29,19972.53599492,4779228.138224410
1594612800000,2020-07-13 04:00:00,ETH/USD,241.55,245.28,236.94,238.85,24319.78487369,5808780.617080860
1594526400000,2020-07-12 04:00:00,ETH/USD,240.91,243.84,235.98,241.55,22423.71916545,5416449.364414450
1594440000000,2020-07-11 04:00:00,ETH/USD,240.3,242.01,236.47,240.91,27616.27087893,6653035.817443030
1594353600000,2020-07-10 04:00:00,ETH/USD,240.18,241.78,235.7,240.3,13632.28412538,3275837.875328810
1594267200000,2020-07-09 04:00:00,ETH/USD,244.82,247.79,237.66,240.18,17424.61103125,4185043.0774856200
1594180800000,2020-07-08 04:00:00,ETH/USD,241.75,249.05,238.3,244.82,23075.57119698,5649361.340444640
1594094400000,2020-07-07 04:00:00,ETH/USD,239.49,242.15,234.77,241.75,9256.57002597,2237775.8037782500
1594008000000,2020-07-06 04:00:00,ETH/USD,227.84,244.0,227.84,239.49,18081.31119113,4330293.217163720
1593921600000,2020-07-05 04:00:00,ETH/USD,228.19,228.88,223.71,227.84,4509.19672774,1027375.3824482800
1593835200000,2020-07-04 04:00:00,ETH/USD,226.18,230.63,225.34,228.19,4901.5973405,1118495.497128700
1593748800000,2020-07-03 04:00:00,ETH/USD,226.52,228.47,224.35,226.18,6377.98267709,1442572.1219042200
1593662400000,2020-07-02 04:00:00,ETH/USD,231.17,231.17,226.19,226.52,476.24495791,107879.0078657730
1593576000000,2020-07-01 04:00:00,ETH/USD,225.57,232.79,224.97,231.17,11371.47675478,2628744.2814024900
1593489600000,2020-06-30 04:00:00,ETH/USD,227.26,227.73,223.13,225.57,7747.4143248,1747584.249245140
1593403200000,2020-06-29 04:00:00,ETH/USD,224.39,229.98,221.18,227.26,10306.65491029,2342290.3949125100
1593316800000,2020-06-28 04:00:00,ETH/USD,219.23,227.82,217.98,224.39,7080.52020545,1588797.9289009300
1593230400000,2020-06-27 04:00:00,ETH/USD,229.45,231.23,216.0,219.23,13677.22956854,2998459.038311020
1593144000000,2020-06-26 04:00:00,ETH/USD,232.2,232.79,227.29,229.45,10121.29758325,2322331.7304767100
1593057600000,2020-06-25 04:00:00,ETH/USD,229.42,235.23,229.11,232.2,18277.14325471,4243952.663743660
1592971200000,2020-06-24 04:00:00,ETH/USD,245.19,249.2,227.33,229.42,35768.79383471,8206076.681559170
1592884800000,2020-06-23 04:00:00,ETH/USD,242.74,245.96,241.4,245.19,8741.72157834,2143382.7137931800
1592798400000,2020-06-22 04:00:00,ETH/USD,234.25,246.43,233.7,242.74,17866.81690933,4336991.136570760
1592712000000,2020-06-21 04:00:00,ETH/USD,229.6,234.39,227.0,234.25,19582.35406474,4587166.4396653500
1592625600000,2020-06-20 04:00:00,ETH/USD,230.29,230.37,225.75,229.6,3811.40130239,875097.739028744
1592539200000,2020-06-19 04:00:00,ETH/USD,227.54,231.77,227.04,230.29,20291.6498505,4672964.0440716500
1592452800000,2020-06-18 04:00:00,ETH/USD,233.31,233.31,226.32,227.54,1484.66686482,337821.0984211430
1592366400000,2020-06-17 04:00:00,ETH/USD,232.77,238.0,227.54,233.31,34111.00497637,7958438.571036890
1592280000000,2020-06-16 04:00:00,ETH/USD,233.03,235.98,231.34,232.77,6489.74610579,1510618.2010447400
1592193600000,2020-06-15 04:00:00,ETH/USD,225.47,234.47,218.2,233.03,25861.68069426,6026547.452183410
1592107200000,2020-06-14 04:00:00,ETH/USD,237.66,237.97,224.82,225.47,11684.78714301,2634568.9571344600
1592020800000,2020-06-13 04:00:00,ETH/USD,235.79,238.7,234.8,237.66,4313.06727827,1025043.5693536500
1591934400000,2020-06-12 04:00:00,ETH/USD,233.24,239.05,232.42,235.79,10674.29398788,2516891.7794022300
1591848000000,2020-06-11 04:00:00,ETH/USD,248.14,249.08,226.0,233.24,29853.63283251,6963061.321854630
1591761600000,2020-06-10 04:00:00,ETH/USD,243.99,250.96,241.74,248.14,12952.11175292,3213937.0103695700
1591675200000,2020-06-09 04:00:00,ETH/USD,243.46,245.54,240.85,243.99,10095.45842638,2463190.9014524600
1591588800000,2020-06-08 04:00:00,ETH/USD,244.27,250.0,238.63,243.46,19255.69447064,4687991.375822010
1591502400000,2020-06-07 04:00:00,ETH/USD,243.26,245.5,234.91,244.27,8661.51340319,2115747.878997220
1591416000000,2020-06-06 04:00:00,ETH/USD,240.11,244.45,239.41,243.26,14385.63106248,3499448.612258890
1591329600000,2020-06-05 04:00:00,ETH/USD,242.44,247.73,237.79,240.11,11584.32530418,2781512.34878666
1591243200000,2020-06-04 04:00:00,ETH/USD,245.55,246.34,236.33,242.44,16259.05754357,3941845.910863110
1591156800000,2020-06-03 04:00:00,ETH/USD,235.73,246.73,233.45,245.55,9766.51184967,2398166.9846864700
1591070400000,2020-06-02 04:00:00,ETH/USD,247.3,253.19,224.99,235.73,38341.707316,9038290.66560068
1590984000000,2020-06-01 04:00:00,ETH/USD,238.68,252.18,235.0,247.3,28842.98499099,7132870.188271830
1590897600000,2020-05-31 04:00:00,ETH/USD,237.41,240.42,229.66,238.68,11783.71811515,2812537.8397240000
1590811200000,2020-05-30 04:00:00,ETH/USD,222.87,247.36,222.46,237.41,30564.18093148,7256242.194942670
1590724800000,2020-05-29 04:00:00,ETH/USD,221.95,223.38,217.66,222.87,15212.13601234,3390328.753070220
1590638400000,2020-05-28 04:00:00,ETH/USD,206.42,224.75,206.42,221.95,4005.16061086,888945.397580377
1590552000000,2020-05-27 04:00:00,ETH/USD,201.82,208.98,201.39,206.42,9707.56807445,2003836.201927970
1590465600000,2020-05-26 04:00:00,ETH/USD,204.96,204.96,196.81,201.82,13642.56393104,2753342.2525624900
1590379200000,2020-05-25 04:00:00,ETH/USD,202.38,205.74,201.59,204.96,6663.29003095,1365707.9247435100
1590292800000,2020-05-24 04:00:00,ETH/USD,209.23,210.86,198.0,202.38,11806.73213375,2389446.449228330
1590206400000,2020-05-23 04:00:00,ETH/USD,209.86,210.51,204.9,209.23,3777.77932087,790424.76730563
1590120000000,2020-05-22 04:00:00,ETH/USD,196.84,211.36,196.51,209.86,10328.40451623,2167518.971776030
1590033600000,2020-05-21 04:00:00,ETH/USD,208.9,209.83,191.5,196.84,18791.19991402,3698859.7910757000
1589947200000,2020-05-20 04:00:00,ETH/USD,212.76,215.64,206.0,208.9,10736.93400878,2242945.514434140
1589860800000,2020-05-19 04:00:00,ETH/USD,210.18,215.8,209.36,212.76,12479.59658169,2655158.9687203600
1589774400000,2020-05-18 04:00:00,ETH/USD,215.14,216.92,208.95,210.18,22178.06468073,4661385.634595830
1589688000000,2020-05-17 04:00:00,ETH/USD,201.53,216.05,200.57,215.14,16312.03374622,3509370.9401617700
1589601600000,2020-05-16 04:00:00,ETH/USD,198.88,203.24,197.61,201.53,10853.72849308,2187351.9032104100
1589515200000,2020-05-15 04:00:00,ETH/USD,199.44,201.94,191.49,198.88,22740.84517699,4522699.288799770
1589428800000,2020-05-14 04:00:00,ETH/USD,199.25,203.23,197.61,199.44,4361.90795166,869938.9218790710
1589342400000,2020-05-13 04:00:00,ETH/USD,190.79,201.41,188.37,199.25,17214.94286346,3430077.3655444100
1589256000000,2020-05-12 04:00:00,ETH/USD,188.86,192.45,187.05,190.79,19579.21991632,3735519.3678346900
1589169600000,2020-05-11 04:00:00,ETH/USD,189.06,193.47,176.26,188.86,25940.2606213,4899077.620938720
1589083200000,2020-05-10 04:00:00,ETH/USD,186.14,193.69,180.0,189.06,15388.53985711,2909357.3453852200
1588996800000,2020-05-09 04:00:00,ETH/USD,213.98,214.39,178.51,186.14,24966.69699193,4647300.978077850
1588910400000,2020-05-08 04:00:00,ETH/USD,213.16,215.25,207.41,213.98,10693.71412826,2288240.9491650700
1588824000000,2020-05-07 04:00:00,ETH/USD,205.31,217.03,203.23,213.16,18966.47533746,4042893.8829329700
1588737600000,2020-05-06 04:00:00,ETH/USD,206.83,211.34,197.0,205.31,16353.93382211,3357626.1530174000
1588651200000,2020-05-05 04:00:00,ETH/USD,206.49,212.08,201.63,206.83,9264.15714986,1916105.623305540
1588564800000,2020-05-04 04:00:00,ETH/USD,203.98,209.28,195.33,206.49,16311.27012632,3368114.1683838200
1588478400000,2020-05-03 04:00:00,ETH/USD,218.25,218.64,202.4,203.98,11529.27837433,2351742.2027958300
1588392000000,2020-05-02 04:00:00,ETH/USD,213.4,219.09,210.75,218.25,6983.7816503,1524210.345177980
1588305600000,2020-05-01 04:00:00,ETH/USD,208.78,217.22,208.46,213.4,12634.2569442,2696150.43189228
1588219200000,2020-04-30 04:00:00,ETH/USD,225.98,227.54,202.5,208.78,40093.08725281,8370634.756641670
1588132800000,2020-04-29 04:00:00,ETH/USD,198.4,226.54,197.88,225.98,32151.32279824,7265555.925946280
1588046400000,2020-04-28 04:00:00,ETH/USD,194.51,199.92,192.71,198.4,10715.43498053,2125942.3001371500
1587960000000,2020-04-27 04:00:00,ETH/USD,197.64,197.98,189.57,194.51,16220.73970572,3155096.080159600
1587873600000,2020-04-26 04:00:00,ETH/USD,195.03,200.0,192.59,197.64,11378.00803916,2248749.5088595800
1587787200000,2020-04-25 04:00:00,ETH/USD,188.45,198.0,187.74,195.03,10887.29480422,2123349.1056670300
1587700800000,2020-04-24 04:00:00,ETH/USD,188.41,189.99,184.57,188.45,9664.30328452,1821237.9539677900
1587614400000,2020-04-23 04:00:00,ETH/USD,183.37,191.0,183.37,188.41,7657.15218924,1442684.0439747100
1587528000000,2020-04-22 04:00:00,ETH/USD,171.83,187.45,171.35,183.37,25231.83967119,4626762.44050611
1587441600000,2020-04-21 04:00:00,ETH/USD,172.06,174.73,168.53,171.83,21530.82758116,3699642.103270720
1587355200000,2020-04-20 04:00:00,ETH/USD,184.34,186.84,166.88,172.06,32058.80339676,5516037.712446530
1587268800000,2020-04-19 04:00:00,ETH/USD,187.85,189.08,176.9,184.34,12339.27449198,2274621.859851590
1587182400000,2020-04-18 04:00:00,ETH/USD,173.36,190.06,171.99,187.85,22877.01844876,4297447.915599570
1587096000000,2020-04-17 04:00:00,ETH/USD,171.74,175.0,168.67,173.36,14668.40701199,2542915.0395985900
1587009600000,2020-04-16 04:00:00,ETH/USD,153.26,175.03,152.64,171.74,37096.81207385,6371006.505563000
1586923200000,2020-04-15 04:00:00,ETH/USD,160.62,161.52,148.5,153.26,16456.70413369,2522154.4755293300
1586836800000,2020-04-14 04:00:00,ETH/USD,158.32,162.15,155.74,160.62,19628.10716219,3152666.572390960
1586750400000,2020-04-13 04:00:00,ETH/USD,152.59,159.51,150.99,158.32,13246.02950118,2097111.3906268200
1586664000000,2020-04-12 04:00:00,ETH/USD,156.25,165.37,150.12,152.59,17653.14866542,2693693.954856440
1586577600000,2020-04-11 04:00:00,ETH/USD,160.38,161.49,154.25,156.25,9950.3154613,1554736.790828130
1586491200000,2020-04-10 04:00:00,ETH/USD,163.71,164.18,152.46,160.38,35924.97080614,5761646.817888730
1586404800000,2020-04-09 04:00:00,ETH/USD,170.44,171.15,163.0,163.71,4204.38605619,688300.0412588650
1586318400000,2020-04-08 04:00:00,ETH/USD,172.21,174.81,166.14,170.44,16298.84579225,2777975.27683109
1586232000000,2020-04-07 04:00:00,ETH/USD,171.24,175.7,162.34,172.21,39818.73022471,6857183.53199731
1586145600000,2020-04-06 04:00:00,ETH/USD,144.21,176.74,144.21,171.24,68128.83157232,11666381.118444100
1586059200000,2020-04-05 04:00:00,ETH/USD,144.27,145.06,141.0,144.21,9287.56426119,1339359.64210621
1585972800000,2020-04-04 04:00:00,ETH/USD,140.18,146.5,139.5,144.27,11050.80696882,1594299.9213916600
1585886400000,2020-04-03 04:00:00,ETH/USD,141.72,146.87,137.85,140.18,34677.11250961,4861037.631597130
1585800000000,2020-04-02 04:00:00,ETH/USD,136.6,150.32,135.99,141.72,30844.53954199,4371288.143890820
1585713600000,2020-04-01 04:00:00,ETH/USD,132.92,139.17,128.93,136.6,19937.97196608,2723526.970566530
1585627200000,2020-03-31 04:00:00,ETH/USD,132.51,135.4,130.77,132.92,12367.87540681,1643937.999073190
1585540800000,2020-03-30 04:00:00,ETH/USD,126.97,135.56,126.85,132.51,32555.22402709,4313892.735829700
1585454400000,2020-03-29 04:00:00,ETH/USD,130.44,130.44,123.87,126.97,12208.2866767,1550086.1593406000
1585368000000,2020-03-28 04:00:00,ETH/USD,126.29,133.45,125.38,130.44,11951.37828683,1558937.7837341100
1585281600000,2020-03-27 04:00:00,ETH/USD,139.77,139.77,124.7,126.29,5249.383099,662944.59157271
1585195200000,2020-03-26 04:00:00,ETH/USD,137.67,142.38,137.5,139.77,2154.51127074,301136.0403113300
1585108800000,2020-03-25 04:00:00,ETH/USD,136.25,142.88,132.87,137.67,31627.35023354,4354137.306651450
1585022400000,2020-03-24 04:00:00,ETH/USD,134.71,144.14,133.17,136.25,66472.06892176,9056819.3905898
1584936000000,2020-03-23 04:00:00,ETH/USD,125.14,138.38,120.75,134.71,59761.83772428,8050517.159837760
1584849600000,2020-03-22 04:00:00,ETH/USD,135.95,137.35,119.17,125.14,43244.51349184,5411618.418368860
1584763200000,2020-03-21 04:00:00,ETH/USD,134.24,137.67,125.79,135.95,40747.8111329,5539664.923517760
1584676800000,2020-03-20 04:00:00,ETH/USD,135.15,153.17,115.0,134.24,98750.50487556,13256267.774495200
1584590400000,2020-03-19 04:00:00,ETH/USD,116.33,143.5,116.07,135.15,52647.58083254,7115320.5495177800
1584504000000,2020-03-18 04:00:00,ETH/USD,117.77,120.44,110.31,116.33,31907.20878712,3711765.5982056700
1584417600000,2020-03-17 04:00:00,ETH/USD,117.69,120.44,113.0,117.77,25545.87802133,3008538.054572030
1584331200000,2020-03-16 04:00:00,ETH/USD,122.0,122.03,100.7,117.69,140738.27369292,16563487.430919800
1584244800000,2020-03-15 04:00:00,ETH/USD,121.05,133.9,119.49,122.0,47973.97828407,5852825.35065654
1584158400000,2020-03-14 04:00:00,ETH/USD,134.39,134.39,120.5,121.05,34772.10536722,4209163.354701980
1584072000000,2020-03-13 04:00:00,ETH/USD,135.47,138.99,130.56,134.39,5201.79979296,699069.8741758940
1583985600000,2020-03-12 04:00:00,ETH/USD,183.11,183.11,119.63,135.47,14267.58583914,1932829.8536283000
1583899200000,2020-03-11 04:00:00,ETH/USD,201.84,202.24,181.63,183.11,41583.9435919,7614435.9111128100
1583812800000,2020-03-10 04:00:00,ETH/USD,202.63,206.28,195.72,201.84,30844.39985731,6225633.667199450
1583726400000,2020-03-09 04:00:00,ETH/USD,201.83,208.5,189.97,202.63,43594.7121468,8833596.522306080
1583640000000,2020-03-08 04:00:00,ETH/USD,231.69,233.11,196.1,201.83,33947.19361818,6851562.0879572700
1583553600000,2020-03-07 04:00:00,ETH/USD,244.46,252.16,229.64,231.69,9557.82167433,2214451.7037255200
1583467200000,2020-03-06 04:00:00,ETH/USD,229.67,247.02,229.17,244.46,12755.08090818,3118107.078813680
1583380800000,2020-03-05 04:00:00,ETH/USD,226.8,231.14,226.8,229.67,314.380046,72203.66516482000
1583294400000,2020-03-04 04:00:00,ETH/USD,226.38,228.64,220.38,226.8,22701.59791072,5148722.406151300
1583208000000,2020-03-03 04:00:00,ETH/USD,231.97,232.82,219.93,226.38,40957.27898952,9271908.817647540
1583121600000,2020-03-02 04:00:00,ETH/USD,218.82,234.93,218.7,231.97,32037.31030061,7431694.870432500
1583035200000,2020-03-01 04:00:00,ETH/USD,223.69,227.77,212.16,218.82,15374.80336462,3364314.472246150
1582948800000,2020-02-29 04:00:00,ETH/USD,230.58,233.36,216.25,223.69,9666.97284723,2162405.1561968800
1582862400000,2020-02-28 04:00:00,ETH/USD,230.08,232.45,213.0,230.58,17193.2972114,3964430.4710046100
1582776000000,2020-02-27 04:00:00,ETH/USD,218.53,238.27,216.88,230.08,21979.33393222,5057005.151125180
1582689600000,2020-02-26 04:00:00,ETH/USD,238.72,241.97,209.77,218.53,36981.53125818,8081574.025850080
1582603200000,2020-02-25 04:00:00,ETH/USD,261.9,264.96,235.81,238.72,32573.21641046,7775878.221505010
1582516800000,2020-02-24 04:00:00,ETH/USD,268.54,272.67,256.64,261.9,16473.0108532,4314281.54245308
1582430400000,2020-02-23 04:00:00,ETH/USD,265.74,278.0,265.69,268.54,16034.12388112,4305803.627035970
1582344000000,2020-02-22 04:00:00,ETH/USD,263.02,266.51,256.8,265.74,6435.8764876,1710269.817814820
1582257600000,2020-02-21 04:00:00,ETH/USD,262.66,268.57,257.82,263.02,8108.28692619,2132641.6273264900
1582171200000,2020-02-20 04:00:00,ETH/USD,260.87,266.05,258.78,262.66,1301.33154205,341807.74283485300
1582084800000,2020-02-19 04:00:00,ETH/USD,280.29,287.41,251.07,260.87,30243.64909844,7889660.740310040
1581998400000,2020-02-18 04:00:00,ETH/USD,268.9,286.54,259.39,280.29,23325.78966108,6537985.584104110
1581912000000,2020-02-17 04:00:00,ETH/USD,249.76,272.27,242.58,268.9,16926.53346332,4551544.848286750
1581825600000,2020-02-16 04:00:00,ETH/USD,271.17,273.96,236.56,249.76,44157.60835211,11028804.262023000
1581739200000,2020-02-15 04:00:00,ETH/USD,282.62,286.12,258.15,271.17,16958.72784316,4598698.229229700
1581652800000,2020-02-14 04:00:00,ETH/USD,266.6,289.58,260.36,282.62,23004.33499486,6501485.156247330
1581566400000,2020-02-13 04:00:00,ETH/USD,269.9,278.34,256.42,266.6,33197.99657852,8850585.887833430
1581480000000,2020-02-12 04:00:00,ETH/USD,245.15,276.0,245.15,269.9,54792.67929797,14788544.1425221
1581393600000,2020-02-11 04:00:00,ETH/USD,218.8,248.1,218.13,245.15,34629.54499087,8489432.954511780
1581307200000,2020-02-10 04:00:00,ETH/USD,225.41,225.47,217.09,218.8,20898.8086895,4572659.3412626
1581220800000,2020-02-09 04:00:00,ETH/USD,228.86,230.99,223.8,225.41,14951.33449894,3370180.3094060700
1581134400000,2020-02-08 04:00:00,ETH/USD,217.56,229.34,217.3,228.86,13407.44814631,3068428.582764510
1581048000000,2020-02-07 04:00:00,ETH/USD,217.06,224.29,213.49,217.56,17912.89269361,3897128.9344217900
1580961600000,2020-02-06 04:00:00,ETH/USD,206.26,220.0,206.26,217.06,693.47551685,150525.79568746100
1580875200000,2020-02-05 04:00:00,ETH/USD,189.05,207.99,188.56,206.26,20471.12193723,4222373.61077306
1580788800000,2020-02-04 04:00:00,ETH/USD,187.58,189.67,183.97,189.05,7921.54920344,1497568.8769103300
1580702400000,2020-02-03 04:00:00,ETH/USD,191.42,191.97,186.56,187.58,10351.8724231,1941804.229125100
1580616000000,2020-02-02 04:00:00,ETH/USD,180.34,196.0,178.82,191.42,20849.81248195,3991071.105294870
1580529600000,2020-02-01 04:00:00,ETH/USD,182.65,183.93,179.84,180.34,4269.53800477,769968.4837802220
1580443200000,2020-01-31 04:00:00,ETH/USD,183.01,184.05,175.33,182.65,12905.52691351,2357194.4907526000
1580356800000,2020-01-30 04:00:00,ETH/USD,172.98,186.88,172.98,183.01,25732.16735863,4709243.948302880
1580270400000,2020-01-29 04:00:00,ETH/USD,176.4,178.49,170.54,172.98,12934.40792031,2237393.8820552200
1580184000000,2020-01-28 04:00:00,ETH/USD,172.8,177.45,169.96,176.4,12044.60510651,2124668.340788360
1580097600000,2020-01-27 04:00:00,ETH/USD,167.45,173.61,164.81,172.8,11253.53372516,1944610.627707650
1580011200000,2020-01-26 04:00:00,ETH/USD,161.18,169.37,160.11,167.45,5469.89630112,915934.135622544
1579924800000,2020-01-25 04:00:00,ETH/USD,158.89,162.6,158.44,161.18,3947.21117242,636211.4967706560
1579838400000,2020-01-24 04:00:00,ETH/USD,159.13,165.0,155.11,158.89,7895.69534481,1254547.0333368600
1579752000000,2020-01-23 04:00:00,ETH/USD,164.86,164.86,157.64,159.13,778.25721616,123844.07080754100
1579665600000,2020-01-22 04:00:00,ETH/USD,168.4,170.99,164.0,164.86,17002.81308447,2803083.7651057200
1579579200000,2020-01-21 04:00:00,ETH/USD,167.62,169.78,164.4,168.4,7328.81863306,1234173.057807300
1579492800000,2020-01-20 04:00:00,ETH/USD,165.24,169.31,161.16,167.62,20352.30038506,3411452.590543760
1579406400000,2020-01-19 04:00:00,ETH/USD,176.26,176.98,162.0,165.24,16961.28746354,2802683.14047535
1579320000000,2020-01-18 04:00:00,ETH/USD,171.76,179.65,165.1,176.26,11214.78909586,1976718.7260362800
1579233600000,2020-01-17 04:00:00,ETH/USD,164.86,174.32,164.61,171.76,19318.517012,3318148.48198112
1579147200000,2020-01-16 04:00:00,ETH/USD,159.77,167.04,159.15,164.86,15249.6295759,2514053.931882870
1579060800000,2020-01-15 04:00:00,ETH/USD,162.78,168.61,158.48,159.77,21279.6098072,3399843.258896340
1578974400000,2020-01-14 04:00:00,ETH/USD,149.24,172.0,148.06,162.78,40490.1687652,6590989.671599260
1578888000000,2020-01-13 04:00:00,ETH/USD,143.55,149.99,142.43,149.24,13606.85365152,2030686.8389528400
1578801600000,2020-01-12 04:00:00,ETH/USD,143.86,146.95,142.66,143.55,4429.21143455,635813.3014296530
1578715200000,2020-01-11 04:00:00,ETH/USD,143.79,148.19,141.95,143.86,9623.18675598,1384391.646715280
1578628800000,2020-01-10 04:00:00,ETH/USD,136.56,145.32,135.36,143.79,14168.93470878,2037351.121775480
1578542400000,2020-01-09 04:00:00,ETH/USD,139.81,139.81,136.23,136.56,594.19103663,81142.7279621928
1578456000000,2020-01-08 04:00:00,ETH/USD,144.77,145.37,137.33,139.81,14115.52087594,1973490.9736651700
1578369600000,2020-01-07 04:00:00,ETH/USD,143.65,148.18,139.02,144.77,13012.6525829,1883841.7144264300
1578283200000,2020-01-06 04:00:00,ETH/USD,139.38,148.97,138.64,143.65,34646.76088665,4977007.201367270
1578196800000,2020-01-05 04:00:00,ETH/USD,136.06,139.57,134.1,139.38,8909.29360307,1241777.3423959000
1578110400000,2020-01-04 04:00:00,ETH/USD,133.36,136.06,132.58,136.06,7025.37189812,955872.1004582070
1578024000000,2020-01-03 04:00:00,ETH/USD,126.4,134.72,126.4,133.36,21187.54444824,2825570.927617290
1577937600000,2020-01-02 04:00:00,ETH/USD,128.62,129.76,125.6,126.4,13420.68530102,1696374.622048930
1577851200000,2020-01-01 04:00:00,ETH/USD,129.83,132.57,128.31,128.62,9736.07819429,1252254.3773495800
1577764800000,2019-12-31 04:00:00,ETH/USD,130.91,133.37,127.77,129.83,16241.98776565,2108697.2716143400
1577678400000,2019-12-30 04:00:00,ETH/USD,133.94,135.77,130.0,130.91,10820.12358232,1416462.3781615100
1577592000000,2019-12-29 04:00:00,ETH/USD,127.86,137.53,127.53,133.94,7210.67950153,965798.4124349280
1577505600000,2019-12-28 04:00:00,ETH/USD,126.93,129.5,126.54,127.86,4374.13685422,559277.1381805690
1577419200000,2019-12-27 04:00:00,ETH/USD,126.1,128.03,122.2,126.93,5458.43243099,692838.8284655610
1577332800000,2019-12-26 04:00:00,ETH/USD,124.28,132.0,124.18,126.1,6455.29414246,814012.591364206
1577246400000,2019-12-25 04:00:00,ETH/USD,125.73,126.33,123.4,124.28,2664.90588781,331194.5037370270
1577160000000,2019-12-24 04:00:00,ETH/USD,127.77,129.49,125.21,125.73,4244.16845448,533619.2997817700
1577073600000,2019-12-23 04:00:00,ETH/USD,133.74,134.24,126.23,127.77,9866.23093501,1260608.3265662300
1576987200000,2019-12-22 04:00:00,ETH/USD,127.26,135.19,127.0,133.74,7271.93220365,972548.212916151
1576900800000,2019-12-21 04:00:00,ETH/USD,127.5,127.94,126.68,127.26,2324.13205993,295769.0459466920
1576814400000,2019-12-20 04:00:00,ETH/USD,126.8,129.4,125.81,127.5,6413.79386117,817758.717299175
1576728000000,2019-12-19 04:00:00,ETH/USD,129.29,129.29,129.29,129.29,0.0,0.0
1576641600000,2019-12-18 04:00:00,ETH/USD,123.85,134.94,116.21,129.29,16664.55312314,2154560.0732907700
1576555200000,2019-12-17 04:00:00,ETH/USD,131.72,132.5,120.0,123.85,17865.13753915,2212597.2842237300
1576468800000,2019-12-16 04:00:00,ETH/USD,141.29,141.29,141.29,141.29,0.0,0.0
1576382400000,2019-12-15 04:00:00,ETH/USD,140.93,144.08,140.62,141.29,2063.11854527,291498.0192611980
1576296000000,2019-12-14 04:00:00,ETH/USD,144.5,144.55,140.0,140.93,3073.08998201,433090.5711646690
1576209600000,2019-12-13 04:00:00,ETH/USD,141.9,144.5,141.9,144.5,15.930579000000000,2301.9686655
1576123200000,2019-12-12 04:00:00,ETH/USD,141.9,141.9,141.9,141.9,0.0,0.0
1576036800000,2019-12-11 04:00:00,ETH/USD,145.22,146.0,139.02,141.9,7800.59991421,1106905.127826400
1575950400000,2019-12-10 04:00:00,ETH/USD,147.13,147.33,144.0,145.22,2924.8568782000000,424747.71585220400
1575864000000,2019-12-09 04:00:00,ETH/USD,150.48,151.45,146.4,147.13,5485.594889600000,807095.5761068480
1575777600000,2019-12-08 04:00:00,ETH/USD,146.97,151.99,146.7,150.48,3334.93578348,501841.13669807000
1575691200000,2019-12-07 04:00:00,ETH/USD,148.69,149.82,146.4,146.97,1617.42109405,237712.3781925290
1575604800000,2019-12-06 04:00:00,ETH/USD,147.44,149.85,145.9,148.69,6128.36261687,911226.2375024000
1575518400000,2019-12-05 04:00:00,ETH/USD,144.99,144.99,144.99,144.99,0.0,0.0
1575432000000,2019-12-04 04:00:00,ETH/USD,144.76,152.36,143.51,144.99,13902.11902588,2015668.2375623400
1575345600000,2019-12-03 04:00:00,ETH/USD,149.3,149.74,143.46,144.76,6362.83531621,921084.0403745600
1575259200000,2019-12-02 04:00:00,ETH/USD,150.2,150.67,146.9,149.3,5319.8160417,794248.53502581
1575172800000,2019-12-01 04:00:00,ETH/USD,146.89,152.28,146.27,150.2,2466.44646673,370460.259302846
1575086400000,2019-11-30 04:00:00,ETH/USD,154.1,155.1,146.16,146.89,8121.47355431,1192963.2503926000
1575000000000,2019-11-29 04:00:00,ETH/USD,152.63,157.64,151.36,154.1,6293.14694744,969773.944600504
1574913600000,2019-11-28 04:00:00,ETH/USD,152.59,154.64,149.52,152.63,5718.09627988,872753.0351980840
1574827200000,2019-11-27 04:00:00,ETH/USD,145.41,155.77,141.0,152.59,21287.99585178,3248335.2870231100
1574740800000,2019-11-26 04:00:00,ETH/USD,149.13,149.86,143.77,145.41,8617.02224351,1253001.2044287900
1574654400000,2019-11-25 04:00:00,ETH/USD,136.82,151.69,132.03,149.13,27403.34259255,4086660.4808269800
1574568000000,2019-11-24 04:00:00,ETH/USD,150.13,151.35,136.27,136.82,14022.69016555,1918584.468450550
1574481600000,2019-11-23 04:00:00,ETH/USD,151.89,154.44,147.27,150.13,7279.58182039,1092883.6186951500
1574395200000,2019-11-22 04:00:00,ETH/USD,160.01,161.96,137.8,151.89,47163.70353453,7163694.929859760
1574308800000,2019-11-21 04:00:00,ETH/USD,175.0,175.0,175.0,175.0,0.0,0.0
1574222400000,2019-11-20 04:00:00,ETH/USD,176.89,177.25,173.0,175.0,8763.44038275,1533602.06698125
1574136000000,2019-11-19 04:00:00,ETH/USD,176.89,176.89,176.89,176.89,0.0,0.0
1574049600000,2019-11-18 04:00:00,ETH/USD,182.95,183.87,174.43,176.89,9251.00265464,1636409.8595792700
1573963200000,2019-11-17 04:00:00,ETH/USD,181.68,186.3,179.98,182.95,1410.45743136,258043.187067312
1573876800000,2019-11-16 04:00:00,ETH/USD,179.63,183.43,179.63,181.68,1247.72436013,226686.5617484180
1573790400000,2019-11-15 04:00:00,ETH/USD,181.75,186.53,177.0,179.63,8243.56466982,1480791.5216397700
1573704000000,2019-11-14 04:00:00,ETH/USD,187.27,187.27,180.39,181.75,7749.31241541,1408437.5315007700
1573617600000,2019-11-13 04:00:00,ETH/USD,185.63,189.4,185.14,187.27,6015.80037766,1126578.9367243900
1573531200000,2019-11-12 04:00:00,ETH/USD,185.13,185.13,185.13,185.13,0.0,0.0
1573444800000,2019-11-11 04:00:00,ETH/USD,188.9,189.07,183.84,185.13,4930.91727765,912860.7156113440
1573358400000,2019-11-10 04:00:00,ETH/USD,183.97,192.12,183.95,188.9,6471.02791075,1222377.172340680
1573272000000,2019-11-09 04:00:00,ETH/USD,184.41,185.75,182.76,183.97,1539.85050176,283286.2968087870
1573185600000,2019-11-08 04:00:00,ETH/USD,187.8,188.03,180.7,184.41,4987.73009359,919787.306558932
1573099200000,2019-11-07 04:00:00,ETH/USD,189.38,189.95,184.5,187.8,5447.72553568,1023082.855600700
1573012800000,2019-11-06 04:00:00,ETH/USD,189.89,194.79,188.3,189.38,12599.57588011,2386107.680175230
1572926400000,2019-11-05 04:00:00,ETH/USD,186.24,192.64,182.51,189.89,17224.23866596,3270710.6802791400
1572840000000,2019-11-04 04:00:00,ETH/USD,181.36,189.43,180.5,186.24,5254.44086356,978587.0664294140
1572753600000,2019-11-03 04:00:00,ETH/USD,184.4,184.4,179.02,181.36,2167.08713892,393022.9235145310
1572667200000,2019-11-02 04:00:00,ETH/USD,183.25,186.27,182.02,184.4,2567.63282974,473471.493804056
1572580800000,2019-11-01 04:00:00,ETH/USD,180.7,184.93,177.31,183.25,7907.94709743,1449131.3056040500
1572494400000,2019-10-31 04:00:00,ETH/USD,182.88,185.23,178.01,180.7,8534.14080996,1542119.2443597700
1572408000000,2019-10-30 04:00:00,ETH/USD,189.7,190.11,180.11,182.88,9755.98572038,1784174.6685430900
1572321600000,2019-10-29 04:00:00,ETH/USD,184.27,193.0,184.26,189.7,11479.51294454,2177663.605579240
1572235200000,2019-10-28 04:00:00,ETH/USD,184.8,186.19,180.88,184.27,10703.28244611,1972293.8563446900
1572148800000,2019-10-27 04:00:00,ETH/USD,178.31,189.82,177.31,184.8,5506.59056738,1017617.936851820
1572062400000,2019-10-26 04:00:00,ETH/USD,186.61,190.37,173.91,178.31,8692.59352437,1549976.3513304100
1571976000000,2019-10-25 04:00:00,ETH/USD,160.24,199.38,160.24,186.61,13314.48720149,2484616.456670050
1571889600000,2019-10-24 04:00:00,ETH/USD,160.24,160.24,160.24,160.24,0.0,0.0
1571803200000,2019-10-23 04:00:00,ETH/USD,166.71,167.6,153.0,160.24,32675.11379572,5235860.234626170
1571716800000,2019-10-22 04:00:00,ETH/USD,175.14,175.37,164.12,166.71,11816.45033452,1969920.435267830
1571630400000,2019-10-21 04:00:00,ETH/USD,174.68,177.9,171.93,175.14,6452.66441558,1130119.6457446800
1571544000000,2019-10-20 04:00:00,ETH/USD,170.33,176.8,169.76,174.68,5408.63957683,944781.1612806640
1571457600000,2019-10-19 04:00:00,ETH/USD,173.94,175.09,169.62,170.33,4228.35432353,720215.591926865
1571371200000,2019-10-18 04:00:00,ETH/USD,175.87,176.33,168.41,173.94,9885.03241652,1719402.5385294900
1571284800000,2019-10-17 04:00:00,ETH/USD,173.61,179.0,172.77,175.87,7082.68124983,1245631.151407600
1571198400000,2019-10-16 04:00:00,ETH/USD,179.35,180.22,171.59,173.61,21586.7448374,3747674.7712210100
1571112000000,2019-10-15 04:00:00,ETH/USD,185.25,185.62,177.08,179.35,15065.70868327,2702034.8523444700
1571025600000,2019-10-14 04:00:00,ETH/USD,182.53,188.43,181.15,185.25,15979.77426732,2960253.18302103
1570939200000,2019-10-13 04:00:00,ETH/USD,182.01,184.69,178.84,182.53,5125.88470336,935627.7349043010
1570852800000,2019-10-12 04:00:00,ETH/USD,182.75,184.83,177.44,182.01,6353.19572949,1156345.154724480
1570766400000,2019-10-11 04:00:00,ETH/USD,193.06,197.77,179.61,182.75,18163.92164742,3319456.681066010
1570680000000,2019-10-10 04:00:00,ETH/USD,193.51,194.89,187.47,193.06,6808.60726867,1314469.7192894300
1570593600000,2019-10-09 04:00:00,ETH/USD,179.89,198.0,179.6,193.51,21228.68010494,4107961.8871069400
1570507200000,2019-10-08 04:00:00,ETH/USD,182.66,183.44,177.59,179.89,8380.23940071,1507521.2657937200
1570420800000,2019-10-07 04:00:00,ETH/USD,172.14,185.09,170.55,182.66,9055.32509329,1654045.6815403500
1570334400000,2019-10-06 04:00:00,ETH/USD,175.05,176.02,167.6,172.14,6475.83180824,1114749.6874704300
1570248000000,2019-10-05 04:00:00,ETH/USD,175.94,177.13,172.11,175.05,2026.7743076000000,354786.84254538000
1570161600000,2019-10-04 04:00:00,ETH/USD,173.25,179.47,170.84,175.94,7162.32259283,1260139.0369825100
1570075200000,2019-10-03 04:00:00,ETH/USD,180.04,180.04,180.04,180.04,0.0,0.0
1569988800000,2019-10-02 04:00:00,ETH/USD,176.06,181.9,174.21,180.04,9077.3009919,1634277.270581680
1569902400000,2019-10-01 04:00:00,ETH/USD,182.97,184.05,173.85,176.06,12148.81533662,2138920.4281653200
1569816000000,2019-09-30 04:00:00,ETH/USD,168.58,185.75,165.11,182.97,21684.07272852,3967534.7871373000
1569729600000,2019-09-29 04:00:00,ETH/USD,171.37,172.07,164.7,168.58,4674.62229746,788047.8269058070
1569643200000,2019-09-28 04:00:00,ETH/USD,174.95,175.75,168.57,171.37,7423.98292833,1272247.9544279100
1569556800000,2019-09-27 04:00:00,ETH/USD,165.02,177.08,161.17,174.95,14142.84788656,2474291.2377536700
1569470400000,2019-09-26 04:00:00,ETH/USD,168.54,170.93,152.11,165.02,26701.85916564,4406340.799513910
1569384000000,2019-09-25 04:00:00,ETH/USD,170.27,173.4,162.47,168.54,14037.39772025,2365863.011770940
1569297600000,2019-09-24 04:00:00,ETH/USD,201.11,201.63,152.39,170.27,60594.36042994,10317401.750405900
1569211200000,2019-09-23 04:00:00,ETH/USD,208.0,210.71,198.34,201.11,11406.34066012,2293929.1701567300
1569124800000,2019-09-22 04:00:00,ETH/USD,209.2,213.0,206.12,208.0,3617.67613611,752476.63631088
1569038400000,2019-09-21 04:00:00,ETH/USD,218.93,219.25,208.66,209.2,8190.63149836,1713480.109456910
1568952000000,2019-09-20 04:00:00,ETH/USD,219.58,221.4,212.01,218.93,6867.87631558,1503584.1617699300
1568865600000,2019-09-19 04:00:00,ETH/USD,204.58,204.58,204.58,204.58,0.0,0.0
1568779200000,2019-09-18 04:00:00,ETH/USD,211.23,217.25,202.34,204.58,15460.82969714,3162976.5394409000
1568692800000,2019-09-17 04:00:00,ETH/USD,197.6,215.0,196.96,211.23,16971.7592573,3584944.707919480
1568606400000,2019-09-16 04:00:00,ETH/USD,194.05,199.75,188.58,197.6,14960.69798949,2956233.922723220
1568520000000,2019-09-15 04:00:00,ETH/USD,186.7,195.35,186.61,194.05,6063.83702697,1176687.5750835300
1568433600000,2019-09-14 04:00:00,ETH/USD,180.53,191.03,180.32,186.7,6768.04276856,1263593.5848901500
1568347200000,2019-09-13 04:00:00,ETH/USD,180.67,181.68,177.7,180.53,4301.06480092,776471.2285100880
1568260800000,2019-09-12 04:00:00,ETH/USD,177.98,182.6,176.45,180.67,2228.44888851,402613.86068710200
1568174400000,2019-09-11 04:00:00,ETH/USD,179.78,180.86,173.7,177.98,10187.65279248,1813198.4440055900
1568088000000,2019-09-10 04:00:00,ETH/USD,182.55,183.31,176.68,179.78,10798.93121427,1941431.8537014600
1568001600000,2019-09-09 04:00:00,ETH/USD,178.39,185.94,176.14,182.55,10001.60713532,1825793.3825526700
1567915200000,2019-09-08 04:00:00,ETH/USD,183.28,184.54,176.62,178.39,9255.75357024,1651133.8793951100
1567828800000,2019-09-07 04:00:00,ETH/USD,169.36,184.53,169.16,183.28,14203.78807172,2603270.2777848400
1567742400000,2019-09-06 04:00:00,ETH/USD,174.59,174.59,169.05,169.36,147.11244995,24914.964523532000
1567656000000,2019-09-05 04:00:00,ETH/USD,174.8,175.53,173.94,174.59,467.186646,81566.11652514
1567569600000,2019-09-04 04:00:00,ETH/USD,179.83,180.35,173.47,174.8,9148.05341195,1599079.7364088600
1567483200000,2019-09-03 04:00:00,ETH/USD,178.88,183.3,173.72,179.83,14513.91782991,2610037.8433527200
1567396800000,2019-09-02 04:00:00,ETH/USD,171.18,181.67,170.7,178.88,10211.945507200000,1826712.8123279400
1567310400000,2019-09-01 04:00:00,ETH/USD,173.0,173.02,168.02,171.18,3121.7311398,534377.9365109640
1567224000000,2019-08-31 04:00:00,ETH/USD,169.24,174.5,166.38,173.0,2075.19102146,359008.04671258000
1567137600000,2019-08-30 04:00:00,ETH/USD,167.87,170.33,165.63,169.24,5253.24015536,889058.3638931270
1567051200000,2019-08-29 04:00:00,ETH/USD,169.43,171.74,163.6,167.87,17247.38837732,2895319.0869007100
1566964800000,2019-08-28 04:00:00,ETH/USD,185.23,188.09,165.71,169.43,26959.88889454,4567813.975401910
1566878400000,2019-08-27 04:00:00,ETH/USD,185.83,189.12,184.56,185.23,4317.07610052,799652.0060993200
1566792000000,2019-08-26 04:00:00,ETH/USD,190.62,191.38,184.62,185.83,4473.89736369,831384.3470945130
1566705600000,2019-08-25 04:00:00,ETH/USD,190.12,193.85,182.74,190.62,7659.69163131,1460090.4187603100
1566619200000,2019-08-24 04:00:00,ETH/USD,192.63,193.23,186.42,190.12,4514.90562222,858373.8568964660
1566532800000,2019-08-23 04:00:00,ETH/USD,191.9,196.6,188.86,192.63,6324.60140139,1218307.9679497600
1566446400000,2019-08-22 04:00:00,ETH/USD,184.32,194.83,184.32,191.9,1510.84850335,289931.82779286500
1566360000000,2019-08-21 04:00:00,ETH/USD,190.7,190.7,180.0,184.32,18414.24764482,3394114.125893220
1566273600000,2019-08-20 04:00:00,ETH/USD,198.25,200.78,190.08,190.7,14623.19824629,2788643.9055675000
1566187200000,2019-08-19 04:00:00,ETH/USD,196.3,203.57,194.52,198.25,13868.94891887,2749519.1231659800
1566100800000,2019-08-18 04:00:00,ETH/USD,184.0,198.03,183.4,196.3,6268.36378412,1230479.810822760
1566014400000,2019-08-17 04:00:00,ETH/USD,184.32,187.19,181.99,184.0,2795.50481757,514372.88643288000
1565928000000,2019-08-16 04:00:00,ETH/USD,186.76,187.71,177.99,184.32,23148.65301214,4266759.723197650
1565841600000,2019-08-15 04:00:00,ETH/USD,183.86,189.69,173.58,186.76,41036.47936447,7663972.886108420
1565755200000,2019-08-14 04:00:00,ETH/USD,207.75,207.84,181.71,183.86,55899.2613364,10277638.189310500
1565668800000,2019-08-13 04:00:00,ETH/USD,209.74,210.99,202.91,207.75,15698.97171222,3261461.373213710
1565582400000,2019-08-12 04:00:00,ETH/USD,213.88,214.25,208.23,209.74,11701.82488517,2454340.751415560
1565496000000,2019-08-11 04:00:00,ETH/USD,210.48,216.54,206.51,213.88,5797.3231205,1239931.46901254
1565409600000,2019-08-10 04:00:00,ETH/USD,211.51,212.95,200.75,210.48,16628.69418293,3500007.5516231100
1565323200000,2019-08-09 04:00:00,ETH/USD,217.33,218.36,206.89,211.51,17316.70941194,3662657.207719430
1565236800000,2019-08-08 04:00:00,ETH/USD,225.49,225.49,217.24,217.33,1406.01943274,305570.20331738400
1565150400000,2019-08-07 04:00:00,ETH/USD,226.3,231.22,220.12,225.49,15532.02094256,3502315.4023378500
1565064000000,2019-08-06 04:00:00,ETH/USD,228.4,239.14,222.61,226.3,14852.0802516,3361025.7609370800
1564977600000,2019-08-05 04:00:00,ETH/USD,229.72,236.8,226.94,228.4,13002.7698222,2969832.62739048
1564891200000,2019-08-04 04:00:00,ETH/USD,219.64,231.0,217.33,229.72,7548.07010684,1733942.6649432800
1564804800000,2019-08-03 04:00:00,ETH/USD,222.29,223.52,218.02,219.64,8996.35367845,1975959.1219347600
1564718400000,2019-08-02 04:00:00,ETH/USD,216.03,224.5,215.0,222.29,9105.58114849,2024079.6334978400
1564632000000,2019-08-01 04:00:00,ETH/USD,214.12,218.07,212.29,216.03,10170.46476307,2197125.502766010
1564545600000,2019-07-31 04:00:00,ETH/USD,212.11,218.92,211.23,214.12,7310.6603074,1565358.5850204900
1564459200000,2019-07-30 04:00:00,ETH/USD,206.72,214.77,205.65,212.11,7615.90879016,1615410.4134808400
1564372800000,2019-07-29 04:00:00,ETH/USD,212.33,213.67,203.66,206.72,8778.55575771,1814703.0462338100
1564286400000,2019-07-28 04:00:00,ETH/USD,207.4,215.23,197.77,212.33,8100.58318394,1719996.8274459800
1564200000000,2019-07-27 04:00:00,ETH/USD,222.66,222.66,202.01,207.4,9903.38499675,2053962.0483259500
1564113600000,2019-07-26 04:00:00,ETH/USD,214.76,223.8,213.5,222.66,7744.97358178,1724495.8177191300
1564027200000,2019-07-25 04:00:00,ETH/USD,222.4,222.4,212.79,214.76,716.60811743,153898.7592992670
1563940800000,2019-07-24 04:00:00,ETH/USD,204.59,225.9,202.8,222.4,11609.6656566,2581989.64202784
1563854400000,2019-07-23 04:00:00,ETH/USD,216.43,219.0,201.02,204.59,17559.90216667,3592580.384279020
1563768000000,2019-07-22 04:00:00,ETH/USD,226.05,226.72,211.43,216.43,20996.08189587,4544182.004723150
1563681600000,2019-07-21 04:00:00,ETH/USD,224.5,228.95,217.85,226.05,2784.76889297,629497.0082558690
1563595200000,2019-07-20 04:00:00,ETH/USD,227.1,236.0,223.05,224.5,16873.18388828,3788029.78291886
1563508800000,2019-07-19 04:00:00,ETH/USD,222.83,229.17,213.16,227.1,16080.00351147,3651768.797454840
1563422400000,2019-07-18 04:00:00,ETH/USD,212.75,229.49,206.56,222.83,31313.20529584,6977521.536072030
1563336000000,2019-07-17 04:00:00,ETH/USD,197.95,220.0,192.19,212.75,33468.66449564,7120458.3714474100
1563249600000,2019-07-16 04:00:00,ETH/USD,227.81,229.39,190.0,197.95,79412.42440422,15719689.410815300
1563163200000,2019-07-15 04:00:00,ETH/USD,222.48,235.97,217.87,227.81,41652.89767009,9488946.618223200
1563076800000,2019-07-14 04:00:00,ETH/USD,268.76,268.76,202.61,222.48,76635.33739889,17049829.864505000
1562990400000,2019-07-13 04:00:00,ETH/USD,273.0,273.11,261.89,268.76,4750.45738993,1276732.9281175900
1562904000000,2019-07-12 04:00:00,ETH/USD,268.23,279.55,266.85,273.0,9476.82137094,2587172.23426662
1562817600000,2019-07-11 04:00:00,ETH/USD,283.31,283.31,266.62,268.23,725.47257553,194593.50893441200
1562731200000,2019-07-10 04:00:00,ETH/USD,311.38,311.94,281.16,283.31,37728.99917649,10689002.756691400
1562644800000,2019-07-09 04:00:00,ETH/USD,315.32,318.0,303.15,311.38,20919.33311033,6513861.943894560
1562558400000,2019-07-08 04:00:00,ETH/USD,305.42,318.4,303.89,315.32,25971.35612106,8189288.012092640
1562472000000,2019-07-07 04:00:00,ETH/USD,287.59,310.98,286.72,305.42,7093.16575442,2166394.684714960
1562385600000,2019-07-06 04:00:00,ETH/USD,294.21,297.78,284.53,287.59,5051.44384677,1452744.7358925800
1562299200000,2019-07-05 04:00:00,ETH/USD,285.45,295.0,283.23,294.21,7463.04957928,2195703.816719970
1562212800000,2019-07-04 04:00:00,ETH/USD,298.23,298.85,280.05,285.45,12516.338217,3572788.74404265
1562126400000,2019-07-03 04:00:00,ETH/USD,295.1,303.8,289.73,298.23,12817.15885031,3822461.2839279500
1562040000000,2019-07-02 04:00:00,ETH/USD,298.5,298.5,271.42,295.1,24396.42896152,7199386.186544550
1561953600000,2019-07-01 04:00:00,ETH/USD,298.5,298.5,298.5,298.5,0.0,0.0
1561867200000,2019-06-30 04:00:00,ETH/USD,319.01,319.52,286.14,298.5,16885.02918137,5040181.210638950
1561780800000,2019-06-29 04:00:00,ETH/USD,294.59,324.19,291.73,319.01,12535.10070195,3998822.474929070
1561694400000,2019-06-28 04:00:00,ETH/USD,294.25,312.55,291.5,294.59,26196.35854856,7717185.26482029
1561608000000,2019-06-27 04:00:00,ETH/USD,334.85,336.78,274.2,294.25,54154.21228288,15934876.96423740
1561521600000,2019-06-26 04:00:00,ETH/USD,331.02,363.85,313.48,334.85,70453.25744596,23591273.255779700
1561435200000,2019-06-25 04:00:00,ETH/USD,310.58,334.0,305.0,331.02,22889.77673394,7576973.894468820
1561348800000,2019-06-24 04:00:00,ETH/USD,302.06,313.23,301.47,310.58,11470.40819252,3562479.3764328600
1561262400000,2019-06-23 04:00:00,ETH/USD,313.56,317.68,295.23,302.06,7324.60198647,2212469.276033130
1561176000000,2019-06-22 04:00:00,ETH/USD,303.5,316.13,300.0,313.56,47976.86771427,15043626.640486500
1561089600000,2019-06-21 04:00:00,ETH/USD,280.35,308.74,279.6,303.5,26281.36945067,7976395.628278350
1561003200000,2019-06-20 04:00:00,ETH/USD,270.16,284.85,266.33,280.35,15982.34714129,4480651.021060650
1560916800000,2019-06-19 04:00:00,ETH/USD,265.77,271.29,265.04,270.16,8954.82675097,2419235.9950420600
1560830400000,2019-06-18 04:00:00,ETH/USD,271.03,271.95,261.02,265.77,11433.98120547,3038809.1849777600
1560744000000,2019-06-17 04:00:00,ETH/USD,270.85,275.79,267.73,271.03,11580.28657735,3138605.07105917
1560657600000,2019-06-16 04:00:00,ETH/USD,271.73,279.0,263.55,270.85,10675.79733001,2891539.706833210
1560571200000,2019-06-15 04:00:00,ETH/USD,264.8,273.67,262.03,271.73,5786.79935115,1572446.9876879900
1560484800000,2019-06-14 04:00:00,ETH/USD,253.93,267.29,252.99,264.8,10069.67928071,2666451.073532010
1560398400000,2019-06-13 04:00:00,ETH/USD,259.61,260.91,253.0,253.93,586.1152113000000,148832.235605409
1560312000000,2019-06-12 04:00:00,ETH/USD,248.91,264.52,246.48,259.61,15245.03946233,3957764.6948154900
1560225600000,2019-06-11 04:00:00,ETH/USD,245.39,250.88,237.26,248.91,8920.92107178,2220506.4639767600
1560139200000,2019-06-10 04:00:00,ETH/USD,234.63,249.04,233.05,245.39,7333.44169737,1799553.258117620
1560052800000,2019-06-09 04:00:00,ETH/USD,242.11,245.33,226.55,234.63,6032.63375704,1415436.8584143000
1559966400000,2019-06-08 04:00:00,ETH/USD,247.51,250.47,240.0,242.11,5628.76125092,1362779.3864602400
1559880000000,2019-06-07 04:00:00,ETH/USD,246.41,254.36,240.0,247.51,34281.88872863,8485110.279223210
1559793600000,2019-06-06 04:00:00,ETH/USD,247.19,251.48,235.52,246.41,12549.50814122,3092324.30107802
1559707200000,2019-06-05 04:00:00,ETH/USD,242.14,249.14,237.28,247.19,12202.91345537,3016438.1770329100
1559620800000,2019-06-04 04:00:00,ETH/USD,243.71,250.96,232.93,242.14,14452.48811416,3499525.471962700
1559534400000,2019-06-03 04:00:00,ETH/USD,268.94,269.53,237.21,243.71,22802.78567008,5557266.895655200
1559448000000,2019-06-02 04:00:00,ETH/USD,265.88,274.0,264.42,268.94,5784.67540707,1555730.6039774100
1559361600000,2019-06-01 04:00:00,ETH/USD,269.74,271.94,261.13,265.88,3944.18192641,1048679.0905938900
1559275200000,2019-05-31 04:00:00,ETH/USD,253.03,273.0,253.03,269.74,1145.28852812,308930.12757508900
1559188800000,2019-05-30 04:00:00,ETH/USD,283.03,288.93,239.0,253.03,46225.26894122,11696379.800196900
1559102400000,2019-05-29 04:00:00,ETH/USD,268.46,285.97,260.14,283.03,28809.59038705,8153978.367246760
1559016000000,2019-05-28 04:00:00,ETH/USD,271.31,276.39,265.49,268.46,13147.67396869,3529624.5536345200
1558929600000,2019-05-27 04:00:00,ETH/USD,269.04,279.99,264.65,271.31,23905.82492194,6485889.359571540
1558843200000,2019-05-26 04:00:00,ETH/USD,248.86,272.19,246.4,269.04,22585.57359804,6076422.720816680
1558756800000,2019-05-25 04:00:00,ETH/USD,252.22,258.48,248.0,248.86,8976.63269206,2233924.811746050
1558670400000,2019-05-24 04:00:00,ETH/USD,245.0,256.11,242.52,252.22,9027.483224700000,2276911.8189338300
1558584000000,2019-05-23 04:00:00,ETH/USD,243.5,248.51,231.5,245.0,14329.11736767,3510633.75507915
1558497600000,2019-05-22 04:00:00,ETH/USD,256.23,259.42,240.0,243.5,30611.62444023,7453930.551196010
1558411200000,2019-05-21 04:00:00,ETH/USD,251.7,264.42,248.0,256.23,20129.69248102,5157831.104411760
1558324800000,2019-05-20 04:00:00,ETH/USD,255.32,257.68,239.23,251.7,20499.58000097,5159744.286244150
1558238400000,2019-05-19 04:00:00,ETH/USD,253.12,264.84,245.44,255.32,17954.91820594,4584249.7163406000
1558152000000,2019-05-18 04:00:00,ETH/USD,243.93,255.09,231.35,253.12,15570.02142905,3941083.824121140
1558065600000,2019-05-17 04:00:00,ETH/USD,238.72,248.73,223.48,243.93,35069.75315954,8554564.888206590
1557979200000,2019-05-16 04:00:00,ETH/USD,269.92,280.41,222.59,238.72,97183.66408203,23199684.2896622
1557892800000,2019-05-15 04:00:00,ETH/USD,229.99,274.0,225.07,269.92,86527.93337238,23355619.775872800
1557806400000,2019-05-14 04:00:00,ETH/USD,209.15,230.64,200.0,229.99,75243.39032619,17305227.341120400
1557720000000,2019-05-13 04:00:00,ETH/USD,188.97,210.72,186.81,209.15,75540.03393458,15799198.097417400
1557633600000,2019-05-12 04:00:00,ETH/USD,193.94,204.17,182.43,188.97,47949.64347672,9061044.127795780
1557547200000,2019-05-11 04:00:00,ETH/USD,175.95,208.23,173.53,193.94,48111.14887385,9330676.212594470
1557460800000,2019-05-10 04:00:00,ETH/USD,170.49,177.0,170.49,175.95,2615.19374412,460143.3392779140
1557374400000,2019-05-09 04:00:00,ETH/USD,170.77,171.85,165.3,170.49,12141.86931414,2070067.2993677300
1557288000000,2019-05-08 04:00:00,ETH/USD,166.83,173.2,166.18,170.77,16958.31730445,2895971.8460809300
1557201600000,2019-05-07 04:00:00,ETH/USD,178.05,178.05,162.0,166.83,22553.972672600000,3762679.2609698600
1557115200000,2019-05-06 04:00:00,ETH/USD,159.25,180.79,157.8,178.05,30416.99948899,5415746.75901467
1557028800000,2019-05-05 04:00:00,ETH/USD,162.45,163.65,157.45,159.25,7278.98956384,1159179.08804152
1556942400000,2019-05-04 04:00:00,ETH/USD,164.56,164.72,158.0,162.45,6167.35800732,1001887.308289130
1556856000000,2019-05-03 04:00:00,ETH/USD,159.26,169.0,158.96,164.56,19207.60494085,3160803.469066280
1556769600000,2019-05-02 04:00:00,ETH/USD,158.72,160.56,155.79,159.26,10869.47592778,1731072.7362582400
1556683200000,2019-05-01 04:00:00,ETH/USD,160.49,160.49,156.53,158.72,6386.72470946,1013700.9458854900
1556596800000,2019-04-30 04:00:00,ETH/USD,154.57,162.65,153.9,160.49,17841.84208517,2863437.2362489300
1556510400000,2019-04-29 04:00:00,ETH/USD,154.05,155.47,148.82,154.57,12188.39698606,1883960.522135290
1556424000000,2019-04-28 04:00:00,ETH/USD,155.46,156.72,152.47,154.05,7143.48545571,1100453.9344521300
1556337600000,2019-04-27 04:00:00,ETH/USD,153.73,158.1,152.65,155.46,8828.83106669,1372530.0776276300
1556251200000,2019-04-26 04:00:00,ETH/USD,152.96,154.4,152.6,153.73,486.61037364,74806.61273967720
1556164800000,2019-04-25 04:00:00,ETH/USD,164.0,165.61,146.9,152.96,35733.55486729,5465804.552500680
1556078400000,2019-04-24 04:00:00,ETH/USD,169.97,170.59,160.31,164.0,22607.30460544,3707597.95529216
1555992000000,2019-04-23 04:00:00,ETH/USD,172.41,176.95,165.0,169.97,29212.03297905,4965169.245449130
1555905600000,2019-04-22 04:00:00,ETH/USD,168.59,173.59,168.48,172.41,8825.02239235,1521522.1106650600
1555819200000,2019-04-21 04:00:00,ETH/USD,173.84,173.99,166.29,168.59,7240.93075083,1220748.5152824300
1555732800000,2019-04-20 04:00:00,ETH/USD,174.59,177.71,171.0,173.84,5978.21254166,1039252.4682421700
1555646400000,2019-04-19 04:00:00,ETH/USD,171.71,175.45,171.42,174.59,9390.84780831,1639548.1188528400
1555560000000,2019-04-18 04:00:00,ETH/USD,172.66,176.19,169.3,171.71,16853.29772818,2893879.7529057900
1555473600000,2019-04-17 04:00:00,ETH/USD,166.79,173.83,164.62,172.66,16560.77639293,2859383.652003290
1555387200000,2019-04-16 04:00:00,ETH/USD,161.03,168.62,160.63,166.79,11742.48746645,1958529.4845292000
1555300800000,2019-04-15 04:00:00,ETH/USD,167.86,168.9,156.0,161.03,19321.45266026,3111333.521881670
1555214400000,2019-04-14 04:00:00,ETH/USD,163.0,169.79,162.0,167.86,6048.461513800000,1015294.7497064700
1555128000000,2019-04-13 04:00:00,ETH/USD,165.82,166.04,162.28,163.0,6749.67119357,1100196.40455191
1555041600000,2019-04-12 04:00:00,ETH/USD,164.61,166.04,163.8,165.82,1042.73065276,172905.5968406630
1554955200000,2019-04-11 04:00:00,ETH/USD,170.14,172.58,159.22,164.61,35150.45307220000,5786116.080214840
1554868800000,2019-04-10 04:00:00,ETH/USD,179.64,185.48,169.14,170.14,31190.42055334,5306738.152945270
1554782400000,2019-04-09 04:00:00,ETH/USD,177.82,181.16,174.49,179.64,19257.34681116,3459389.7811567800
1554696000000,2019-04-08 04:00:00,ETH/USD,182.38,185.54,174.46,177.82,34852.90494241,6197543.556859350
1554609600000,2019-04-07 04:00:00,ETH/USD,167.38,188.0,164.75,182.38,51025.6130372,9306051.305724540
1554523200000,2019-04-06 04:00:00,ETH/USD,163.62,174.49,160.33,167.38,12742.75109917,2132881.6789790700
1554436800000,2019-04-05 04:00:00,ETH/USD,157.31,168.51,157.31,163.62,21342.37725394,3492039.766289660
1554350400000,2019-04-04 04:00:00,ETH/USD,160.06,164.42,153.58,157.31,53135.52606768,8358749.605706740
1554264000000,2019-04-03 04:00:00,ETH/USD,173.08,179.94,150.51,160.06,97621.51353464,15625299.45635450
1554177600000,2019-04-02 04:00:00,ETH/USD,141.32,177.43,141.32,173.08,97205.7242709,16824366.756807400
1554091200000,2019-04-01 04:00:00,ETH/USD,142.7,142.7,139.85,141.32,10455.50966396,1477572.625710830
1554004800000,2019-03-31 04:00:00,ETH/USD,141.1,142.91,138.85,142.7,3950.1078691,563680.39292057
1553918400000,2019-03-30 04:00:00,ETH/USD,143.08,143.08,140.13,141.1,3468.33102964,489381.508282204
1553832000000,2019-03-29 04:00:00,ETH/USD,137.99,145.74,137.99,143.08,2757.0290664,394475.718820512
1553745600000,2019-03-28 04:00:00,ETH/USD,137.96,138.45,136.65,137.99,14827.32282455,2046022.2765596500
1553659200000,2019-03-27 04:00:00,ETH/USD,136.14,139.73,136.14,137.96,13572.04747547,1872399.6697158400
1553572800000,2019-03-26 04:00:00,ETH/USD,133.37,137.0,131.56,136.14,16496.98328507,2245899.3044294300
1553486400000,2019-03-25 04:00:00,ETH/USD,135.61,135.62,130.69,133.37,12538.92689929,1672316.6805583100
1553400000000,2019-03-24 04:00:00,ETH/USD,136.01,136.51,132.33,135.61,27568.55669133,3738571.9729112600
1553313600000,2019-03-23 04:00:00,ETH/USD,136.55,137.64,135.16,136.01,3362.18513137,457290.79971763400
1553227200000,2019-03-22 04:00:00,ETH/USD,134.62,136.78,134.62,136.55,309.72810177,42293.37229669350
1553140800000,2019-03-21 04:00:00,ETH/USD,138.4,138.94,132.08,134.62,14557.61183134,1959745.7047349900
1553054400000,2019-03-20 04:00:00,ETH/USD,136.94,139.22,135.53,138.4,26108.43560703,3613407.488012950
1552968000000,2019-03-19 04:00:00,ETH/USD,137.13,138.47,136.27,136.94,8393.36982935,1149388.064431190
1552881600000,2019-03-18 04:00:00,ETH/USD,139.58,139.83,135.57,137.13,12197.36053233,1672624.0497984100
1552795200000,2019-03-17 04:00:00,ETH/USD,137.29,141.2,136.79,139.58,10809.54651755,1508796.502919630
1552708800000,2019-03-16 04:00:00,ETH/USD,138.81,144.78,136.75,137.29,36118.58515492,4958720.555918970
1552622400000,2019-03-15 04:00:00,ETH/USD,132.23,139.15,132.23,138.81,18005.42276676,2499332.7342539600
1552536000000,2019-03-14 04:00:00,ETH/USD,131.09,134.7,128.9,132.23,14585.9425143,1928699.178665890
1552449600000,2019-03-13 04:00:00,ETH/USD,132.27,132.48,130.25,131.09,6173.84707131,809329.6125780280
1552363200000,2019-03-12 04:00:00,ETH/USD,129.46,134.41,127.69,132.27,14539.12756195,1923090.4026191300
1552276800000,2019-03-11 04:00:00,ETH/USD,135.28,135.28,129.39,129.46,13697.61301826,1773292.98134394
1552190400000,2019-03-10 04:00:00,ETH/USD,135.74,135.76,133.47,135.28,3433.73406685,464515.544563468
1552104000000,2019-03-09 04:00:00,ETH/USD,133.72,138.04,133.41,135.74,5567.3237985,755708.53240839
1552017600000,2019-03-08 04:00:00,ETH/USD,135.17,138.62,130.0,133.72,16763.66579221,2241637.389734320
1551931200000,2019-03-07 04:00:00,ETH/USD,138.51,139.5,134.75,135.17,16174.23384978,2186271.1894747600
1551844800000,2019-03-06 04:00:00,ETH/USD,134.87,140.18,134.0,138.51,15177.50060999,2102235.6094897100
1551758400000,2019-03-05 04:00:00,ETH/USD,125.33,138.77,125.16,134.87,31958.47988165,4310240.181638140
1551672000000,2019-03-04 04:00:00,ETH/USD,128.2,128.2,122.61,125.33,14934.09953509,1871690.6947328300
1551585600000,2019-03-03 04:00:00,ETH/USD,133.14,133.59,127.0,128.2,8002.37886716,1025904.9707699100
1551499200000,2019-03-02 04:00:00,ETH/USD,134.77,134.77,129.69,133.14,9695.20751844,1290819.9290051000
1551412800000,2019-03-01 04:00:00,ETH/USD,135.62,135.62,133.0,134.77,4093.52417938,551684.2536550430
1551326400000,2019-02-28 04:00:00,ETH/USD,135.57,138.94,131.69,135.62,18430.04988372,2499483.3652301100
1551240000000,2019-02-27 04:00:00,ETH/USD,135.21,139.55,125.77,135.57,31063.68532196,4211303.819098120
1551153600000,2019-02-26 04:00:00,ETH/USD,137.55,137.78,133.12,135.21,12930.98649014,1748398.6833318300
1551067200000,2019-02-25 04:00:00,ETH/USD,137.9,141.02,134.46,137.55,26781.732340800000,3683827.28347704
1550980800000,2019-02-24 04:00:00,ETH/USD,163.61,165.1,129.32,137.9,94902.98984524,13087122.299658600
1550894400000,2019-02-23 04:00:00,ETH/USD,146.22,165.5,144.31,163.61,27000.81465724,4417603.286071040
1550808000000,2019-02-22 04:00:00,ETH/USD,145.0,147.99,142.2,146.22,26661.37479359,3898426.22231873
1550721600000,2019-02-21 04:00:00,ETH/USD,147.0,148.55,141.93,145.0,25619.58472631,3714839.78531495
1550635200000,2019-02-20 04:00:00,ETH/USD,141.61,148.33,139.69,147.0,18167.215225600000,2670580.6381632000
1550548800000,2019-02-19 04:00:00,ETH/USD,145.52,147.87,139.29,141.61,35481.53485198,5024540.150388890
1550462400000,2019-02-18 04:00:00,ETH/USD,136.73,149.13,134.26,145.52,31241.31597269,4546236.300345850
1550376000000,2019-02-17 04:00:00,ETH/USD,122.08,137.52,121.76,136.73,69432.83331828,9493551.299608420
1550289600000,2019-02-16 04:00:00,ETH/USD,121.38,123.57,121.0,122.08,3855.48625664,470677.7622106110
1550203200000,2019-02-15 04:00:00,ETH/USD,120.53,121.38,120.53,121.38,89.97320323,10920.947408057400
1550116800000,2019-02-14 04:00:00,ETH/USD,121.8,123.07,118.97,120.53,12226.15065902,1473617.9389316800
1550030400000,2019-02-13 04:00:00,ETH/USD,121.94,125.09,119.59,121.8,17191.96377121,2093981.187333380
1549944000000,2019-02-12 04:00:00,ETH/USD,119.19,122.35,118.34,121.94,15389.72134357,1876622.6206349300
1549857600000,2019-02-11 04:00:00,ETH/USD,119.28,121.9,117.24,119.19,14806.37036061,1764771.283281110
1549771200000,2019-02-10 04:00:00,ETH/USD,117.86,125.02,115.0,119.28,23983.19843823,2860715.9097120700
1549684800000,2019-02-09 04:00:00,ETH/USD,117.1,119.69,116.35,117.86,6597.28470299,777555.9750944010
1549598400000,2019-02-08 04:00:00,ETH/USD,103.49,121.93,103.26,117.1,43363.88343004,5077910.749657680
1549512000000,2019-02-07 04:00:00,ETH/USD,104.03,104.74,101.0,103.49,27265.34522336,2821690.5771655300
1549425600000,2019-02-06 04:00:00,ETH/USD,102.11,105.36,100.68,104.03,17292.62526852,1798951.8066841400
1549339200000,2019-02-05 04:00:00,ETH/USD,105.83,106.66,100.0,102.11,22783.97102127,2326471.2809818800
1549252800000,2019-02-04 04:00:00,ETH/USD,105.85,107.85,105.2,105.83,8653.39103676,915788.3734203110
1549166400000,2019-02-03 04:00:00,ETH/USD,108.65,108.91,104.7,105.85,5995.2104648,634593.0276990800
1549080000000,2019-02-02 04:00:00,ETH/USD,106.33,110.0,105.27,108.65,9788.6037066,1063531.7927220900
1548993600000,2019-02-01 04:00:00,ETH/USD,104.36,106.44,104.36,106.33,102.75218775,10925.6401234575
1548907200000,2019-01-31 04:00:00,ETH/USD,108.65,108.65,103.01,104.36,22145.21434634,2311074.569184040
1548820800000,2019-01-30 04:00:00,ETH/USD,104.29,110.03,103.8,108.65,23020.53733685,2501181.381648750
1548734400000,2019-01-29 04:00:00,ETH/USD,103.98,105.91,101.0,104.29,72268.89277215,7536922.827207520
1548648000000,2019-01-28 04:00:00,ETH/USD,107.46,108.01,100.82,103.98,54604.39698075,5677765.198058390
1548561600000,2019-01-27 04:00:00,ETH/USD,114.83,114.83,107.1,107.46,38263.85116101,4111833.4457621300
1548475200000,2019-01-26 04:00:00,ETH/USD,115.57,117.4,112.89,114.83,8816.4288911,1012390.529565010
1548388800000,2019-01-25 04:00:00,ETH/USD,116.2,117.06,110.0,115.57,19052.55541382,2201903.829175180
1548302400000,2019-01-24 04:00:00,ETH/USD,115.09,117.05,113.8,116.2,18438.92031909,2142602.5410782600
1548216000000,2019-01-23 04:00:00,ETH/USD,118.45,118.94,115.0,115.09,16871.5876334,1941751.0207280100
1548129600000,2019-01-22 04:00:00,ETH/USD,116.54,119.59,111.06,118.45,19072.12889793,2259093.667959810
1548043200000,2019-01-21 04:00:00,ETH/USD,116.76,118.16,113.61,116.54,10350.18282111,1206210.3059721600
1547956800000,2019-01-20 04:00:00,ETH/USD,123.2,123.61,115.81,116.76,12787.611642200000,1493081.5353432700
1547870400000,2019-01-19 04:00:00,ETH/USD,120.33,126.37,120.33,123.2,13927.48443191,1715866.082011310
1547784000000,2019-01-18 04:00:00,ETH/USD,121.8,121.8,119.35,120.33,316.73300139,38112.482057258700
1547697600000,2019-01-17 04:00:00,ETH/USD,120.48,123.8,117.2,121.8,17818.98468911,2170352.3351336000
1547611200000,2019-01-16 04:00:00,ETH/USD,120.36,127.51,119.25,120.48,32639.83526962,3932447.353283820
1547524800000,2019-01-15 04:00:00,ETH/USD,128.24,130.63,117.03,120.36,36963.89092718,4448973.911995390
1547438400000,2019-01-14 04:00:00,ETH/USD,117.22,131.47,116.04,128.24,33880.13111058,4344788.013620780
1547352000000,2019-01-13 04:00:00,ETH/USD,124.57,125.32,113.4,117.22,29215.00510807,3424582.8987679700
1547265600000,2019-01-12 04:00:00,ETH/USD,126.85,126.85,123.35,124.57,2280.04106676,284024.7156862930
1547179200000,2019-01-11 04:00:00,ETH/USD,127.19,128.18,121.66,126.85,15120.14554482,1917990.4623604200
1547092800000,2019-01-10 04:00:00,ETH/USD,149.57,150.0,122.24,127.19,59069.19608897,7513011.050556090
1547006400000,2019-01-09 04:00:00,ETH/USD,151.97,152.72,148.5,149.57,17213.78647055,2574666.042400160
1546920000000,2019-01-08 04:00:00,ETH/USD,147.98,153.12,146.98,151.97,24444.94502069,3714898.294794260
1546833600000,2019-01-07 04:00:00,ETH/USD,154.81,155.63,146.52,147.98,30427.23815586,4502622.702304160
1546747200000,2019-01-06 04:00:00,ETH/USD,151.48,159.5,150.08,154.81,37936.32170341,5872921.962904900
1546660800000,2019-01-05 04:00:00,ETH/USD,158.73,160.7,148.3,151.48,30212.93133976,4576654.839346850
1546574400000,2019-01-04 04:00:00,ETH/USD,151.52,160.0,151.52,158.73,10509.90229998,1668236.7920758300
1546488000000,2019-01-03 04:00:00,ETH/USD,152.7,154.39,144.48,151.52,19865.71067527,3010052.4815169100
1546401600000,2019-01-02 04:00:00,ETH/USD,139.17,156.83,139.01,152.7,50344.78020768,7687647.9377127400
1546315200000,2019-01-01 04:00:00,ETH/USD,130.83,140.92,129.77,139.17,22357.75066137,3111528.1595428600
1546228800000,2018-12-31 04:00:00,ETH/USD,135.24,137.61,128.24,130.83,36783.67955264,4812408.795871890
1546142400000,2018-12-30 04:00:00,ETH/USD,132.82,139.96,132.41,135.24,15771.17229749,2132893.341512550
1546056000000,2018-12-29 04:00:00,ETH/USD,135.0,147.0,128.84,132.82,20882.54095713,2773619.0899260100
1545969600000,2018-12-28 04:00:00,ETH/USD,114.27,141.0,113.59,135.0,45705.90793434,6170297.5711359
1545883200000,2018-12-27 04:00:00,ETH/USD,125.99,127.23,112.01,114.27,80902.0178846,9244673.583673240
1545796800000,2018-12-26 04:00:00,ETH/USD,133.5,134.89,123.6,125.99,20769.19595652,2616710.998561960
1545710400000,2018-12-25 04:00:00,ETH/USD,124.36,136.42,122.0,133.5,41516.25786030000,5542420.424350050
1545624000000,2018-12-24 04:00:00,ETH/USD,150.1,159.26,123.0,124.36,80546.0523417,10016707.069213800
1545537600000,2018-12-23 04:00:00,ETH/USD,128.81,151.17,124.25,150.1,42983.97824921,6451895.135206420
1545451200000,2018-12-22 04:00:00,ETH/USD,107.01,130.0,105.72,128.81,36325.27673892,4679058.896740290
1545364800000,2018-12-21 04:00:00,ETH/USD,114.24,117.53,105.02,107.01,59098.54012383,6324134.778651050
1545278400000,2018-12-20 04:00:00,ETH/USD,100.31,119.2,99.56,114.24,119999.15938193,13708703.967791700
1545192000000,2018-12-19 04:00:00,ETH/USD,103.5,109.21,98.0,100.31,69380.75247391,6959583.280657910
1545105600000,2018-12-18 04:00:00,ETH/USD,94.93,105.0,91.5,103.5,58580.0479985,6063034.96784475
1545019200000,2018-12-17 04:00:00,ETH/USD,84.12,97.24,83.94,94.93,61201.45410544,5809854.03822942
1544932800000,2018-12-16 04:00:00,ETH/USD,85.82,86.62,83.43,84.12,16033.60267696,1348746.657185880
1544846400000,2018-12-15 04:00:00,ETH/USD,83.98,86.45,80.83,85.82,19756.67376729,1695517.7427088300
1544760000000,2018-12-14 04:00:00,ETH/USD,85.24,85.68,80.98,83.98,33057.28832488,2776151.0735234200
1544673600000,2018-12-13 04:00:00,ETH/USD,88.37,90.23,83.77,85.24,47447.58897591,4044432.4843065700
1544587200000,2018-12-12 04:00:00,ETH/USD,86.62,91.0,86.08,88.37,28966.46414436,2559766.4364370900
1544500800000,2018-12-11 04:00:00,ETH/USD,88.76,90.95,85.0,86.62,25982.61776817,2250614.3510788900
1544414400000,2018-12-10 04:00:00,ETH/USD,92.4,92.64,87.5,88.76,26943.11739899,2391471.100334350
1544328000000,2018-12-09 04:00:00,ETH/USD,90.12,94.87,90.12,92.4,3436.81881924,317562.058897776
1544241600000,2018-12-08 04:00:00,ETH/USD,93.05,94.18,84.05,90.12,40475.17307208,3647622.5972558500
1544155200000,2018-12-07 04:00:00,ETH/USD,83.78,93.05,83.78,93.05,11.21,1043.0905
1544068800000,2018-12-06 04:00:00,ETH/USD,100.51,105.0,81.5,83.78,176878.54185595,14818884.236691500
1543982400000,2018-12-05 04:00:00,ETH/USD,106.02,107.77,99.52,100.51,36198.25597161,3638286.7077065200
1543896000000,2018-12-04 04:00:00,ETH/USD,107.1,112.05,102.87,106.02,34414.64508005,3648640.6713869000
1543809600000,2018-12-03 04:00:00,ETH/USD,112.03,113.0,104.86,107.1,28451.88862815,3047197.272074870
1543723200000,2018-12-02 04:00:00,ETH/USD,116.67,116.93,111.28,112.03,23688.477242600000,2653820.1054884800
1543636800000,2018-12-01 04:00:00,ETH/USD,111.6,119.38,111.6,116.67,3967.97488883,462943.63027979600
1543550400000,2018-11-30 04:00:00,ETH/USD,117.79,119.46,109.5,111.6,36528.99254268,4076635.5677630900
1543464000000,2018-11-29 04:00:00,ETH/USD,116.05,123.03,113.15,117.79,46514.83540397,5478982.462233630
1543377600000,2018-11-28 04:00:00,ETH/USD,110.88,126.0,110.04,116.05,68399.62189082,7937776.12042966
1543291200000,2018-11-27 04:00:00,ETH/USD,104.11,111.7,99.26,110.88,66393.37473599,7361697.390726570
1543204800000,2018-11-26 04:00:00,ETH/USD,113.89,116.85,102.59,104.11,92401.14147752,9619882.839224610
1543118400000,2018-11-25 04:00:00,ETH/USD,103.26,118.81,98.2,113.89,110392.60377515,12572613.643951800
1543032000000,2018-11-24 04:00:00,ETH/USD,123.31,124.1,102.03,103.26,52763.15217744,5448323.093842460
1542945600000,2018-11-23 04:00:00,ETH/USD,121.92,125.96,117.05,123.31,43212.08640937,5328482.375139420
1542859200000,2018-11-22 04:00:00,ETH/USD,134.98,135.66,115.2,121.92,64783.15009832,7898361.659987180
1542772800000,2018-11-21 04:00:00,ETH/USD,131.27,137.27,126.1,134.98,63838.7797762,8616958.494191480
1542686400000,2018-11-20 04:00:00,ETH/USD,146.81,147.34,120.38,131.27,222936.48539217,29264872.43743020
1542600000000,2018-11-19 04:00:00,ETH/USD,169.66,169.66,142.38,146.81,93013.24673742,13655274.753520600
1542513600000,2018-11-18 04:00:00,ETH/USD,174.53,179.55,167.73,169.66,15350.11648453,2604300.76276536
1542427200000,2018-11-17 04:00:00,ETH/USD,171.48,175.12,170.58,174.53,15877.09998314,2771030.260057420
1542340800000,2018-11-16 04:00:00,ETH/USD,178.41,178.41,170.93,171.48,337.19394636,57822.017921812800
1542254400000,2018-11-15 04:00:00,ETH/USD,175.86,179.86,165.35,178.41,44656.86909879,7967232.015915120
1542168000000,2018-11-14 04:00:00,ETH/USD,203.95,204.85,165.0,175.86,98273.60117822,17282395.503201800
1542081600000,2018-11-13 04:00:00,ETH/USD,206.75,207.49,202.2,203.95,10754.42997827,2193365.9940681700
1541995200000,2018-11-12 04:00:00,ETH/USD,209.89,210.67,205.16,206.75,9112.09904533,1883926.4776219800
1541908800000,2018-11-11 04:00:00,ETH/USD,209.87,211.93,206.0,209.89,7198.04718223,1510798.1230782500
1541822400000,2018-11-10 04:00:00,ETH/USD,208.36,212.58,208.0,209.87,3390.91566897,711651.4714467340
1541736000000,2018-11-09 04:00:00,ETH/USD,211.44,211.44,207.85,208.36,54.288631,11311.579155160000
1541649600000,2018-11-08 04:00:00,ETH/USD,212.0,215.07,209.76,211.44,23607.02899618,4991470.2109523
1541563200000,2018-11-07 04:00:00,ETH/USD,219.53,221.39,212.0,212.0,15029.70252204,3186296.93467248
1541476800000,2018-11-06 04:00:00,ETH/USD,207.27,222.78,207.24,219.53,34652.70941256,7607309.297339300
1541390400000,2018-11-05 04:00:00,ETH/USD,207.24,211.27,205.63,207.27,17108.40529824,3546059.166166210
1541304000000,2018-11-04 04:00:00,ETH/USD,198.24,217.55,198.01,207.24,20627.69843318,4274884.223292220
1541217600000,2018-11-03 04:00:00,ETH/USD,198.94,199.36,198.01,198.24,3342.41961171,662601.2638253910
1541131200000,2018-11-02 04:00:00,ETH/USD,198.47,202.21,197.65,198.94,12478.89985518,2482552.337189510
1541044800000,2018-11-01 04:00:00,ETH/USD,196.18,199.66,195.56,198.47,12339.272945100000,2448975.5014140000
1540958400000,2018-10-31 04:00:00,ETH/USD,195.18,198.99,192.0,196.18,21695.81994162,4256285.956147010
1540872000000,2018-10-30 04:00:00,ETH/USD,194.41,196.28,192.56,195.18,11476.41362639,2239966.4115988
1540785600000,2018-10-29 04:00:00,ETH/USD,202.06,202.29,190.52,194.41,25521.47584372,4961630.118777610
1540699200000,2018-10-28 04:00:00,ETH/USD,201.17,203.08,201.07,202.06,5948.0116573,1201855.235474040
1540612800000,2018-10-27 04:00:00,ETH/USD,201.06,201.54,200.25,201.17,3059.90543644,615561.1766486350
1540526400000,2018-10-26 04:00:00,ETH/USD,199.44,204.0,198.52,201.06,15044.63792054,3024874.9003037700
1540440000000,2018-10-25 04:00:00,ETH/USD,199.35,200.55,198.71,199.44,8224.08396942,1640211.306861130
1540353600000,2018-10-24 04:00:00,ETH/USD,201.5,203.14,195.0,199.35,29859.98023916,5952587.060676550
1540267200000,2018-10-23 04:00:00,ETH/USD,200.22,202.0,197.71,201.5,10167.02820907,2048656.184127610
1540180800000,2018-10-22 04:00:00,ETH/USD,201.68,203.1,199.7,200.22,17595.71590801,3523014.239101760
1540094400000,2018-10-21 04:00:00,ETH/USD,204.17,204.87,200.94,201.68,5020.46201575,1012526.77933646
1540008000000,2018-10-20 04:00:00,ETH/USD,199.43,200.73,199.43,200.73,4.687530000000000,940.9278969000000
1539921600000,2018-10-19 04:00:00,ETH/USD,199.43,199.43,199.43,199.43,0.0,0.0
1539835200000,2018-10-18 04:00:00,ETH/USD,204.6,204.78,196.97,199.43,24540.87737558,4894187.17501192
1539748800000,2018-10-17 04:00:00,ETH/USD,205.86,206.05,201.35,204.6,11431.19600454,2338822.7025288800
1539662400000,2018-10-16 04:00:00,ETH/USD,202.67,207.89,202.5,205.86,21165.52937542,4357135.877223960
1539576000000,2018-10-15 04:00:00,ETH/USD,192.49,221.57,191.93,202.67,82385.95861496,16697162.232493900
1539489600000,2018-10-14 04:00:00,ETH/USD,197.45,201.1,189.19,192.49,12314.90862331,2370496.760900940
1539403200000,2018-10-13 04:00:00,ETH/USD,193.73,196.45,193.66,195.85,842.74509557,165051.62696738400
1539316800000,2018-10-12 04:00:00,ETH/USD,193.73,193.73,193.73,193.73,0.0,0.0
1539230400000,2018-10-11 04:00:00,ETH/USD,201.76,203.01,185.29,193.73,44263.91642798,8575248.529592570
1539144000000,2018-10-10 04:00:00,ETH/USD,224.23,230.0,192.68,201.76,51131.39416062,10316270.08584670
1539057600000,2018-10-09 04:00:00,ETH/USD,227.79,229.36,223.3,224.23,20083.85812325,4503403.506976350
1538971200000,2018-10-08 04:00:00,ETH/USD,223.59,230.54,222.65,227.79,19843.97367857,4520258.764241460
1538884800000,2018-10-07 04:00:00,ETH/USD,224.13,225.91,220.35,223.59,4992.7516207,1116329.334872310
1538798400000,2018-10-06 04:00:00,ETH/USD,224.93,227.22,221.56,224.13,3674.33544967,823528.804334537
1538712000000,2018-10-05 04:00:00,ETH/USD,219.74,226.42,219.74,224.93,174.99268621,39361.1049092153
1538625600000,2018-10-04 04:00:00,ETH/USD,223.72,225.0,218.81,219.74,15475.09158549,3400496.6249955700
1538539200000,2018-10-03 04:00:00,ETH/USD,217.0,225.0,214.41,223.72,28598.46659301,6398048.9461882000
1538452800000,2018-10-02 04:00:00,ETH/USD,229.4,230.0,215.32,217.0,16344.82221732,3546826.42115844
1538366400000,2018-10-01 04:00:00,ETH/USD,232.55,232.55,223.61,229.4,26515.05486204,6082553.585351980
1538280000000,2018-09-30 04:00:00,ETH/USD,230.98,238.42,225.95,232.55,7486.45890526,1740976.0184182100
1538193600000,2018-09-29 04:00:00,ETH/USD,218.98,235.71,213.01,230.98,9919.99026947,2291319.3524421800
1538107200000,2018-09-28 04:00:00,ETH/USD,229.31,229.31,229.31,229.31,0.0,0.0
1538020800000,2018-09-27 04:00:00,ETH/USD,217.42,234.11,210.0,229.31,51221.32736655,11745562.57842360
1537934400000,2018-09-26 04:00:00,ETH/USD,209.18,222.49,208.45,217.42,28635.13661701,6225851.403270310
1537848000000,2018-09-25 04:00:00,ETH/USD,220.89,221.82,203.2,209.18,31933.46055858,6679841.279643770
1537761600000,2018-09-24 04:00:00,ETH/USD,244.75,244.91,218.29,220.89,30260.62851768,6684270.233270340
1537675200000,2018-09-23 04:00:00,ETH/USD,238.69,248.99,238.5,244.75,28599.30084679,6999678.882251850
1537588800000,2018-09-22 04:00:00,ETH/USD,240.8,244.04,232.73,238.69,10467.3314015,2498447.3322240300
1537502400000,2018-09-21 04:00:00,ETH/USD,222.68,255.22,221.17,240.8,74678.11032157,17982488.965434100
1537416000000,2018-09-20 04:00:00,ETH/USD,208.84,230.78,206.65,222.68,30245.75960124,6735125.748004120
1537329600000,2018-09-19 04:00:00,ETH/USD,212.64,212.99,197.24,208.84,33257.89229301,6945578.226472210
1537243200000,2018-09-18 04:00:00,ETH/USD,194.03,214.5,193.27,212.64,48056.5343888,10218741.472434400
1537156800000,2018-09-17 04:00:00,ETH/USD,222.93,222.97,192.21,194.03,51886.96845187,10067628.488716300
1537070400000,2018-09-16 04:00:00,ETH/USD,215.17,224.88,207.99,222.93,15108.76726772,3368197.4869928200
1536984000000,2018-09-15 04:00:00,ETH/USD,218.74,218.74,211.0,213.83,1300.56000223,278098.7452768410
1536897600000,2018-09-14 04:00:00,ETH/USD,218.74,218.74,218.74,218.74,0.0,0.0
1536811200000,2018-09-13 04:00:00,ETH/USD,189.54,224.79,185.81,218.74,55440.30814846,12127013.00439410
1536724800000,2018-09-12 04:00:00,ETH/USD,176.81,192.32,167.49,189.54,77814.75274643,14749008.23555830
1536638400000,2018-09-11 04:00:00,ETH/USD,195.0,195.8,174.47,176.81,51219.42815034,9056107.091261620
1536552000000,2018-09-10 04:00:00,ETH/USD,198.96,199.78,186.65,195.0,35984.10155775,7016899.80376125
1536465600000,2018-09-09 04:00:00,ETH/USD,188.94,188.94,188.94,188.94,0.0,0.0
1536379200000,2018-09-08 04:00:00,ETH/USD,216.22,219.4,175.7,188.94,100254.98353666,18942176.58941650
1536292800000,2018-09-07 04:00:00,ETH/USD,230.25,231.52,210.07,216.22,47663.14928456,10305726.138307600
1536206400000,2018-09-06 04:00:00,ETH/USD,227.44,234.04,210.0,230.25,59786.15336201,13765761.811602800
1536120000000,2018-09-05 04:00:00,ETH/USD,284.18,284.73,210.12,227.44,79627.04840218,18110375.88859180
1536033600000,2018-09-04 04:00:00,ETH/USD,287.81,291.97,281.0,284.18,28075.31378216,7978442.670614230
1535947200000,2018-09-03 04:00:00,ETH/USD,291.82,292.53,280.56,287.81,15465.48522915,4451121.303801660
1535860800000,2018-09-02 04:00:00,ETH/USD,296.34,299.61,289.0,291.82,8693.8851376,2537049.560854430
1535774400000,2018-09-01 04:00:00,ETH/USD,288.11,302.0,280.99,296.34,15053.21257049,4460869.013139010
1535688000000,2018-08-31 04:00:00,ETH/USD,280.54,289.12,276.65,288.11,13739.603780700000,3958517.2452574800
1535601600000,2018-08-30 04:00:00,ETH/USD,286.73,286.99,272.51,280.54,18583.41914688,5213392.407465720
1535515200000,2018-08-29 04:00:00,ETH/USD,291.15,296.18,284.01,286.73,17216.40461673,4936459.695754990
1535428800000,2018-08-28 04:00:00,ETH/USD,283.45,297.53,283.45,291.15,19157.048916600000,5577574.792068090
1535342400000,2018-08-27 04:00:00,ETH/USD,272.17,288.38,272.17,283.45,23833.27225182,6755541.019778380
1535256000000,2018-08-26 04:00:00,ETH/USD,271.31,276.21,269.61,272.17,7688.97286301,2092707.7441254300
1535169600000,2018-08-25 04:00:00,ETH/USD,280.4,280.69,270.5,271.31,8886.44412065,2410981.1543735500
1535083200000,2018-08-24 04:00:00,ETH/USD,273.8,283.0,270.02,280.4,20234.32710659,5673705.320687840
1534996800000,2018-08-23 04:00:00,ETH/USD,271.54,280.75,268.17,273.8,24755.33909256,6778011.843542930
1534910400000,2018-08-22 04:00:00,ETH/USD,291.68,292.34,259.49,271.54,64022.05424997,17384548.611036900
1534824000000,2018-08-21 04:00:00,ETH/USD,276.26,298.67,271.24,291.68,27652.44295696,8065664.561686090
1534737600000,2018-08-20 04:00:00,ETH/USD,300.79,300.82,269.19,276.26,29069.709893400000,8030798.055150680
1534651200000,2018-08-19 04:00:00,ETH/USD,291.3,306.85,289.49,300.79,25892.37433335,7788167.275728350
1534564800000,2018-08-18 04:00:00,ETH/USD,312.64,314.99,283.0,291.3,20060.95192851,5843755.296774960
1534478400000,2018-08-17 04:00:00,ETH/USD,297.48,321.08,292.3,312.64,65038.42621902,20333613.573114400
1534392000000,2018-08-16 04:00:00,ETH/USD,281.45,300.0,281.0,297.48,24246.15339023,7212745.710525620
1534305600000,2018-08-15 04:00:00,ETH/USD,285.63,304.75,277.01,281.45,45008.31462073,12667590.150004500
1534219200000,2018-08-14 04:00:00,ETH/USD,267.72,291.82,252.0,285.63,69721.18652019,19914462.505761900
1534132800000,2018-08-13 04:00:00,ETH/USD,319.83,322.29,250.33,267.72,86625.01020643,23191247.732465400
1534046400000,2018-08-12 04:00:00,ETH/USD,323.58,327.88,314.99,319.83,23124.819590400000,7396011.049597630
1533960000000,2018-08-11 04:00:00,ETH/USD,360.32,360.32,317.01,318.5,1840.60361661,586232.251890285
1533873600000,2018-08-10 04:00:00,ETH/USD,360.32,360.32,360.32,360.32,0.0,0.0
1533787200000,2018-08-09 04:00:00,ETH/USD,358.87,370.29,351.3,360.32,15010.20868318,5408478.392723420
1533700800000,2018-08-08 04:00:00,ETH/USD,376.74,376.75,347.66,358.87,34851.16817123,12507038.72160930
1533614400000,2018-08-07 04:00:00,ETH/USD,404.8,410.2,369.0,376.74,18938.76859399,7134991.680099790
1533528000000,2018-08-06 04:00:00,ETH/USD,410.85,414.0,401.0,404.8,11662.64491086,4721038.659916130
1533441600000,2018-08-05 04:00:00,ETH/USD,408.08,413.16,401.0,410.85,4468.94926765,1836067.8066140000
1533355200000,2018-08-04 04:00:00,ETH/USD,418.11,420.0,400.0,408.08,6217.27012441,2537143.592369230
1533268800000,2018-08-03 04:00:00,ETH/USD,420.6,420.6,420.6,420.6,0.0,0.0
1533182400000,2018-08-02 04:00:00,ETH/USD,420.6,420.6,420.6,420.6,0.0,0.0
1533096000000,2018-08-01 04:00:00,ETH/USD,416.6,426.62,407.49,420.6,29034.93403557,12212093.255360700
1533009600000,2018-07-31 04:00:00,ETH/USD,450.57,451.56,412.0,416.6,20799.83188873,8665209.96484492
1532923200000,2018-07-30 04:00:00,ETH/USD,464.18,464.78,445.0,450.57,17886.33911412,8059047.814649050
1532836800000,2018-07-29 04:00:00,ETH/USD,465.32,469.63,459.49,464.18,2929.64842703,1359884.2068587900
1532750400000,2018-07-28 04:00:00,ETH/USD,462.87,462.87,462.87,462.87,0.0,0.0
1532664000000,2018-07-27 04:00:00,ETH/USD,462.87,462.87,462.87,462.87,0.0,0.0
1532577600000,2018-07-26 04:00:00,ETH/USD,475.35,483.99,458.97,462.87,12096.25506177,5598993.58044148
1532491200000,2018-07-25 04:00:00,ETH/USD,478.73,484.29,463.04,475.35,8236.7733993,3915350.235357260
1532404800000,2018-07-24 04:00:00,ETH/USD,449.6,485.0,449.6,478.73,18215.83952654,8720468.856540490
1532318400000,2018-07-23 04:00:00,ETH/USD,464.57,469.0,446.34,449.6,9885.10288378,4444342.256547490
1532232000000,2018-07-22 04:00:00,ETH/USD,460.28,471.22,453.94,464.57,7248.11345929,3367256.0697823600
1532145600000,2018-07-21 04:00:00,ETH/USD,455.95,467.97,450.26,460.28,3758.59342121,1730005.3799145400
1532059200000,2018-07-20 04:00:00,ETH/USD,464.9,469.22,441.0,455.95,23902.17557716,10898196.954406100
1531972800000,2018-07-19 04:00:00,ETH/USD,474.88,483.36,460.01,464.9,20039.18035376,9316214.946463020
1531886400000,2018-07-18 04:00:00,ETH/USD,505.89,506.6,470.0,474.88,21824.33889282,10363942.053422400
1531800000000,2018-07-17 04:00:00,ETH/USD,478.87,515.88,465.53,505.89,34815.12105152,17612621.58875350
1531713600000,2018-07-16 04:00:00,ETH/USD,447.02,481.69,445.17,478.87,17849.4909582,8547585.735153230
1531627200000,2018-07-15 04:00:00,ETH/USD,433.52,454.27,433.52,447.02,5948.62929021,2659156.265309670
1531540800000,2018-07-14 04:00:00,ETH/USD,437.95,437.95,429.76,430.04,526.23848748,226303.59915589900
1531454400000,2018-07-13 04:00:00,ETH/USD,437.95,437.95,437.95,437.95,0.0,0.0
1531368000000,2018-07-12 04:00:00,ETH/USD,440.95,441.48,418.47,437.95,14195.16219638,6216771.283904620
1531281600000,2018-07-11 04:00:00,ETH/USD,432.69,447.3,425.08,440.95,11752.47144481,5182252.283588970
1531195200000,2018-07-10 04:00:00,ETH/USD,459.17,464.0,427.11,432.69,29473.20072707,12752759.222595900
1531108800000,2018-07-09 04:00:00,ETH/USD,481.97,485.0,456.65,459.17,16938.14244916,7777486.868380800
1531022400000,2018-07-08 04:00:00,ETH/USD,482.48,495.0,479.0,481.97,9201.79603452,4434989.634757610
1530936000000,2018-07-07 04:00:00,ETH/USD,467.36,493.0,461.31,482.48,10894.21122473,5256239.03170773
1530849600000,2018-07-06 04:00:00,ETH/USD,466.64,466.64,466.64,466.64,0.0,0.0
1530763200000,2018-07-05 04:00:00,ETH/USD,469.75,478.07,457.75,466.64,18777.94400149,8762539.788855290
1530676800000,2018-07-04 04:00:00,ETH/USD,457.21,481.6,456.61,469.75,16796.69797853,7890248.875414470
1530590400000,2018-07-03 04:00:00,ETH/USD,479.81,485.67,451.22,457.21,31636.71734706,14464623.5382493
1530504000000,2018-07-02 04:00:00,ETH/USD,448.9,483.0,444.05,479.81,20097.66065153,9643058.55721061
1530417600000,2018-07-01 04:00:00,ETH/USD,451.0,455.92,444.65,448.9,8306.66846014,3728863.4717568500
1530331200000,2018-06-30 04:00:00,ETH/USD,446.81,458.0,441.15,451.0,5386.8651294,2429476.1733594
1530244800000,2018-06-29 04:00:00,ETH/USD,421.1,461.0,403.19,446.81,48238.62130046,21553498.383258500
1530158400000,2018-06-28 04:00:00,ETH/USD,430.92,439.65,416.87,421.1,18860.10797922,7941991.470049540
1530072000000,2018-06-27 04:00:00,ETH/USD,427.2,445.45,418.85,430.92,21153.3111793,9115384.853383960
1529985600000,2018-06-26 04:00:00,ETH/USD,457.96,461.0,425.0,427.2,34432.63636043,14709622.253175700
1529899200000,2018-06-25 04:00:00,ETH/USD,450.36,472.75,447.56,457.96,27952.29166612,12801031.491416300
1529812800000,2018-06-24 04:00:00,ETH/USD,467.1,467.1,420.32,450.36,68719.59435775,30948556.51495630
1529726400000,2018-06-23 04:00:00,ETH/USD,465.92,480.33,457.4,467.1,11983.68667326,5597580.045079750
1529640000000,2018-06-22 04:00:00,ETH/USD,517.18,517.86,450.0,465.92,51291.09437987,23897546.693469000
1529553600000,2018-06-21 04:00:00,ETH/USD,541.89,541.89,541.89,541.89,0.0,0.0
1529467200000,2018-06-20 04:00:00,ETH/USD,520.37,545.0,517.85,541.89,13383.31720375,7252285.759540090
1529380800000,2018-06-19 04:00:00,ETH/USD,514.7,547.0,514.2,520.37,22254.23142579,11580434.407038300
1529294400000,2018-06-18 04:00:00,ETH/USD,493.58,524.44,490.0,514.7,15883.87843649,8175432.231261400
1529208000000,2018-06-17 04:00:00,ETH/USD,507.88,507.88,487.32,493.58,7504.94712413,3704291.801528090
1529121600000,2018-06-16 04:00:00,ETH/USD,491.86,507.88,484.17,507.88,9890.62174721,5023248.972973010
1529035200000,2018-06-15 04:00:00,ETH/USD,512.81,513.0,482.84,491.86,51531.28976152,25346180.182101200
1528948800000,2018-06-14 04:00:00,ETH/USD,485.04,526.1,460.0,512.81,51317.45236377,26316102.74666490
1528862400000,2018-06-13 04:00:00,ETH/USD,498.0,500.0,450.84,485.04,68597.177979,33272375.20693420
1528776000000,2018-06-12 04:00:00,ETH/USD,526.2,538.21,485.0,498.0,46309.54037541,23062151.10695420
1528689600000,2018-06-11 04:00:00,ETH/USD,532.55,536.01,507.69,526.2,32884.99313107,17304083.385569000
1528603200000,2018-06-10 04:00:00,ETH/USD,570.46,575.73,503.72,532.55,31458.31012263,16753123.055806600
1528516800000,2018-06-09 04:00:00,ETH/USD,606.82,607.21,570.35,570.46,11509.82011855,6565891.9848280300
1528430400000,2018-06-08 04:00:00,ETH/USD,601.85,608.92,591.28,606.82,19282.73385864,11701148.560099900
1528344000000,2018-06-07 04:00:00,ETH/USD,614.96,615.0,598.18,601.85,18250.11667905,10983832.723286200
1528257600000,2018-06-06 04:00:00,ETH/USD,603.91,615.42,592.84,614.96,16177.77439039,9948684.139114240
1528171200000,2018-06-05 04:00:00,ETH/USD,582.44,612.0,575.0,603.91,26175.87306929,15807871.505274900
1528084800000,2018-06-04 04:00:00,ETH/USD,617.73,619.77,577.01,582.44,20020.85896477,11660949.09544060
1527998400000,2018-06-03 04:00:00,ETH/USD,592.34,628.0,592.0,617.73,8603.18497425,5314445.454143450
1527912000000,2018-06-02 04:00:00,ETH/USD,575.85,599.95,574.94,592.34,12544.70232147,7430728.97309954
1527825600000,2018-06-01 04:00:00,ETH/USD,573.16,588.61,564.01,575.85,15370.24558581,8850955.920588690
1527739200000,2018-05-31 04:00:00,ETH/USD,563.13,584.99,561.0,573.16,25859.35500208,14821547.912992200
1527652800000,2018-05-30 04:00:00,ETH/USD,569.99,575.22,542.0,563.13,27328.80114817,15389667.790569000
1527566400000,2018-05-29 04:00:00,ETH/USD,525.0,585.0,514.6,569.99,42797.04062742,24393885.187223100
1527480000000,2018-05-28 04:00:00,ETH/USD,571.27,572.08,506.82,525.0,29723.54852467,15604862.97545180
1527393600000,2018-05-27 04:00:00,ETH/USD,581.3,591.19,556.82,571.27,11951.34349099,6827443.996097860
1527307200000,2018-05-26 04:00:00,ETH/USD,585.88,606.1,568.58,581.3,12575.83785374,7310334.544379060
1527220800000,2018-05-25 04:00:00,ETH/USD,602.65,615.99,569.0,585.88,31852.12820858,18661524.874842900
1527134400000,2018-05-24 04:00:00,ETH/USD,595.0,609.77,545.0,602.65,49808.66308992,30017190.811140300
1527048000000,2018-05-23 04:00:00,ETH/USD,639.42,642.0,553.16,595.0,58090.93503251,34564106.34434350
1526961600000,2018-05-22 04:00:00,ETH/USD,688.18,695.99,626.0,639.42,32438.20411031,20741636.47221440
1526875200000,2018-05-21 04:00:00,ETH/USD,709.87,717.81,681.98,688.18,17642.39672108,12141144.575512800
1526788800000,2018-05-20 04:00:00,ETH/USD,702.3,722.92,702.3,709.87,11627.45013153,8253978.024869200
1526702400000,2018-05-19 04:00:00,ETH/USD,694.47,715.96,670.0,702.3,21545.48088685,15131391.226834800
1526616000000,2018-05-18 04:00:00,ETH/USD,670.17,695.68,667.1,694.47,21977.30753398,15262580.763123100
1526529600000,2018-05-17 04:00:00,ETH/USD,710.01,714.0,657.02,670.17,33140.6086524,22209841.700578900
1526443200000,2018-05-16 04:00:00,ETH/USD,681.16,718.76,679.0,710.01,22609.35236724,16052866.274264100
1526356800000,2018-05-15 04:00:00,ETH/USD,727.0,738.0,677.08,681.16,34660.30488102,23609213.272755600
1526270400000,2018-05-14 04:00:00,ETH/USD,695.97,741.72,685.0,727.0,52706.90588694,38317920.57980540
1526184000000,2018-05-13 04:00:00,ETH/USD,681.34,739.76,670.12,695.97,21779.42856325,15157828.897165100
1526097600000,2018-05-12 04:00:00,ETH/USD,676.34,691.41,640.0,681.34,20884.10941152,14229179.106445000
1526011200000,2018-05-11 04:00:00,ETH/USD,731.38,736.23,665.68,676.34,39180.39700378,26499269.709536600
1525924800000,2018-05-10 04:00:00,ETH/USD,756.05,767.0,712.73,731.38,37631.02617198,27522579.92166270
1525838400000,2018-05-09 04:00:00,ETH/USD,719.0,760.64,700.0,756.05,43400.5625762,32812995.335736000
1525752000000,2018-05-08 04:00:00,ETH/USD,769.52,769.52,717.03,719.0,30698.30537736,22072081.56632180
1525665600000,2018-05-07 04:00:00,ETH/USD,754.64,775.0,691.92,769.52,61174.11200436,47074702.66959510
1525579200000,2018-05-06 04:00:00,ETH/USD,817.0,819.84,738.68,754.64,30265.34674954,22839441.271072900
1525492800000,2018-05-05 04:00:00,ETH/USD,800.0,833.0,792.88,817.0,17490.92681461,14290087.20753640
1525406400000,2018-05-04 04:00:00,ETH/USD,766.51,802.86,763.0,800.0,31937.67201159,25550137.609272
1525320000000,2018-05-03 04:00:00,ETH/USD,714.03,784.99,706.0,766.51,48872.08609124,37460942.70979640
1525233600000,2018-05-02 04:00:00,ETH/USD,671.78,720.0,664.34,714.03,32717.90316448,23361564.396533700
1525147200000,2018-05-01 04:00:00,ETH/USD,640.0,677.0,639.13,671.78,29092.95522161,19544065.458773200
1525060800000,2018-04-30 04:00:00,ETH/USD,676.0,690.99,628.24,640.0,30646.22220283,19613582.2098112
1524974400000,2018-04-29 04:00:00,ETH/USD,693.53,696.07,666.0,676.0,14637.70517424,9895088.69778624
1524888000000,2018-04-28 04:00:00,ETH/USD,665.89,699.0,662.22,693.53,15514.72715373,10759928.722926400
1524801600000,2018-04-27 04:00:00,ETH/USD,649.9,685.56,640.0,665.89,30943.61044332,20605040.758102400
1524715200000,2018-04-26 04:00:00,ETH/USD,617.2,665.0,615.0,649.9,28850.65662571,18750041.74104890
1524628800000,2018-04-25 04:00:00,ETH/USD,656.19,668.63,595.55,617.2,76609.49945560000,47283383.06399630
1524542400000,2018-04-24 04:00:00,ETH/USD,668.78,710.0,654.3,656.19,58603.59239713,38455091.295072700
1524456000000,2018-04-23 04:00:00,ETH/USD,635.21,671.0,629.0,668.78,39219.31401863,26229092.829379400
1524369600000,2018-04-22 04:00:00,ETH/USD,600.87,642.9,599.61,635.21,25907.70084449,16456830.653428500
1524283200000,2018-04-21 04:00:00,ETH/USD,607.82,624.08,575.0,600.87,17458.50167933,10490289.904059000
1524196800000,2018-04-20 04:00:00,ETH/USD,574.06,624.99,557.24,607.82,37050.27345897,22519897.213831100
1524110400000,2018-04-19 04:00:00,ETH/USD,536.0,586.56,528.36,574.06,39243.34790573,22528036.29876340
1524024000000,2018-04-18 04:00:00,ETH/USD,506.79,538.0,505.0,536.0,27129.85091903,14541600.09260010
1523937600000,2018-04-17 04:00:00,ETH/USD,507.22,520.91,499.72,506.79,26317.45677141,13337423.917182900
1523851200000,2018-04-16 04:00:00,ETH/USD,518.03,518.03,498.98,507.22,23167.14863585,11750841.131075800
1523764800000,2018-04-15 04:00:00,ETH/USD,512.23,538.0,508.03,518.03,24235.67804515,12554808.297729100
1523678400000,2018-04-14 04:00:00,ETH/USD,508.0,518.35,486.97,512.23,17786.20183933,9110626.168160010
1523592000000,2018-04-13 04:00:00,ETH/USD,490.41,529.0,481.27,508.0,54098.19884911,27481885.01534790
1523505600000,2018-04-12 04:00:00,ETH/USD,435.99,500.0,413.0,490.41,90785.91728298,44522321.69474620
1523419200000,2018-04-11 04:00:00,ETH/USD,412.64,438.41,400.0,435.99,41976.40452988,18301292.61098240
1523332800000,2018-04-10 04:00:00,ETH/USD,399.87,419.79,391.14,412.64,20163.29057726,8320180.223800570
1523246400000,2018-04-09 04:00:00,ETH/USD,412.01,430.61,388.0,399.87,37320.72913366,14923439.958676600
1523160000000,2018-04-08 04:00:00,ETH/USD,389.01,420.0,385.9,412.01,21424.636015400000,8827164.284704960
1523073600000,2018-04-07 04:00:00,ETH/USD,370.2,395.0,370.19,389.01,13350.52126834,5193486.278596940
1522987200000,2018-04-06 04:00:00,ETH/USD,378.15,381.0,363.91,370.2,27555.32119337,10200979.905785600
1522900800000,2018-04-05 04:00:00,ETH/USD,379.62,386.99,372.54,378.15,30835.77583432,11660548.631748100
1522814400000,2018-04-04 04:00:00,ETH/USD,402.59,408.0,365.28,379.62,38432.43219707,14589719.910651700
1522728000000,2018-04-03 04:00:00,ETH/USD,391.28,418.69,391.28,402.59,39056.04387442,15723572.703402700
1522641600000,2018-04-02 04:00:00,ETH/USD,384.05,393.69,373.0,391.28,34572.04248534,13527348.783663800
1522555200000,2018-04-01 04:00:00,ETH/USD,393.49,394.5,358.88,384.05,46790.48208285,17969884.643918500
1522468800000,2018-03-31 04:00:00,ETH/USD,406.71,412.97,389.22,393.49,20471.18113984,8055205.066715640
1522382400000,2018-03-30 04:00:00,ETH/USD,377.4,420.01,364.26,406.71,57901.13026116,23548968.688516400
1522296000000,2018-03-29 04:00:00,ETH/USD,440.21,440.21,363.0,377.4,131931.64241227,49791001.8463907
1522209600000,2018-03-28 04:00:00,ETH/USD,450.21,465.09,440.0,440.21,40079.71616483,17643491.852919800
1522123200000,2018-03-27 04:00:00,ETH/USD,464.01,472.0,440.0,450.21,51023.69677759,22971378.52623880
1522036800000,2018-03-26 04:00:00,ETH/USD,520.63,523.6,459.5,464.01,51091.03311344,23706750.274967300
1521950400000,2018-03-25 04:00:00,ETH/USD,522.67,535.0,512.59,520.63,14931.53267413,7773803.8561323000
1521864000000,2018-03-24 04:00:00,ETH/USD,544.54,545.0,515.77,522.67,12623.72930521,6598044.59595411
1521777600000,2018-03-23 04:00:00,ETH/USD,515.33,545.0,507.08,544.54,23605.04505758,12853891.235654600
1521691200000,2018-03-22 04:00:00,ETH/USD,570.18,573.56,509.37,515.33,36706.01607249,18915711.26263630
1521604800000,2018-03-21 04:00:00,ETH/USD,570.71,593.0,545.0,570.18,36486.63966815,20803952.205985800
1521518400000,2018-03-20 04:00:00,ETH/USD,554.4,571.69,516.48,570.71,63761.99708978,36389609.35910830
1521432000000,2018-03-19 04:00:00,ETH/USD,526.86,558.91,512.5,554.4,88682.03362093,49165319.43944360
1521345600000,2018-03-18 04:00:00,ETH/USD,519.76,561.0,450.0,526.86,144708.69199926,76241221.46673010
1521259200000,2018-03-17 04:00:00,ETH/USD,600.99,610.34,509.0,519.76,61273.43065963,31847478.31964930
1521172800000,2018-03-16 04:00:00,ETH/USD,599.17,625.16,566.33,600.99,35325.11712084,21230042.13845360
1521086400000,2018-03-15 04:00:00,ETH/USD,581.34,623.7,575.23,599.17,47158.75199642,28256109.433695000
1521000000000,2018-03-14 04:00:00,ETH/USD,699.11,699.11,570.29,581.34,68684.97358873,39929322.546072300
1520913600000,2018-03-13 04:00:00,ETH/USD,698.31,714.0,679.89,699.11,23166.86012896,16196183.584757200
1520827200000,2018-03-12 04:00:00,ETH/USD,716.29,739.0,676.22,698.31,26026.04064548,18174244.443145100
1520740800000,2018-03-11 04:00:00,ETH/USD,680.0,734.93,678.35,716.29,11904.52802443,8527094.378618960
1520654400000,2018-03-10 04:00:00,ETH/USD,733.65,745.63,670.73,680.0,14615.21053268,9938343.1622224
1520568000000,2018-03-09 04:00:00,ETH/USD,682.49,749.49,640.0,733.65,55313.02165972,40580398.340653600
1520481600000,2018-03-08 04:00:00,ETH/USD,734.9,771.43,667.82,682.49,48636.73442961,33194084.880864500
1520395200000,2018-03-07 04:00:00,ETH/USD,811.78,813.49,724.0,734.9,53167.6071696,39072874.508939000
1520308800000,2018-03-06 04:00:00,ETH/USD,843.97,849.65,802.0,811.78,22076.81051426,17921513.239266000
1520222400000,2018-03-05 04:00:00,ETH/USD,865.1,870.15,836.99,843.97,12678.78544288,10700514.550227400
1520136000000,2018-03-04 04:00:00,ETH/USD,846.24,867.0,835.32,865.1,9488.62198021,8208606.875079670
1520049600000,2018-03-03 04:00:00,ETH/USD,859.99,865.0,844.0,846.24,5078.2039663000000,4297379.324441710
1519963200000,2018-03-02 04:00:00,ETH/USD,870.8,874.97,847.5,859.99,18417.24505322,15838646.573318700
1519876800000,2018-03-01 04:00:00,ETH/USD,855.58,879.0,855.26,870.8,18978.57145098,16526540.019513400
1519790400000,2018-02-28 04:00:00,ETH/USD,886.99,887.93,843.99,855.58,19774.42931713,16918606.235150100
1519704000000,2018-02-27 04:00:00,ETH/USD,869.46,894.9,860.0,886.99,22656.1919772,20095815.721856600
1519617600000,2018-02-26 04:00:00,ETH/USD,848.6,878.25,836.32,869.46,22289.72575833,19380024.957837600
1519531200000,2018-02-25 04:00:00,ETH/USD,832.74,858.3,818.0,848.6,13955.29246202,11842461.183270200
1519444800000,2018-02-24 04:00:00,ETH/USD,867.23,873.4,810.18,832.74,20812.50278069,17331403.56559180
1519358400000,2018-02-23 04:00:00,ETH/USD,836.3,881.55,818.48,867.23,29220.30178271,25340722.315019600
1519272000000,2018-02-22 04:00:00,ETH/USD,856.01,870.0,787.71,836.3,41133.86301161,34400249.63660940
1519185600000,2018-02-21 04:00:00,ETH/USD,882.23,895.8,815.89,856.01,33767.10867218,28904982.694472800
1519099200000,2018-02-20 04:00:00,ETH/USD,945.17,959.0,859.89,882.23,39564.394108100000,34904895.41398910
1519012800000,2018-02-19 04:00:00,ETH/USD,924.68,955.0,922.99,945.17,11854.20645326,11204240.313427800
1518926400000,2018-02-18 04:00:00,ETH/USD,956.98,958.99,909.0,924.68,20728.30323659,19167047.43681000
1518840000000,2018-02-17 04:00:00,ETH/USD,959.99,983.0,953.0,956.98,20509.43339171,19627117.567198600
1518753600000,2018-02-16 04:00:00,ETH/USD,934.35,960.0,910.0,959.99,23009.31477191,22088712.087885900
1518667200000,2018-02-15 04:00:00,ETH/USD,929.94,949.67,908.0,934.35,33255.95501992,31072701.572862300
1518580800000,2018-02-14 04:00:00,ETH/USD,853.55,932.0,853.55,929.94,40516.58903441,37677996.80665920
1518494400000,2018-02-13 04:00:00,ETH/USD,854.62,854.62,825.0,853.55,22451.74823481,19163689.705822100
1518408000000,2018-02-12 04:00:00,ETH/USD,846.93,874.97,835.0,854.62,28785.38909985,24600569.232513800
1518321600000,2018-02-11 04:00:00,ETH/USD,802.16,863.57,780.1,846.93,37861.5843376,32066111.623043600
1518235200000,2018-02-10 04:00:00,ETH/USD,894.24,910.0,802.0,802.16,45378.24998705,36400617.00961200
1518148800000,2018-02-09 04:00:00,ETH/USD,803.99,908.0,780.01,894.24,57595.93727898,51504590.95235510
1518062400000,2018-02-08 04:00:00,ETH/USD,802.46,845.0,780.02,803.99,50095.19661384,40276037.12556120
1517976000000,2018-02-07 04:00:00,ETH/USD,725.0,862.0,720.01,802.46,94419.55790712,75767918.43814750
1517889600000,2018-02-06 04:00:00,ETH/USD,619.0,813.99,564.0,725.0,207174.78146040000,150201716.55879000
1517803200000,2018-02-05 04:00:00,ETH/USD,834.54,855.0,606.0,619.0,243242.07372196,150566843.63389300
1517716800000,2018-02-04 04:00:00,ETH/USD,958.59,969.0,779.0,834.54,70398.92634035,58750719.98807570
1517630400000,2018-02-03 04:00:00,ETH/USD,855.15,994.9,845.61,958.59,45256.00827936,43381956.9765117
1517544000000,2018-02-02 04:00:00,ETH/USD,957.67,994.7,735.0,855.15,176691.60449467,151097825.58361700
1517457600000,2018-02-01 04:00:00,ETH/USD,1128.0,1148.66,934.38,957.67,118242.82385216,113237605.11849800
1517371200000,2018-01-31 04:00:00,ETH/USD,1063.48,1148.0,1035.01,1128.0,64193.65530226,72410443.18094930
1517284800000,2018-01-30 04:00:00,ETH/USD,1126.06,1168.45,1013.0,1063.48,114638.04230392,121915265.22937300
1517198400000,2018-01-29 04:00:00,ETH/USD,1179.85,1195.2,1110.92,1126.06,44218.64173848,49792843.71603280
1517112000000,2018-01-28 04:00:00,ETH/USD,1113.03,1228.88,1113.03,1179.85,49794.86867866,58750475.810517
1517025600000,2018-01-27 04:00:00,ETH/USD,1049.99,1122.29,1043.34,1113.03,43795.59737820000,48745813.74985790
1516939200000,2018-01-26 04:00:00,ETH/USD,1070.75,1072.22,985.0,1049.99,51817.3664855,54407716.63611020
1516852800000,2018-01-25 04:00:00,ETH/USD,1093.43,1093.43,1009.95,1070.75,55056.365598900000,58951603.46502220
1516766400000,2018-01-24 04:00:00,ETH/USD,986.37,1103.0,956.0,1093.43,61892.04882640000,67674622.94825060
1516680000000,2018-01-23 04:00:00,ETH/USD,1000.0,1022.0,906.11,986.37,84827.44378070000,83671245.72196910
1516593600000,2018-01-22 04:00:00,ETH/USD,1046.0,1080.0,915.0,1000.0,85231.3975885,85231397.5885
1516507200000,2018-01-21 04:00:00,ETH/USD,1122.92,1128.07,1010.0,1046.0,44901.7139629,46967192.8051934
1516420800000,2018-01-20 04:00:00,ETH/USD,1070.28,1164.0,1050.0,1122.92,50976.933117,57243017.735741600
1516334400000,2018-01-19 04:00:00,ETH/USD,1016.59,1105.0,1005.8,1070.28,75960.33904400000,81298831.67201230
1516248000000,2018-01-18 04:00:00,ETH/USD,1017.8,1104.0,953.8,1016.59,125213.212179,127290499.36905000
1516161600000,2018-01-17 04:00:00,ETH/USD,990.0,1080.85,758.59,1017.8,231876.00050600000,236003393.31500700
1516075200000,2018-01-16 04:00:00,ETH/USD,1224.01,1235.95,865.0,990.0,188931.05279400000,187041742.26606000
1515988800000,2018-01-15 04:00:00,ETH/USD,1328.71,1348.51,1200.0,1224.01,40869.169878500000,50024272.62298280
1515902400000,2018-01-14 04:00:00,ETH/USD,1379.13,1379.89,1270.0,1328.71,53178.7123547,70659086.89281340
1515816000000,2018-01-13 04:00:00,ETH/USD,1287.93,1420.01,1205.0,1379.13,55993.63740580000,77222505.15546100
1515729600000,2018-01-12 04:00:00,ETH/USD,1210.79,1292.0,1000.0,1287.93,68932.08490240000,88779700.10834800
1515643200000,2018-01-11 04:00:00,ETH/USD,1180.0,1250.0,1095.2,1210.79,108718.168944,131634871.77570600
1515556800000,2018-01-10 04:00:00,ETH/USD,1340.42,1387.0,1149.24,1180.0,108453.12143400000,127974683.29212000
1515470400000,2018-01-09 04:00:00,ETH/USD,1205.02,1346.0,1128.0,1340.42,104149.278356,139603775.69395000
1515384000000,2018-01-08 04:00:00,ETH/USD,1195.93,1231.12,960.42,1205.02,124705.133593,150272180.08223700
1515297600000,2018-01-07 04:00:00,ETH/USD,1046.65,1200.79,1010.06,1195.93,84671.79545590000,101261540.33957400
1515211200000,2018-01-06 04:00:00,ETH/USD,971.52,1046.65,966.01,1046.65,53156.9327734,55636703.68727910
1515124800000,2018-01-05 04:00:00,ETH/USD,992.01,1020.0,931.4,971.52,81311.5577895,78995804.62365500
1515038400000,2018-01-04 04:00:00,ETH/USD,925.01,999.0,905.0,992.01,103701.589674,102873013.97250500
1514952000000,2018-01-03 04:00:00,ETH/USD,861.15,950.0,847.65,925.01,116734.343857,107980435.41116400
1514865600000,2018-01-02 04:00:00,ETH/USD,808.89,888.88,806.55,861.15,74865.9058127,64470774.7906066
1514779200000,2018-01-01 04:00:00,ETH/USD,733.19,875.0,725.0,808.89,71986.195992,58228914.07596890
1514692800000,2017-12-31 04:00:00,ETH/USD,699.78,744.0,692.11,733.19,23259.051919,17053304.276491600
1514606400000,2017-12-30 04:00:00,ETH/USD,714.92,735.0,692.0,699.78,38846.801326200000,27184214.63204820
1514520000000,2017-12-29 04:00:00,ETH/USD,738.0,752.0,708.0,714.92,54769.46522590000,39155786.07930040
1514433600000,2017-12-28 04:00:00,ETH/USD,708.18,739.0,676.0,738.0,62940.9629074,46450430.625661200
1514347200000,2017-12-27 04:00:00,ETH/USD,758.95,765.8,688.8,708.18,64369.298614500000,45585049.8928166
1514260800000,2017-12-26 04:00:00,ETH/USD,761.05,764.67,730.0,758.95,49738.7144019,37749197.29532200
1514174400000,2017-12-25 04:00:00,ETH/USD,707.58,762.98,694.82,761.05,46290.0760941,35229062.4114148
1514088000000,2017-12-24 04:00:00,ETH/USD,689.89,729.21,601.32,707.58,85215.9794916,60297122.76866630
1514001600000,2017-12-23 04:00:00,ETH/USD,728.0,764.95,657.0,689.89,73492.84830730000,50701981.118723200
1513915200000,2017-12-22 04:00:00,ETH/USD,687.08,748.55,480.0,728.0,245849.51332000000,178978445.69696000
1513828800,2017-12-21 04:00:00,ETH/USD,815.0,841.45,650.0,687.08,144186.487763,99067652.01220210
1513742400,2017-12-20 04:00:00,ETH/USD,792.8,832.32,753.61,815.0,95963.76358090000,78210467.3184335
1513656000,2017-12-19 04:00:00,ETH/USD,814.0,872.0,720.0,792.8,150671.178484,119452110.3021150
1513569600,2017-12-18 04:00:00,ETH/USD,711.89,820.0,706.0,814.0,85167.337548,69326212.764072
1513483200,2017-12-17 04:00:00,ETH/USD,717.4,739.57,685.02,711.89,43612.9948258,31047654.886538800
1513396800,2017-12-16 04:00:00,ETH/USD,700.0,717.4,680.0,717.4,47243.573843700000,33892539.87547040
1513310400,2017-12-15 04:00:00,ETH/USD,658.0,700.0,626.0,700.0,67433.7301908,47203611.133560000
1513224000,2017-12-14 04:00:00,ETH/USD,733.0,755.0,615.0,658.0,137084.809132,90201804.40885600
1513137600,2017-12-13 04:00:00,ETH/USD,627.46,758.0,610.16,733.0,156795.46376500000,114931074.93974500
1513051200,2017-12-12 04:00:00,ETH/USD,533.0,693.99,518.0,627.46,170713.194386,107115700.94944000
1512964800,2017-12-11 04:00:00,ETH/USD,464.99,549.0,458.0,533.0,101936.115252,54331949.429316
1512878400,2017-12-10 04:00:00,ETH/USD,430.0,466.0,429.0,464.99,73690.64959660000,34265415.15592300
1512792000,2017-12-09 04:00:00,ETH/USD,471.0,502.0,430.0,430.0,69711.2788892,29975849.922356
1512705600,2017-12-08 04:00:00,ETH/USD,428.25,473.71,413.99,471.0,94150.4554185,44344864.5021135
1512619200,2017-12-07 04:00:00,ETH/USD,433.2,436.81,400.01,428.25,105067.669906,44995229.6372445
1512532800,2017-12-06 04:00:00,ETH/USD,456.25,458.87,415.0,433.2,97698.09999360000,42322816.91722750
1512446400,2017-12-05 04:00:00,ETH/USD,466.94,468.5,450.0,456.25,48950.9149366,22333854.93982380
1512360000,2017-12-04 04:00:00,ETH/USD,463.61,471.88,446.09,466.94,31634.9924751,14771643.386323200
1512273600,2017-12-03 04:00:00,ETH/USD,457.04,481.0,445.01,463.61,40914.7982774,18968509.62938540
1512187200,2017-12-02 04:00:00,ETH/USD,467.07,471.0,449.29,457.04,30500.2313299,13939825.727017500
1512100800,2017-12-01 04:00:00,ETH/USD,429.6,471.0,413.95,467.07,56153.5625903,26227644.47905140
1512014400,2017-11-30 04:00:00,ETH/USD,465.0,469.82,395.0,429.6,123503.608605,53057150.256708
1511928000,2017-11-29 04:00:00,ETH/USD,474.0,515.61,418.0,465.0,115801.83495,53847853.25175
1511841600,2017-11-28 04:00:00,ETH/USD,475.06,480.99,457.9,474.0,56660.812579,26857225.162446
1511755200,2017-11-27 04:00:00,ETH/USD,470.27,489.0,460.1,475.06,56348.70040930000,26769013.616442100
1511668800,2017-11-26 04:00:00,ETH/USD,458.72,475.0,450.0,470.27,31194.290301200000,14669738.899945300
1511582400,2017-11-25 04:00:00,ETH/USD,460.02,476.74,450.0,458.72,42167.611131,19343126.57801230
1511496000,2017-11-24 04:00:00,ETH/USD,411.06,484.6,400.2,460.02,108456.18371400000,49892013.632114300
1511409600,2017-11-23 04:00:00,ETH/USD,378.76,428.07,378.0,411.06,83547.721198,34343126.27564990
1511323200,2017-11-22 04:00:00,ETH/USD,364.46,384.32,360.87,378.76,38622.9471697,14628827.469995600
1511236800,2017-11-21 04:00:00,ETH/USD,354.75,375.0,350.0,364.46,63265.313674600000,23057676.221844700
1511150400,2017-11-20 04:00:00,ETH/USD,361.8,373.6,351.33,354.75,50588.6978701,17946340.569418000
1511064000,2017-11-19 04:00:00,ETH/USD,347.29,373.21,347.14,361.8,32953.5614246,11922598.52342030
1510977600,2017-11-18 04:00:00,ETH/USD,330.72,349.0,327.54,347.29,23689.0586681,8226973.184844450
1510891200,2017-11-17 04:00:00,ETH/USD,331.78,334.55,326.0,330.72,20096.179524900000,6646208.492474930
1510804800,2017-11-16 04:00:00,ETH/USD,329.08,335.0,322.31,331.78,32446.671636700000,10765156.715624300
1510718400,2017-11-15 04:00:00,ETH/USD,332.76,340.0,325.0,329.08,47262.3078802,15553080.277216200
1510632000,2017-11-14 04:00:00,ETH/USD,321.06,337.16,318.5,332.76,64851.7227734,21580059.270076600
1510545600,2017-11-13 04:00:00,ETH/USD,311.25,323.22,308.0,321.06,42637.268082100000,13689121.290439000
1510459200,2017-11-12 04:00:00,ETH/USD,310.44,319.0,299.5,311.25,61933.289161100000,19276736.251392400
1510372800,2017-11-11 04:00:00,ETH/USD,301.44,321.2,297.51,310.44,41263.9328787,12809975.322863600
1510286400,2017-11-10 04:00:00,ETH/USD,319.66,326.0,290.0,301.44,54340.5290461,16380409.075656400
1510200000,2017-11-09 04:00:00,ETH/USD,309.0,331.23,308.0,319.66,48345.3757883,15454082.824488000
1510113600,2017-11-08 04:00:00,ETH/USD,295.05,319.98,292.69,309.0,86792.5259015,26818890.5035635
1510027200,2017-11-07 04:00:00,ETH/USD,299.58,303.5,288.0,295.05,45935.6603501,13553316.586297000
1509940800,2017-11-06 04:00:00,ETH/USD,292.7,305.02,290.49,299.58,29280.5042068,8771853.450273140
1509854400,2017-11-05 04:00:00,ETH/USD,300.07,300.55,292.3,292.7,12199.037037600000,3570658.14090552
1509768000,2017-11-04 04:00:00,ETH/USD,305.31,305.31,295.0,300.07,9924.58437552,2978070.0335622900
1509681600,2017-11-03 04:00:00,ETH/USD,286.15,308.0,286.15,305.31,25328.0073683,7732893.929615670
1509595200,2017-11-02 04:00:00,ETH/USD,285.11,290.31,277.26,286.15,42470.484475600000,12152929.132692900
1509508800,2017-11-01 04:00:00,ETH/USD,303.21,304.79,277.24,285.11,59042.6188025,16833641.046780800
1509422400,2017-10-31 04:00:00,ETH/USD,307.98,309.76,302.29,303.21,18686.1022129,5665813.051973410
1509336000,2017-10-30 04:00:00,ETH/USD,307.0,309.42,304.5,307.98,10988.491763700000,3384235.6933843300
1509249600,2017-10-29 04:00:00,ETH/USD,295.25,310.0,295.23,307.0,20926.3318493,6424383.8777351
1509163200,2017-10-28 04:00:00,ETH/USD,294.06,297.36,292.0,295.25,8412.51836696,2483796.04784494
1509076800,2017-10-27 04:00:00,ETH/USD,297.85,298.78,292.91,294.06,8546.11612079,2513070.9064795100
1508990400,2017-10-26 04:00:00,ETH/USD,298.8,300.83,293.0,297.85,12876.9858893,3835410.247128010
1508904000,2017-10-25 04:00:00,ETH/USD,296.0,304.0,292.44,298.8,17991.5683449,5375880.62145612
1508817600,2017-10-24 04:00:00,ETH/USD,301.28,313.0,289.0,296.0,30440.5502897,9010402.8857512
1508731200,2017-10-23 04:00:00,ETH/USD,292.6,312.0,275.51,301.28,73047.2238661,22007667.606378600
1508644800,2017-10-22 04:00:00,ETH/USD,302.51,302.52,291.5,292.6,18472.0943711,5404934.81298386
1508558400,2017-10-21 04:00:00,ETH/USD,300.44,306.0,291.22,302.51,23615.951814300000,7144061.583343890
1508472000,2017-10-20 04:00:00,ETH/USD,308.33,311.76,299.88,300.44,31717.0354524,9529066.131319060
1508385600,2017-10-19 04:00:00,ETH/USD,312.85,314.49,304.19,308.33,19570.400136700000,6034141.474148710
1508299200,2017-10-18 04:00:00,ETH/USD,306.98,317.03,287.99,312.85,62972.9777752,19701096.09697130
1508212800,2017-10-17 04:00:00,ETH/USD,328.51,332.05,305.0,306.98,67953.204002,20860274.56453400
1508126400,2017-10-16 04:00:00,ETH/USD,343.75,350.0,326.71,328.51,36015.4592823,11831438.528828400
1508040000,2017-10-15 04:00:00,ETH/USD,337.57,349.61,319.51,343.75,31464.345589000000,10815868.79621880
1507953600,2017-10-14 04:00:00,ETH/USD,338.0,346.51,334.88,337.57,24422.481017300000,8244296.91700996
1507867200,2017-10-13 04:00:00,ETH/USD,301.75,346.98,300.5,338.0,76282.2580264,25783403.2129232
1507780800,2017-10-12 04:00:00,ETH/USD,305.97,307.27,299.0,301.75,42341.0329348,12776406.6880759
1507694400,2017-10-11 04:00:00,ETH/USD,301.01,305.99,297.5,305.97,26766.648224200000,8189791.357158480
1507608000,2017-10-10 04:00:00,ETH/USD,297.0,304.97,294.84,301.01,19713.713949200000,5934025.035848690
1507521600,2017-10-09 04:00:00,ETH/USD,304.41,309.21,285.39,297.0,49980.9358708,14844337.9536276
1507435200,2017-10-08 04:00:00,ETH/USD,311.7,314.56,304.41,304.41,20552.212363800000,6256298.965664360
1507348800,2017-10-07 04:00:00,ETH/USD,309.93,314.0,304.51,311.7,14282.2771447,4451785.78600299
1507262400,2017-10-06 04:00:00,ETH/USD,295.35,310.0,294.86,309.93,20242.4216746,6273733.749608780
1507176000,2017-10-05 04:00:00,ETH/USD,289.6,297.01,286.46,295.35,14466.283797400000,4272616.919562090
1507089600,2017-10-04 04:00:00,ETH/USD,292.0,296.03,288.0,289.6,34704.0822303,10050302.213894900
1507003200,2017-10-03 04:00:00,ETH/USD,299.1,300.95,286.37,292.0,34760.510555400000,10150069.0821768
1506916800,2017-10-02 04:00:00,ETH/USD,299.99,302.12,292.29,299.1,28459.8576285,8512343.416684350
1506830400,2017-10-01 04:00:00,ETH/USD,298.01,303.0,295.0,299.99,12983.5317177,3894929.679992820
1506744000,2017-09-30 04:00:00,ETH/USD,293.24,304.96,293.17,298.01,17639.584529600000,5256772.585666100
1506657600,2017-09-29 04:00:00,ETH/USD,283.1,300.0,281.5,293.24,34156.483767000000,10016047.299835100
1506571200,2017-09-28 04:00:00,ETH/USD,308.18,309.76,278.0,283.1,52809.436591900000,14950351.499166900
1506484800,2017-09-27 04:00:00,ETH/USD,291.04,311.72,289.0,308.18,50932.2181234,15696290.981269400
1506398400,2017-09-26 04:00:00,ETH/USD,292.47,294.15,287.0,291.04,21884.9212227,6369387.472654610
1506312000,2017-09-25 04:00:00,ETH/USD,288.05,297.27,287.3,292.47,34556.1703359,10106643.138140700
1506225600,2017-09-24 04:00:00,ETH/USD,293.6,293.77,274.95,288.05,30398.965129200000,8756421.90546606
1506139200,2017-09-23 04:00:00,ETH/USD,263.12,294.0,263.12,293.6,35695.966881,10480335.876261600
1506052800,2017-09-22 04:00:00,ETH/USD,266.58,270.98,254.51,263.12,38632.79465340000,10165060.92920260
1505966400,2017-09-21 04:00:00,ETH/USD,280.25,286.56,251.12,266.58,102386.316098,27294144.145404800
1505880000,2017-09-20 04:00:00,ETH/USD,281.91,293.89,278.0,280.25,52566.1255113,14731656.674541800
1505793600,2017-09-19 04:00:00,ETH/USD,289.01,292.43,276.0,281.91,74600.46569930000,21030617.285289700
1505707200,2017-09-18 04:00:00,ETH/USD,281.01,300.77,280.0,289.01,113390.78701200000,32771071.354338100
1505620800,2017-09-17 04:00:00,ETH/USD,252.28,286.02,241.25,281.01,70522.5082697,19817530.0488684
1505534400,2017-09-16 04:00:00,ETH/USD,258.48,270.0,247.32,252.28,50700.2869026,12790668.379787900
1505448000,2017-09-15 04:00:00,ETH/USD,236.46,268.74,200.0,258.48,260571.881479,67352619.92469190
1505361600,2017-09-14 04:00:00,ETH/USD,270.45,274.0,222.09,236.46,271038.68745100000,64089808.03466350
1505275200,2017-09-13 04:00:00,ETH/USD,276.63,284.95,256.77,270.45,140881.918994,38101514.9919273
1505188800,2017-09-12 04:00:00,ETH/USD,302.97,317.31,276.0,276.63,127822.487157,35359534.62224090
1505102400,2017-09-11 04:00:00,ETH/USD,307.5,307.5,287.01,302.97,79836.8803908,24188179.652000700
1505016000,2017-09-10 04:00:00,ETH/USD,295.74,308.49,283.48,307.5,79428.13323080000,24424150.968471000
1504929600,2017-09-09 04:00:00,ETH/USD,303.47,309.95,293.64,295.74,57409.120663600000,16978173.345053100
1504843200,2017-09-08 04:00:00,ETH/USD,331.35,333.59,290.0,303.47,140850.681525,42743956.32239180
1504756800,2017-09-07 04:00:00,ETH/USD,327.11,337.99,323.09,331.35,46909.5374695,15543475.240518800
1504670400,2017-09-06 04:00:00,ETH/USD,327.8,341.24,316.64,327.11,100013.466913,32715405.16191140
1504584000,2017-09-05 04:00:00,ETH/USD,283.13,334.83,280.0,327.8,121151.75117100000,39713544.03385380
1504497600,2017-09-04 04:00:00,ETH/USD,345.41,345.41,225.0,283.13,263492.616326,74602664.46038040
1504411200,2017-09-03 04:00:00,ETH/USD,357.81,371.48,339.41,345.41,89289.69871330000,30841554.832561000
1504324800,2017-09-02 04:00:00,ETH/USD,377.45,383.12,333.0,357.81,201698.004431,72169562.96545610
1504238400,2017-09-01 04:00:00,ETH/USD,394.52,398.07,375.01,377.45,105852.218065,39953919.70863430
1504152000,2017-08-31 04:00:00,ETH/USD,385.02,395.0,381.12,394.52,104418.37969,41195139.1552988
1504065600,2017-08-30 04:00:00,ETH/USD,374.72,390.85,368.0,385.02,139130.83023800000,53568152.25823480
1503979200,2017-08-29 04:00:00,ETH/USD,349.79,374.73,349.12,374.72,170100.05719000000,63739893.43023680
1503892800,2017-08-28 04:00:00,ETH/USD,345.73,350.0,337.5,349.79,107012.366411,37431855.64690370
1503806400,2017-08-27 04:00:00,ETH/USD,331.36,349.99,331.13,345.73,87968.9673362,30413511.07714440
1503720000,2017-08-26 04:00:00,ETH/USD,331.33,331.36,331.33,331.36,174.279247,57749.171285920000
1503633600,2017-08-25 04:00:00,ETH/USD,327.2,338.2,325.73,331.33,88301.5663999,29256957.995278900
1503547200,2017-08-24 04:00:00,ETH/USD,316.78,328.7,316.65,327.2,106545.617042,34861725.8961424
1503460800,2017-08-23 04:00:00,ETH/USD,316.8,325.64,315.0,316.78,104988.906009,33258385.645531000
1503374400,2017-08-22 04:00:00,ETH/USD,309.21,322.04,292.73,316.8,138380.57027,43838964.661536
1503288000,2017-08-21 04:00:00,ETH/USD,297.79,343.96,297.06,309.21,247910.103452,76656283.08839290
1503201600,2017-08-20 04:00:00,ETH/USD,292.05,298.0,289.03,297.79,82000.3002018,24418869.397094000
1503115200,2017-08-19 04:00:00,ETH/USD,294.66,297.42,285.1,292.05,122396.78728200000,35745981.7257081
1503028800,2017-08-18 04:00:00,ETH/USD,296.92,306.02,285.0,294.66,98526.67034710000,29031868.68447650
1502942400,2017-08-17 04:00:00,ETH/USD,299.89,310.0,296.0,296.92,80301.8186901,23843216.005464500
1502856000,2017-08-16 04:00:00,ETH/USD,286.46,304.59,280.25,299.89,91080.38866640000,27314097.75716670
1502769600,2017-08-15 04:00:00,ETH/USD,291.69,295.82,271.0,286.46,181172.434256,51898655.516973800
1502683200,2017-08-14 04:00:00,ETH/USD,301.72,304.61,289.015,291.69,132311.568613,38593961.448726000
1502596800,2017-08-13 04:00:00,ETH/USD,298.81,305.0,287.03,301.72,124114.295719,37447765.30433670
1502510400,2017-08-12 04:00:00,ETH/USD,311.35,320.0,290.0,298.81,143893.044987,42996680.77256550
1502424000,2017-08-11 04:00:00,ETH/USD,297.28,317.0,295.3,311.35,120718.30152000000,37585643.178252000
1502337600,2017-08-10 04:00:00,ETH/USD,292.0,310.0,292.0,297.28,97947.6447231,29117875.823283200
1502251200,2017-08-09 04:00:00,ETH/USD,315.05,315.49,277.81,292.0,209468.245979,61164727.825868
1502164800,2017-08-08 04:00:00,ETH/USD,272.3,315.23,270.01,315.05,182127.111034,57379146.3312617
1502078400,2017-08-07 04:00:00,ETH/USD,264.6,274.88,258.81,272.3,101718.154125,27697853.368237500
1501992000,2017-08-06 04:00:00,ETH/USD,256.37,271.87,247.83,264.6,140855.305336,37270313.791905600
1501905600,2017-08-05 04:00:00,ETH/USD,224.87,266.39,224.28,256.37,232809.448835,59685358.39782900
1501819200,2017-08-04 04:00:00,ETH/USD,224.65,227.5,217.97,224.87,126444.03004700000,28433469.036668900
1501732800,2017-08-03 04:00:00,ETH/USD,218.5,228.72,218.49,224.65,82906.4933846,18624943.738850400
1501646400,2017-08-02 04:00:00,ETH/USD,225.78,226.24,215.31,218.5,84452.16659600000,18452798.401226000
1501560000,2017-08-01 04:00:00,ETH/USD,207.6,232.0,207.6,225.78,189470.257803,42778594.80676130
1501473600,2017-07-31 04:00:00,ETH/USD,195.9,209.93,190.07,207.6,150739.976449,31293619.1108124
1501387200,2017-07-30 04:00:00,ETH/USD,202.28,202.99,190.55,195.9,127487.24501600000,24974751.298634400
1501300800,2017-07-29 04:00:00,ETH/USD,182.46,210.0,176.0,202.28,189792.550371,38391237.089045900
1501214400,2017-07-28 04:00:00,ETH/USD,201.51,203.25,182.03,182.46,149124.95699,27209339.6523954
1501128000,2017-07-27 04:00:00,ETH/USD,201.66,206.88,198.56,201.51,111702.49179100000,22509169.12080440
1501041600,2017-07-26 04:00:00,ETH/USD,197.67,206.03,191.0,201.66,127069.04273900000,25624743.15874670
1500955200,2017-07-25 04:00:00,ETH/USD,223.08,224.57,191.0,197.67,290133.17839200000,57350625.37274660
1500868800,2017-07-24 04:00:00,ETH/USD,228.46,229.09,222.22,223.08,115433.72705600000,25750955.831652500
1500782400,2017-07-23 04:00:00,ETH/USD,231.17,233.0,220.12,228.46,145391.209007,33216075.60973920
1500696000,2017-07-22 04:00:00,ETH/USD,221.28,237.43,219.4,231.17,142953.85042900000,33046641.603671900
1500609600,2017-07-21 04:00:00,ETH/USD,227.6,237.97,208.69,221.28,161878.968302,35820578.10586660
1500523200,2017-07-20 04:00:00,ETH/USD,211.66,236.09,201.22,227.6,260728.888455,59341895.012358
1500436800,2017-07-19 04:00:00,ETH/USD,226.81,246.8,190.0,211.66,344963.735874,73015024.33509090
1500350400,2017-07-18 04:00:00,ETH/USD,181.61,262.99,178.0,226.81,403373.106629,91489054.31452350
1500264000,2017-07-17 04:00:00,ETH/USD,162.87,192.0,159.54,181.61,258406.853091,46929268.58985650
1500177600,2017-07-16 04:00:00,ETH/USD,166.47,168.2,132.0,162.87,358720.374136,58424787.33553030
1500091200,2017-07-15 04:00:00,ETH/USD,188.26,193.0,165.0,166.47,209965.820444,34953010.12931270
1500004800,2017-07-14 04:00:00,ETH/USD,200.23,203.94,181.2,188.26,184955.50591000000,34819723.54261660
1499918400,2017-07-13 04:00:00,ETH/USD,225.24,225.98,192.25,200.23,187609.344824,37565019.114109500
1499832000,2017-07-12 04:00:00,ETH/USD,188.46,226.65,188.16,225.24,243823.91251600000,54918898.05510380
1499745600,2017-07-11 04:00:00,ETH/USD,195.67,210.79,175.5,188.46,277194.244273,52240027.27568960
1499659200,2017-07-10 04:00:00,ETH/USD,237.14,238.06,188.14,195.67,261590.42667,51185398.786518900
1499572800,2017-07-09 04:00:00,ETH/USD,247.4,253.31,236.0,237.14,98960.3847727,23467465.644998100
1499486400,2017-07-08 04:00:00,ETH/USD,239.44,248.99,235.26,247.4,136750.833304,33832156.1594096
1499400000,2017-07-07 04:00:00,ETH/USD,265.18,266.56,230.4,239.44,219980.236656,52672067.86491260
1499313600,2017-07-06 04:00:00,ETH/USD,267.12,274.0,261.51,265.18,130385.377051,34575594.28638420
1499227200,2017-07-05 04:00:00,ETH/USD,271.18,273.89,253.27,267.12,171597.763331,45837194.54097670
1499140800,2017-07-04 04:00:00,ETH/USD,278.98,282.0,265.09,271.18,132696.152613,35984542.66559330
1499054400,2017-07-03 04:00:00,ETH/USD,278.76,283.99,273.03,278.98,139373.302338,38882363.88625520
1498968000,2017-07-02 04:00:00,ETH/USD,256.96,293.65,255.38,278.76,114814.926191,32005808.825003200
1498881600,2017-07-01 04:00:00,ETH/USD,270.33,283.0,252.6,256.96,129433.831651,33259317.381041000
1498795200,2017-06-30 04:00:00,ETH/USD,289.16,304.94,269.19,270.33,176056.513848,47593357.38852980
1498708800,2017-06-29 04:00:00,ETH/USD,317.31,322.84,282.0,289.16,146667.675228,42410424.968928500
1498622400,2017-06-28 04:00:00,ETH/USD,278.97,324.95,265.0,317.31,176233.752308,55920731.94485150
1498536000,2017-06-27 04:00:00,ETH/USD,256.5,288.35,210.02,278.97,184525.855304,51477177.85415690
1498449600,2017-06-26 04:00:00,ETH/USD,287.06,288.0,210.0,256.5,240337.035542,61646449.616523
1498363200,2017-06-25 04:00:00,ETH/USD,302.2,310.0,251.49,287.06,127112.792975,36488998.351403500
1498276800,2017-06-24 04:00:00,ETH/USD,328.06,328.98,295.01,302.2,70649.754768,21350355.8908896
1498190400,2017-06-23 04:00:00,ETH/USD,324.18,330.86,321.13,328.06,54781.67477870000,17971676.22790030
1498104000,2017-06-22 04:00:00,ETH/USD,316.39,333.0,307.52,324.18,95473.6615414,30950651.59849110
1498017600,2017-06-21 04:00:00,ETH/USD,341.86,343.49,280.0,316.39,182482.981703,57735790.58101220
1497931200,2017-06-20 04:00:00,ETH/USD,364.49,365.0,321.0,341.86,103723.27439000000,35458838.5829654
1497844800,2017-06-19 04:00:00,ETH/USD,359.36,365.0,347.16,364.49,63948.4554003,23308572.508855300
1497758400,2017-06-18 04:00:00,ETH/USD,374.13,378.85,337.29,359.36,67866.0135031,24388330.612474000
1497672000,2017-06-17 04:00:00,ETH/USD,348.1,374.99,335.32,374.13,54977.5917311,20568766.394356400
1497585600,2017-06-16 04:00:00,ETH/USD,328.0,357.01,327.99,348.1,84273.58579090000,29335635.213812300
1497499200,2017-06-15 04:00:00,ETH/USD,338.11,346.96,250.0,328.0,234365.090452,76871749.668256
1497412800,2017-06-14 04:00:00,ETH/USD,391.08,392.91,310.0,338.11,197116.977045,66647221.10868500
1497326400,2017-06-13 04:00:00,ETH/USD,384.1,393.98,356.0,391.08,74095.0084835,28977075.91772720
1497240000,2017-06-12 04:00:00,ETH/USD,343.06,418.5,310.0,384.1,174845.20496,67158043.22513600
1497153600,2017-06-11 04:00:00,ETH/USD,336.9,346.99,328.0,343.06,52848.677350600000,18130267.251896800
1497067200,2017-06-10 04:00:00,ETH/USD,284.88,344.01,284.63,336.9,102278.64690800000,34457676.1433052
1496980800,2017-06-09 04:00:00,ETH/USD,260.02,285.0,260.02,284.88,67226.6760756,19151535.480416900
1496894400,2017-06-08 04:00:00,ETH/USD,255.02,264.89,248.0,260.02,84688.42388660000,22020683.978993700
1496808000,2017-06-07 04:00:00,ETH/USD,264.6,264.99,246.12,255.02,51546.8721213,13145483.328373900
1496721600,2017-06-06 04:00:00,ETH/USD,257.08,268.85,250.0,264.6,74101.34514620000,19607215.925684500
1496635200,2017-06-05 04:00:00,ETH/USD,247.57,262.84,240.0,257.08,60320.731096900000,15507253.55039110
1496548800,2017-06-04 04:00:00,ETH/USD,230.94,248.99,230.93,247.57,43247.6997561,10706833.028617700
1496462400,2017-06-03 04:00:00,ETH/USD,225.2,232.19,219.0,230.94,42702.547996100000,9861726.434219330
1496376000,2017-06-02 04:00:00,ETH/USD,223.27,227.0,213.5,225.2,83060.9968042,18705336.48030580
1496289600,2017-06-01 04:00:00,ETH/USD,230.99,234.0,205.26,223.27,119080.044008,26587001.42566620
1496203200,2017-05-31 04:00:00,ETH/USD,233.01,234.0,215.0,230.99,126725.77146200000,29272385.95000740
1496116800,2017-05-30 04:00:00,ETH/USD,200.99,234.0,194.0,233.01,160854.38066,37480679.237586600
1496030400,2017-05-29 04:00:00,ETH/USD,172.05,201.0,169.0,200.99,65787.4901237,13222627.639962500
1495944000,2017-05-28 04:00:00,ETH/USD,173.67,182.36,162.07,172.05,49204.912436,8465705.1846138
1495857600,2017-05-27 04:00:00,ETH/USD,161.86,173.97,120.1,173.67,112808.59039000000,19591467.8930313
1495771200,2017-05-26 04:00:00,ETH/USD,187.99,195.0,143.25,161.86,140158.005782,22685974.81587450
1495684800,2017-05-25 04:00:00,ETH/USD,201.2,217.88,157.68,187.99,133517.261516,25099909.99239280
1495598400,2017-05-24 04:00:00,ETH/USD,174.92,215.79,174.92,201.2,156264.43866000000,31440405.058392000
1495512000,2017-05-23 04:00:00,ETH/USD,165.54,175.0,157.0,174.92,96427.5937481,16867114.698417700
1495425600,2017-05-22 04:00:00,ETH/USD,149.48,175.0,136.33,165.54,159004.901219,26321671.34779330
1495339200,2017-05-21 04:00:00,ETH/USD,125.16,150.0,124.52,149.48,52505.134022900000,7848467.433743090
1495252800,2017-05-20 04:00:00,ETH/USD,127.8,130.52,121.14,125.16,31743.684195500000,3973039.5139087800
1495166400,2017-05-19 04:00:00,ETH/USD,105.92,129.0,101.14,127.8,64280.814187,8215088.0530986
1495080000,2017-05-18 04:00:00,ETH/USD,88.4,106.41,88.31,105.92,40088.3263387,4246155.525795100
1494993600,2017-05-17 04:00:00,ETH/USD,87.68,89.1,81.0,88.4,136465.38117,12063539.695428
1494907200,2017-05-16 04:00:00,ETH/USD,91.42,91.42,82.71,87.68,155099.452436,13599119.98958850
1494820800,2017-05-15 04:00:00,ETH/USD,89.99,94.48,85.0,91.42,198700.495211,18165199.27218960
1494734400,2017-05-14 04:00:00,ETH/USD,88.03,90.61,87.59,89.99,8011.03953341,720913.4476115660
1494648000,2017-05-13 04:00:00,ETH/USD,84.25,88.3,82.8,88.03,10755.0758442,946769.3265649260
1494561600,2017-05-12 04:00:00,ETH/USD,88.39,91.01,81.0,84.25,106999.488277,9014706.88733725
1494475200,2017-05-11 04:00:00,ETH/USD,88.62,90.0,84.5,88.39,106638.6083,9425786.587637
1494388800,2017-05-10 04:00:00,ETH/USD,89.38,91.86,86.51,88.62,13205.624113200000,1170282.4089117800
1494302400,2017-05-09 04:00:00,ETH/USD,87.05,89.96,74.3,89.38,32705.211228500000,2923191.7796033300
1494216000,2017-05-08 04:00:00,ETH/USD,91.28,93.15,85.55,87.05,34600.6935711,3011990.3753642500
1494129600,2017-05-07 04:00:00,ETH/USD,95.02,98.79,88.85,91.28,49969.0678018,4561176.508948310
1494043200,2017-05-06 04:00:00,ETH/USD,93.79,97.5,90.53,95.02,56939.92392950000,5410431.5717810900
1493956800,2017-05-05 04:00:00,ETH/USD,96.76,97.98,88.05,93.79,43092.7390427,4041667.994814830
1493870400,2017-05-04 04:00:00,ETH/USD,79.99,96.94,79.98,96.76,70919.11052770000,6862133.134660250
1493784000,2017-05-03 04:00:00,ETH/USD,76.92,81.86,76.68,79.99,29794.371029100000,2383251.738617710
1493697600,2017-05-02 04:00:00,ETH/USD,80.5,80.5,74.51,76.92,106849.570145,8218868.935553400
1493611200,2017-05-01 04:00:00,ETH/USD,81.6,84.84,72.12,80.5,126163.645766,10156173.484163
1493524800,2017-04-30 04:00:00,ETH/USD,70.79,82.9,69.5,81.6,26030.3954108,2124080.26552128
1493438400,2017-04-29 04:00:00,ETH/USD,72.04,72.96,67.36,70.79,14385.5246671,1018351.2911840100
1493352000,2017-04-28 04:00:00,ETH/USD,65.71,74.1,62.5,72.04,26428.7107932,1903924.3255421300
1493265600,2017-04-27 04:00:00,ETH/USD,53.66,67.94,53.47,65.71,27355.252053100000,1797513.6124092000
1493179200,2017-04-26 04:00:00,ETH/USD,50.64,56.02,50.51,53.66,23350.991703,1253014.2147829800
1493092800,2017-04-25 04:00:00,ETH/USD,50.05,50.82,49.97,50.64,7062.56578283,357648.3312425110
1493006400,2017-04-24 04:00:00,ETH/USD,49.54,50.99,49.49,50.05,11240.4209073,562583.0664103650
1492920000,2017-04-23 04:00:00,ETH/USD,49.22,49.55,48.42,49.54,3512.59835992,174014.1227504370
1492833600,2017-04-22 04:00:00,ETH/USD,48.67,49.22,48.35,49.22,6818.83966905,335623.288510641
1492747200,2017-04-21 04:00:00,ETH/USD,49.0,49.61,48.13,48.67,8011.97249553,389942.7013574450
1492660800,2017-04-20 04:00:00,ETH/USD,48.45,49.8,47.45,49.0,12610.1524276,617897.4689524
1492574400,2017-04-19 04:00:00,ETH/USD,49.88,50.29,47.44,48.45,26530.5082427,1285403.1243588200
1492488000,2017-04-18 04:00:00,ETH/USD,48.41,50.43,48.0,49.88,18067.7913487,901221.432473156
1492401600,2017-04-17 04:00:00,ETH/USD,48.16,48.7,47.69,48.41,7852.39726328,380134.55151538500
1492315200,2017-04-16 04:00:00,ETH/USD,48.67,49.13,47.57,48.16,6746.53073338,324912.92011958100
1492228800,2017-04-15 04:00:00,ETH/USD,47.02,49.09,46.99,48.67,21811.473161200000,1061564.3987556000
1492142400,2017-04-14 04:00:00,ETH/USD,48.95,48.99,46.52,47.02,11854.699164300000,557407.954705386
1492056000,2017-04-13 04:00:00,ETH/USD,48.65,50.91,47.84,48.95,21025.162267900000,1029181.6930137100
1491969600,2017-04-12 04:00:00,ETH/USD,43.87,48.65,43.33,48.65,26251.5429473,1277137.564386150
1491883200,2017-04-11 04:00:00,ETH/USD,44.55,44.55,43.73,43.87,6109.62302965,268029.16231074500
1491796800,2017-04-10 04:00:00,ETH/USD,44.11,45.65,42.8,44.55,6061.09896357,270021.9588270440
1491710400,2017-04-09 04:00:00,ETH/USD,44.01,44.71,43.21,44.11,3504.91494179,154601.7980823570
1491624000,2017-04-08 04:00:00,ETH/USD,44.17,45.64,43.51,44.01,5096.44449183,224294.52208543800
1491537600,2017-04-07 04:00:00,ETH/USD,44.01,45.76,41.9,44.17,11911.9770805,526152.027645685
1491451200,2017-04-06 04:00:00,ETH/USD,44.91,45.95,41.45,44.01,19922.7747597,876801.3171743970
1491364800,2017-04-05 04:00:00,ETH/USD,45.55,47.26,44.56,44.91,13200.026368100000,592813.184191371
1491278400,2017-04-04 04:00:00,ETH/USD,43.7,45.92,41.42,45.55,18530.8877751,844081.938155805
1491192000,2017-04-03 04:00:00,ETH/USD,44.4,47.99,42.21,43.7,34606.3207848,1512296.2182957600
1491105600,2017-04-02 04:00:00,ETH/USD,50.54,50.81,43.89,44.4,36686.1263203,1628864.00862132
1491019200,2017-04-01 04:00:00,ETH/USD,49.74,51.91,48.75,50.54,15433.0987664,779988.811653856
1490932800,2017-03-31 04:00:00,ETH/USD,50.0,52.0,46.44,49.74,29197.183242500000,1452267.8944819500
1490846400,2017-03-30 04:00:00,ETH/USD,53.49,53.49,49.91,50.0,26003.9124926,1300195.62463
1490760000,2017-03-29 04:00:00,ETH/USD,51.76,54.54,51.04,53.49,18247.9283692,976081.688468508
1490673600,2017-03-28 04:00:00,ETH/USD,49.34,52.84,48.54,51.76,27599.7450796,1428562.805320100
1490587200,2017-03-27 04:00:00,ETH/USD,51.02,51.47,48.0,49.34,26010.5383155,1283359.9604867700
1490500800,2017-03-26 04:00:00,ETH/USD,50.51,51.54,48.48,51.02,15094.887864000000,770141.17882128
1490414400,2017-03-25 04:00:00,ETH/USD,49.72,52.96,47.4,50.51,30217.480115400000,1526284.9206288500
1490328000,2017-03-24 04:00:00,ETH/USD,43.2,53.0,42.45,49.72,88517.42127920000,4401086.186001820
1490241600,2017-03-23 04:00:00,ETH/USD,41.2,44.0,40.51,43.2,23455.848458,1013292.6533856000
1490155200,2017-03-22 04:00:00,ETH/USD,42.81,42.81,38.38,41.2,27771.615347300000,1144190.55230876
1490068800,2017-03-21 04:00:00,ETH/USD,43.07,43.94,42.0,42.81,17181.9550646,735559.496315526
1489982400,2017-03-20 04:00:00,ETH/USD,42.34,45.9,40.71,43.07,32093.208383000000,1382254.4850558100
1489896000,2017-03-19 04:00:00,ETH/USD,38.88,45.99,37.1,42.34,32875.080417800000,1391930.904889650
1489809600,2017-03-18 04:00:00,ETH/USD,43.25,43.95,31.0,38.88,83236.9941565,3236254.3328047200
1489723200,2017-03-17 04:00:00,ETH/USD,48.8,51.99,28.5,43.25,84173.7410829,3640514.301835430
1489636800,2017-03-16 04:00:00,ETH/USD,39.76,48.8,37.76,48.8,79607.95258010000,3884868.0859088800
1489550400,2017-03-15 04:00:00,ETH/USD,28.89,42.73,28.69,39.76,75540.95241650000,3003508.2680800400
1489464000,2017-03-14 04:00:00,ETH/USD,28.43,29.96,27.8,28.89,22944.239616,662859.08250624
1489377600,2017-03-13 04:00:00,ETH/USD,27.66,32.0,24.99,28.43,246844.766247,7017796.704402210
1489291200,2017-03-12 04:00:00,ETH/USD,21.71,27.66,21.66,27.66,23005.6509192,636336.304425072
1489204800,2017-03-11 04:00:00,ETH/USD,18.86,23.23,18.8,21.71,73779.71033330000,1601757.5113359400
1489118400,2017-03-10 04:00:00,ETH/USD,18.43,19.78,16.47,18.86,331993.378712,6261395.122508320
1489032000,2017-03-09 04:00:00,ETH/USD,17.04,18.49,16.97,18.43,10935.5281411,201541.783640473
1488945600,2017-03-08 04:00:00,ETH/USD,18.61,19.37,15.11,17.04,35686.0417252,608090.150997408
1488859200,2017-03-07 04:00:00,ETH/USD,19.59,19.68,18.08,18.61,178302.03406000000,3318200.8538566000
1488772800,2017-03-06 04:00:00,ETH/USD,19.15,20.51,18.97,19.59,170833.793698,3346634.01854382
1488686400,2017-03-05 04:00:00,ETH/USD,18.54,19.39,18.15,19.15,14291.900429800000,273689.89323067000
1488600000,2017-03-04 04:00:00,ETH/USD,20.13,20.14,18.33,18.54,14421.5157002,267374.90108170800
1488513600,2017-03-03 04:00:00,ETH/USD,19.95,20.78,18.01,20.13,85995.743529,1731094.31723877
1488427200,2017-03-02 04:00:00,ETH/USD,17.35,19.95,17.04,19.95,49963.3908372,996769.64720214
1488340800,2017-03-01 04:00:00,ETH/USD,16.1,18.5,15.8,17.35,315704.769714,5477477.7545379
1488254400,2017-02-28 04:00:00,ETH/USD,15.94,16.97,15.27,16.1,407131.043048,6554809.793072800
1488168000,2017-02-27 04:00:00,ETH/USD,14.62,16.3,14.56,15.94,29977.395488,477839.68407872000
1488081600,2017-02-26 04:00:00,ETH/USD,13.62,14.97,13.57,14.62,12667.7606549,185202.66077463800
1487995200,2017-02-25 04:00:00,ETH/USD,13.13,13.74,13.13,13.62,8301.67790601,113068.85307985600
1487908800,2017-02-24 04:00:00,ETH/USD,13.04,13.32,12.68,13.13,8147.17689196,106972.4325914350
1487822400,2017-02-23 04:00:00,ETH/USD,12.54,13.35,12.54,13.04,18627.6139141,242904.08543986400
1487736000,2017-02-22 04:00:00,ETH/USD,12.85,12.85,12.53,12.54,3017.95263673,37845.126064594200
1487649600,2017-02-21 04:00:00,ETH/USD,12.55,12.85,12.51,12.85,9471.302241500000,121706.23380327500
1487563200,2017-02-20 04:00:00,ETH/USD,12.82,12.89,12.25,12.55,9183.46473262,115252.482394381
1487476800,2017-02-19 04:00:00,ETH/USD,12.85,13.03,12.78,12.82,13883.4948639,177986.404155198
1487390400,2017-02-18 04:00:00,ETH/USD,12.85,12.91,12.79,12.85,9559.13687967,122834.90890376000
1487304000,2017-02-17 04:00:00,ETH/USD,12.95,12.95,12.73,12.85,8151.37704641,104745.19504636800
1487217600,2017-02-16 04:00:00,ETH/USD,12.73,12.97,12.68,12.95,1824553.9895900000,23627974.1651905
1487131200,2017-02-15 04:00:00,ETH/USD,13.01,13.11,12.65,12.73,19041.7206285,242401.10360080500
1487044800,2017-02-14 04:00:00,ETH/USD,11.63,13.41,11.63,13.01,23919.0916752,311187.382694352
1486958400,2017-02-13 04:00:00,ETH/USD,11.42,11.63,11.27,11.63,9661.61057643,112364.5310038810
1486872000,2017-02-12 04:00:00,ETH/USD,11.39,11.49,11.36,11.42,3953.49301571,45148.890239408200
1486785600,2017-02-11 04:00:00,ETH/USD,11.32,11.39,11.28,11.39,2414.27323586,27498.572156445400
1486699200,2017-02-10 04:00:00,ETH/USD,11.01,11.44,10.87,11.32,6076.70221138,68788.26903282160
1486612800,2017-02-09 04:00:00,ETH/USD,11.56,11.61,10.51,11.01,9347.34681209,102914.2884011110
1486526400,2017-02-08 04:00:00,ETH/USD,11.62,11.74,11.25,11.56,2629.15769671,30393.0629739676
1486440000,2017-02-07 04:00:00,ETH/USD,11.32,11.62,11.32,11.62,2358.82998608,27409.604438249600
1486353600,2017-02-06 04:00:00,ETH/USD,11.23,11.32,11.22,11.32,1344.77248019,15222.8244757508
1486267200,2017-02-05 04:00:00,ETH/USD,11.39,11.39,11.04,11.23,1531.74104842,17201.4519737566
1486180800,2017-02-04 04:00:00,ETH/USD,11.17,11.41,11.16,11.39,2796.10554974,31847.642211538600
1486094400,2017-02-03 04:00:00,ETH/USD,10.92,11.17,10.5,11.17,115332.70643200000,1288266.3308454400
1486008000,2017-02-02 04:00:00,ETH/USD,10.65,10.99,10.58,10.92,114602.122303,1251455.17554876
1485921600,2017-02-01 04:00:00,ETH/USD,10.76,10.95,10.57,10.65,77198.1539923,822160.340017995
1485835200,2017-01-31 04:00:00,ETH/USD,10.61,10.93,10.61,10.76,33875.5364004,364500.771668304
1485748800,2017-01-30 04:00:00,ETH/USD,10.53,10.9,10.51,10.61,31248.4507855,331546.062834155
1485662400,2017-01-29 04:00:00,ETH/USD,10.64,10.64,10.51,10.53,1187.96540472,12509.275711701600
1485576000,2017-01-28 04:00:00,ETH/USD,10.68,10.68,10.58,10.64,209.88440074,2233.1700238736
1485489600,2017-01-27 04:00:00,ETH/USD,10.76,10.76,10.51,10.68,5407.38792369,57750.903025009200
1485403200,2017-01-26 04:00:00,ETH/USD,10.61,10.76,10.52,10.76,1303.90119856,14029.9768965056
1485316800,2017-01-25 04:00:00,ETH/USD,10.69,10.69,10.48,10.61,2543.7833445,26989.541285145
1485230400,2017-01-24 04:00:00,ETH/USD,10.76,10.77,10.51,10.69,2838.14924475,30339.8154263775
1485144000,2017-01-23 04:00:00,ETH/USD,10.76,10.77,10.62,10.76,1737.00929671,18690.2200325996
1485057600,2017-01-22 04:00:00,ETH/USD,10.88,10.92,10.64,10.76,2094.01299535,22531.579829966
1484971200,2017-01-21 04:00:00,ETH/USD,10.75,10.93,10.64,10.88,3139.27179362,34155.2771145856
1484884800,2017-01-20 04:00:00,ETH/USD,10.45,10.75,10.45,10.75,2793.09021124,30025.71977083
1484798400,2017-01-19 04:00:00,ETH/USD,10.34,10.73,10.19,10.45,3214.45586161,33591.0637538245
1484712000,2017-01-18 04:00:00,ETH/USD,10.44,10.44,10.0,10.34,1550.27917394,16029.886658539600
1484625600,2017-01-17 04:00:00,ETH/USD,9.69,10.44,9.69,10.44,6742.92760222,70396.1641671768
1484539200,2017-01-16 04:00:00,ETH/USD,10.01,10.01,9.6,9.69,3378.93755686,32741.9049259734
1484452800,2017-01-15 04:00:00,ETH/USD,10.01,10.01,9.79,10.01,723.89003337,7246.1392340337
1484366400,2017-01-14 04:00:00,ETH/USD,9.88,10.24,9.69,10.01,1917.67068002,19195.8835070002
1484280000,2017-01-13 04:00:00,ETH/USD,9.56,10.25,9.56,9.88,3064.11476744,30273.453902307200
1484193600,2017-01-12 04:00:00,ETH/USD,9.75,10.47,9.4,9.56,7671.76169214,73342.0417768584
1484107200,2017-01-11 04:00:00,ETH/USD,10.71,10.74,9.5,9.75,12402.133349700000,120920.80015957500
1484020800,2017-01-10 04:00:00,ETH/USD,10.5,10.74,10.32,10.71,4456.42059361,47728.2645575631
1483934400,2017-01-09 04:00:00,ETH/USD,10.4,10.93,10.12,10.5,5103.98475282,53591.839904610000
1483848000,2017-01-08 04:00:00,ETH/USD,9.89,10.42,9.89,10.4,3544.87777454,36866.728855216
1483761600,2017-01-07 04:00:00,ETH/USD,9.49,10.32,9.41,9.89,5914.09028138,58490.35288284820
1483675200,2017-01-06 04:00:00,ETH/USD,10.25,10.32,9.49,9.49,4639.43821281,44028.2686395669
1483588800,2017-01-05 04:00:00,ETH/USD,11.65,11.94,9.2,10.25,8767.485186600000,89866.72316265000
1483502400,2017-01-04 04:00:00,ETH/USD,10.4,11.65,10.24,11.65,7770.98530253,90531.9787744745
1483416000,2017-01-03 04:00:00,ETH/USD,8.31,10.89,8.31,10.4,10292.8337258,107045.47074832000
1483329600,2017-01-02 04:00:00,ETH/USD,8.15,8.55,8.15,8.31,2220.02562129,18448.4129129199
1483243200,2017-01-01 04:00:00,ETH/USD,8.54,8.54,8.15,8.15,1374.57173672,11202.759654268
1483156800,2016-12-31 04:00:00,ETH/USD,8.19,8.54,8.08,8.54,864.51246531,7382.936453747400
1483070400,2016-12-30 04:00:00,ETH/USD,8.54,8.54,8.1,8.19,898.28396653,7356.9456858807
1482984000,2016-12-29 04:00:00,ETH/USD,8.52,8.54,8.1,8.54,1382.77529457,11808.901015627800
1482897600,2016-12-28 04:00:00,ETH/USD,7.3,8.54,7.13,8.52,5773.85945017,49193.282515448400
1482811200,2016-12-27 04:00:00,ETH/USD,7.49,7.49,7.12,7.3,958.21579341,6994.975291893
1482724800,2016-12-26 04:00:00,ETH/USD,7.29,7.49,7.25,7.49,481.73723775,3608.2119107475
1482638400,2016-12-25 04:00:00,ETH/USD,7.28,7.29,7.17,7.29,282.09556826,2056.4766926154000
1482552000,2016-12-24 04:00:00,ETH/USD,7.32,7.41,7.19,7.28,1015.55796829,7393.2620091512
1482465600,2016-12-23 04:00:00,ETH/USD,7.5,7.69,7.17,7.32,1263.8651449000000,9251.492860668
1482379200,2016-12-22 04:00:00,ETH/USD,7.79,7.97,7.5,7.5,7949.20352709,59619.026453175
1482292800,2016-12-21 04:00:00,ETH/USD,7.74,7.99,7.63,7.79,1795.85633773,13989.720870916700
1482206400,2016-12-20 04:00:00,ETH/USD,7.6,7.99,7.58,7.74,795.26351154,6155.3395793196
1482120000,2016-12-19 04:00:00,ETH/USD,7.85,7.85,7.6,7.6,572.51357547,4351.103173572
1482033600,2016-12-18 04:00:00,ETH/USD,7.87,7.98,7.85,7.85,530.39085706,4163.5682279210000
1481947200,2016-12-17 04:00:00,ETH/USD,7.8,7.87,7.54,7.87,253.81799565,1997.5476257655
1481860800,2016-12-16 04:00:00,ETH/USD,7.86,7.89,7.51,7.8,725.7228483000000,5660.638216740000
1481774400,2016-12-15 04:00:00,ETH/USD,8.2,8.2,7.75,7.86,1656.56527233,13020.6030405138
1481688000,2016-12-14 04:00:00,ETH/USD,8.47,8.47,8.19,8.2,1645.67956848,13494.572461536000
1481601600,2016-12-13 04:00:00,ETH/USD,8.51,8.71,8.33,8.47,649.61550248,5502.243306005600
1481515200,2016-12-12 04:00:00,ETH/USD,8.46,8.71,8.3,8.51,638.89285048,5436.9781575848
1481428800,2016-12-11 04:00:00,ETH/USD,8.1,8.56,8.1,8.46,147.58147251,1248.5392574346000
1481342400,2016-12-10 04:00:00,ETH/USD,8.4,8.64,8.1,8.1,208.56988451,1689.416064531
1481256000,2016-12-09 04:00:00,ETH/USD,8.15,8.67,8.07,8.4,1201.83009802,10095.372823368
1481169600,2016-12-08 04:00:00,ETH/USD,8.68,8.75,8.02,8.15,987.73666444,8050.053815186000
1481083200,2016-12-07 04:00:00,ETH/USD,7.65,8.68,7.5,8.68,2505.35781861,21746.505865534800
1480996800,2016-12-06 04:00:00,ETH/USD,7.03,8.25,5.99,7.65,8699.84129284,66553.785890226
1480910400,2016-12-05 04:00:00,ETH/USD,7.54,7.62,6.5,7.03,4877.10305974,34286.0345099722
1480824000,2016-12-04 04:00:00,ETH/USD,7.98,8.16,7.43,7.54,1348.19500795,10165.390359943
1480737600,2016-12-03 04:00:00,ETH/USD,7.7,8.25,7.7,7.98,7436.63058718,59344.3120856964
1480651200,2016-12-02 04:00:00,ETH/USD,8.23,8.42,7.24,7.7,14931.2843605,114970.88957585
1480564800,2016-12-01 04:00:00,ETH/USD,8.61,8.64,8.23,8.23,3469.32915518,28552.5789471314
1480478400,2016-11-30 04:00:00,ETH/USD,8.38,9.14,8.38,8.61,1307.30202809,11255.8704618549
1480392000,2016-11-29 04:00:00,ETH/USD,8.7,8.7,8.0,8.38,2987.15353926,25032.346658998800
1480305600,2016-11-28 04:00:00,ETH/USD,8.99,9.02,8.7,8.7,955.55167019,8313.299530653
1480219200,2016-11-27 04:00:00,ETH/USD,9.36,9.87,8.9,8.99,2356.87929696,21188.3448796704
1480132800,2016-11-26 04:00:00,ETH/USD,9.57,9.57,9.31,9.36,135.05276985,1264.093925796
1480046400,2016-11-25 04:00:00,ETH/USD,9.25,9.69,9.2,9.57,2517.46792891,24092.1680796687
1479960000,2016-11-24 04:00:00,ETH/USD,9.91,9.91,9.01,9.25,4854.09698342,44900.397096635000
1479873600,2016-11-23 04:00:00,ETH/USD,9.91,9.97,9.79,9.91,403.33276293,3997.0276806363
1479787200,2016-11-22 04:00:00,ETH/USD,9.79,10.19,9.62,9.91,2506.04835637,24834.9392116267
1479700800,2016-11-21 04:00:00,ETH/USD,9.51,9.79,9.51,9.79,782.19348455,7657.674213744500
1479614400,2016-11-20 04:00:00,ETH/USD,9.73,9.86,9.5,9.51,477.80237141,4543.900552109100
1479528000,2016-11-19 04:00:00,ETH/USD,9.51,9.86,9.51,9.73,496.02044662,4826.2789456126
1479441600,2016-11-18 04:00:00,ETH/USD,9.98,10.0,9.5,9.51,3812.94081543,36261.0671547393
1479355200,2016-11-17 04:00:00,ETH/USD,10.11,10.36,9.93,9.98,858.85125536,8571.3355284928
1479268800,2016-11-16 04:00:00,ETH/USD,10.28,10.38,9.94,10.11,4042.36072955,40868.2669757505
1479182400,2016-11-15 04:00:00,ETH/USD,9.9,10.4,9.9,10.28,594.69058463,6113.419209996400
1479096000,2016-11-14 04:00:00,ETH/USD,9.86,10.18,9.86,9.9,854.58616287,8460.403012413
1479009600,2016-11-13 04:00:00,ETH/USD,10.2,10.22,9.86,9.86,708.09947526,6981.860826063600
1478923200,2016-11-12 04:00:00,ETH/USD,10.33,10.33,9.68,10.2,2852.06609136,29091.074131872
1478836800,2016-11-11 04:00:00,ETH/USD,10.36,10.61,10.2,10.33,1041.46521318,10758.3356521494
1478750400,2016-11-10 04:00:00,ETH/USD,10.63,11.95,10.36,10.36,2109.50195447,21854.440248309200
1478664000,2016-11-09 04:00:00,ETH/USD,10.45,10.84,10.45,10.63,1331.32861207,14152.0231463041
1478577600,2016-11-08 04:00:00,ETH/USD,10.91,11.19,10.45,10.45,4265.19386853,44571.2759261385
1478491200,2016-11-07 04:00:00,ETH/USD,11.04,11.2,10.91,10.91,304.94882534,3326.9916844594
1478404800,2016-11-06 04:00:00,ETH/USD,11.07,11.15,10.89,11.04,833.79878387,9205.138573924800
1478318400,2016-11-05 04:00:00,ETH/USD,11.14,11.17,11.01,11.07,203.74610564,2255.4693894348
1478232000,2016-11-04 04:00:00,ETH/USD,10.87,11.2,10.87,11.14,520.11363202,5794.0658607028
1478145600,2016-11-03 04:00:00,ETH/USD,10.9,11.19,10.75,10.87,952.29777109,10351.4767717483
1478059200,2016-11-02 04:00:00,ETH/USD,10.95,11.43,10.75,10.9,1010.52514677,11014.724099793
1477972800,2016-11-01 04:00:00,ETH/USD,10.8,11.47,10.41,10.95,3396.31219318,37189.618515321000
1477886400,2016-10-31 04:00:00,ETH/USD,11.51,11.56,10.62,10.8,1200.25060566,12962.706541128000
1477800000,2016-10-30 04:00:00,ETH/USD,10.5,11.51,10.43,11.51,3113.52958175,35836.7254859425
1477713600,2016-10-29 04:00:00,ETH/USD,11.17,11.56,9.88,10.5,5831.14137786,61226.98446753
1477627200,2016-10-28 04:00:00,ETH/USD,11.35,11.35,11.05,11.17,4514.81007689,50430.428558861300
1477540800,2016-10-27 04:00:00,ETH/USD,11.5,11.58,11.3,11.35,572.96268608,6503.126487008
1477454400,2016-10-26 04:00:00,ETH/USD,11.7,11.87,11.33,11.5,1655.69509247,19040.493563405000
1477368000,2016-10-25 04:00:00,ETH/USD,11.8,12.2,11.11,11.7,4174.61967148,48843.05015631600
1477281600,2016-10-24 04:00:00,ETH/USD,12.0,12.02,11.8,11.8,8544.23449315,100821.96701917
1477195200,2016-10-23 04:00:00,ETH/USD,12.08,12.08,12.0,12.0,537.10688271,6445.28259252
1477108800,2016-10-22 04:00:00,ETH/USD,12.08,12.08,12.0,12.08,180.56975422,2181.2826309776
1477022400,2016-10-21 04:00:00,ETH/USD,12.04,12.08,12.0,12.08,447.30766689,5403.4766160312
1476936000,2016-10-20 04:00:00,ETH/USD,12.18,12.18,11.93,12.04,985.53914239,11865.8912743756
1476849600,2016-10-19 04:00:00,ETH/USD,12.96,12.96,11.81,12.18,4097.78701325,49911.045821385
1476763200,2016-10-18 04:00:00,ETH/USD,12.18,12.96,12.18,12.96,2535.90555361,32865.3359747856
1476676800,2016-10-17 04:00:00,ETH/USD,11.98,12.2,11.82,12.18,478.98289257,5834.0116315026
1476590400,2016-10-16 04:00:00,ETH/USD,12.04,12.04,11.97,11.98,245.0,2935.1
1476504000,2016-10-15 04:00:00,ETH/USD,11.99,12.04,11.82,12.04,1692.60298276,20378.9399124304
1476417600,2016-10-14 04:00:00,ETH/USD,12.05,12.08,11.87,11.99,452.88540916,5430.0960558284
1476331200,2016-10-13 04:00:00,ETH/USD,12.17,12.19,11.8,12.05,465.72564437,5611.9940146585
1476244800,2016-10-12 04:00:00,ETH/USD,11.79,12.17,11.65,12.17,3575.06888463,43508.5883259471
1476158400,2016-10-11 04:00:00,ETH/USD,12.0,12.22,11.7,11.79,1122.55620208,13234.937622523200
1476072000,2016-10-10 04:00:00,ETH/USD,12.04,12.28,11.65,12.0,724.14929866,8689.79158392
1475985600,2016-10-09 04:00:00,ETH/USD,12.59,12.7,12.03,12.04,587.566751,7074.303682040000
1475899200,2016-10-08 04:00:00,ETH/USD,12.82,12.82,12.14,12.59,965.1746151000000,12151.548404109
1475812800,2016-10-07 04:00:00,ETH/USD,13.0,13.49,12.36,12.82,4888.41147119,62669.4350606558
1475726400,2016-10-06 04:00:00,ETH/USD,13.06,13.18,12.74,13.0,3982.20012628,51768.60164164
1475640000,2016-10-05 04:00:00,ETH/USD,13.7,13.7,13.06,13.06,1781.24196136,23263.020015361600
1475553600,2016-10-04 04:00:00,ETH/USD,13.6,13.7,13.25,13.7,2509.06945288,34374.251504456
1475467200,2016-10-03 04:00:00,ETH/USD,13.19,13.6,13.1,13.6,1303.96815281,17733.966878216
1475380800,2016-10-02 04:00:00,ETH/USD,13.13,13.3,13.1,13.19,2133.3007820000000,28138.23731458
1475294400,2016-10-01 04:00:00,ETH/USD,13.2,13.35,13.13,13.13,511.08306015,6710.520579769500
1475208000,2016-09-30 04:00:00,ETH/USD,13.23,13.44,13.14,13.2,2106.97795306,27812.108980392000
1475121600,2016-09-29 04:00:00,ETH/USD,13.35,13.35,13.13,13.23,811.64759511,10738.097683305300
1475035200,2016-09-28 04:00:00,ETH/USD,13.28,13.68,13.13,13.35,1268.90981613,16939.946045335500
1474948800,2016-09-27 04:00:00,ETH/USD,12.97,13.71,12.97,13.28,2327.68204187,30911.6175160336
1474862400,2016-09-26 04:00:00,ETH/USD,13.15,13.15,12.9,12.97,2380.23859401,30871.6945643097
1474776000,2016-09-25 04:00:00,ETH/USD,13.04,13.16,13.0,13.15,163.00486655,2143.5139951325
1474689600,2016-09-24 04:00:00,ETH/USD,13.17,13.18,12.84,13.04,598.13555673,7799.687659759200
1474603200,2016-09-23 04:00:00,ETH/USD,13.28,13.59,13.09,13.17,2879.13214427,37918.1703400359
1474516800,2016-09-22 04:00:00,ETH/USD,13.26,13.57,12.51,13.28,1836.75736893,24392.137859390400
1474430400,2016-09-21 04:00:00,ETH/USD,14.23,14.23,12.97,13.26,3690.40737606,48934.801806555600
1474344000,2016-09-20 04:00:00,ETH/USD,13.55,14.45,13.41,14.23,4770.32479151,67881.7217831873
1474257600,2016-09-19 04:00:00,ETH/USD,12.77,13.55,12.75,13.55,6377.57433653,86416.13225998150
1474171200,2016-09-18 04:00:00,ETH/USD,12.62,12.91,12.2,12.77,3532.85787406,45114.5950517462
1474084800,2016-09-17 04:00:00,ETH/USD,12.45,12.8,12.45,12.62,1389.44641796,17534.813794655200
1473998400,2016-09-16 04:00:00,ETH/USD,12.02,12.75,12.02,12.45,3271.81648361,40734.1152209445
1473912000,2016-09-15 04:00:00,ETH/USD,12.02,12.02,11.85,12.02,1719.74461795,20671.330307759
1473825600,2016-09-14 04:00:00,ETH/USD,11.95,12.02,11.89,12.02,1547.27958507,18598.3006125414
1473739200,2016-09-13 04:00:00,ETH/USD,11.84,12.16,11.84,11.95,1407.56793759,16820.4368542005
1473652800,2016-09-12 04:00:00,ETH/USD,11.78,12.14,11.61,11.84,3643.06547531,43133.8952276704
1473566400,2016-09-11 04:00:00,ETH/USD,11.95,12.0,11.73,11.78,615.28826809,7248.095798100200
1473480000,2016-09-10 04:00:00,ETH/USD,11.71,12.05,11.4,11.95,1492.16242482,17831.340976599
1473393600,2016-09-09 04:00:00,ETH/USD,10.5,11.87,10.5,11.71,1485.98557241,17400.891052921100
1473307200,2016-09-08 04:00:00,ETH/USD,11.78,11.78,10.5,10.5,4400.84205896,46208.84161908
1473220800,2016-09-07 04:00:00,ETH/USD,11.99,11.99,11.57,11.78,661.00037302,7786.584394175600
1473134400,2016-09-06 04:00:00,ETH/USD,11.61,11.99,11.5,11.99,610.29072959,7317.3858477841000
1473048000,2016-09-05 04:00:00,ETH/USD,11.84,12.0,11.61,11.61,722.87911747,8392.6265538267
1472961600,2016-09-04 04:00:00,ETH/USD,11.76,12.07,11.58,11.84,371.60228964,4399.7711093376
1472875200,2016-09-03 04:00:00,ETH/USD,12.44,12.49,11.61,11.76,1403.25386138,16502.2654098288
1472788800,2016-09-02 04:00:00,ETH/USD,12.12,12.51,12.05,12.44,2103.12658485,26162.894715534000
1472702400,2016-09-01 04:00:00,ETH/USD,12.09,13.5,11.89,12.12,4373.44103708,53006.10536940960
1472616000,2016-08-31 04:00:00,ETH/USD,11.3,13.5,11.2,12.09,7062.69615167,85387.9964736903
1472529600,2016-08-30 04:00:00,ETH/USD,11.09,11.3,11.06,11.3,1716.75752897,19399.360077361
1472443200,2016-08-29 04:00:00,ETH/USD,10.94,11.24,10.93,11.09,1629.0880024,18066.585946616
1472356800,2016-08-28 04:00:00,ETH/USD,11.11,11.12,10.94,10.94,742.33786993,8121.1762970342
1472270400,2016-08-27 04:00:00,ETH/USD,11.38,11.39,11.11,11.11,312.27293020000000,3469.3522545220000
1472184000,2016-08-26 04:00:00,ETH/USD,11.45,11.49,11.22,11.38,729.62758683,8303.1619381254
1472097600,2016-08-25 04:00:00,ETH/USD,11.02,11.49,11.02,11.45,1324.1577025000000,15161.605693625
1472011200,2016-08-24 04:00:00,ETH/USD,11.3,11.35,11.02,11.02,618.01019532,6810.472352426400
1471924800,2016-08-23 04:00:00,ETH/USD,11.28,11.3,11.04,11.3,784.5328501,8865.221206130000
1471838400,2016-08-22 04:00:00,ETH/USD,11.2,11.5,11.15,11.28,1931.71283559,21789.7207854552
1471752000,2016-08-21 04:00:00,ETH/USD,11.05,11.36,11.01,11.2,433.65877372,4856.978265664
1471665600,2016-08-20 04:00:00,ETH/USD,11.16,11.48,11.05,11.05,1590.80613745,17578.407818822500
1471579200,2016-08-19 04:00:00,ETH/USD,10.85,11.17,10.8,11.16,902.64509299,10073.5192377684
1471492800,2016-08-18 04:00:00,ETH/USD,11.13,11.3,10.8,10.85,1730.20452026,18772.719044821
1471406400,2016-08-17 04:00:00,ETH/USD,11.24,11.74,10.84,11.13,1657.11906227,18443.735163065100
1471320000,2016-08-16 04:00:00,ETH/USD,11.12,11.36,11.03,11.24,1423.88864712,16004.508393628800
1471233600,2016-08-15 04:00:00,ETH/USD,11.51,11.51,11.02,11.12,2673.35811967,29727.7422907304
1471147200,2016-08-14 04:00:00,ETH/USD,11.73,11.76,11.21,11.51,1249.14113947,14377.614515299700
1471060800,2016-08-13 04:00:00,ETH/USD,11.95,11.95,11.57,11.73,1534.7029073000000,18002.065102629
1470974400,2016-08-12 04:00:00,ETH/USD,11.86,12.12,11.86,11.95,2303.99612592,27532.753704744
1470888000,2016-08-11 04:00:00,ETH/USD,12.39,12.39,11.68,11.86,1142.17244088,13546.1651488368
1470801600,2016-08-10 04:00:00,ETH/USD,12.36,12.68,11.91,12.39,2594.56722667,32146.6879384413
1470715200,2016-08-09 04:00:00,ETH/USD,11.35,12.5,11.31,12.36,5710.25520671,70578.75435493560
1470628800,2016-08-08 04:00:00,ETH/USD,11.11,11.5,11.01,11.35,3542.8900939000000,40211.80256576500
1470542400,2016-08-07 04:00:00,ETH/USD,10.99,11.21,10.86,11.11,1003.019932,11143.55144452
1470456000,2016-08-06 04:00:00,ETH/USD,11.0,11.2,10.65,10.99,675.48874009,7423.6212535891
1470369600,2016-08-05 04:00:00,ETH/USD,11.2,11.64,11.0,11.0,1214.01254194,13354.137961340000
1470283200,2016-08-04 04:00:00,ETH/USD,10.52,12.49,10.3,11.2,2288.91598082,25635.858985184
1470196800,2016-08-03 04:00:00,ETH/USD,9.53,10.9,9.25,10.52,11408.3920618,120016.284490136
1470110400,2016-08-02 04:00:00,ETH/USD,11.01,11.01,7.6,9.53,19594.775435100000,186738.20989650300
1470024000,2016-08-01 04:00:00,ETH/USD,11.81,11.85,10.85,11.01,5558.00893878,61193.6784159678
1469937600,2016-07-31 04:00:00,ETH/USD,12.5,12.61,11.79,11.81,2148.45473894,25373.2504668814
1469851200,2016-07-30 04:00:00,ETH/USD,12.87,12.99,12.5,12.5,1369.3092271,17116.36533875
1469764800,2016-07-29 04:00:00,ETH/USD,13.14,13.14,12.72,12.87,789.00180074,10154.4531755238
1469678400,2016-07-28 04:00:00,ETH/USD,13.01,13.29,12.66,13.14,1753.77273559,23044.5737456526
1469592000,2016-07-27 04:00:00,ETH/USD,12.13,13.45,12.13,13.01,3668.42101458,47726.1573996858
1469505600,2016-07-26 04:00:00,ETH/USD,14.15,14.15,11.96,12.13,16239.689808000000,196987.43737104000
1469419200,2016-07-25 04:00:00,ETH/USD,13.35,14.15,13.19,14.15,4349.10012244,61539.766732526
1469332800,2016-07-24 04:00:00,ETH/USD,14.21,15.0,12.32,13.35,7170.33319227,95723.9481168045
1469246400,2016-07-23 04:00:00,ETH/USD,15.5,15.5,14.03,14.21,3154.06127366,44819.2106987086
1469160000,2016-07-22 04:00:00,ETH/USD,13.08,15.72,12.95,15.5,12541.4678671,194392.75194005
1469073600,2016-07-21 04:00:00,ETH/USD,12.61,13.1,12.07,13.08,6471.80441224,84651.2017120992
1468987200,2016-07-20 04:00:00,ETH/USD,12.33,14.0,11.75,12.61,5994.87346595,75595.35440562950
1468900800,2016-07-19 04:00:00,ETH/USD,11.2,13.47,11.15,12.33,6096.81483666,75173.7269360178
1468814400,2016-07-18 04:00:00,ETH/USD,11.52,11.79,11.13,11.2,1282.67373735,14365.94585832
1468728000,2016-07-17 04:00:00,ETH/USD,11.62,11.78,11.13,11.52,721.26015715,8308.917010368
1468641600,2016-07-16 04:00:00,ETH/USD,12.0,12.0,10.2,11.62,2657.25031647,30877.248677381400
1468555200,2016-07-15 04:00:00,ETH/USD,12.0,12.98,11.99,12.0,2610.7010967000000,31328.413160400000
1468468800,2016-07-14 04:00:00,ETH/USD,11.1,12.0,10.97,12.0,3514.19179697,42170.301563640000
1468382400,2016-07-13 04:00:00,ETH/USD,10.76,11.25,10.5,11.1,1616.72072832,17945.600084352
1468296000,2016-07-12 04:00:00,ETH/USD,10.7,11.3,10.55,10.76,1954.47676751,21030.1700184076
1468209600,2016-07-11 04:00:00,ETH/USD,11.09,11.35,10.4,10.7,4431.18694923,47413.700356761
1468123200,2016-07-10 04:00:00,ETH/USD,11.0,11.2,10.9,11.09,1416.94489034,15713.9188338706
1468036800,2016-07-09 04:00:00,ETH/USD,11.4,11.88,10.87,11.0,1498.04859075,16478.53449825
1467950400,2016-07-08 04:00:00,ETH/USD,10.33,11.88,10.32,11.4,6038.47290407,68838.591106398
1467864000,2016-07-07 04:00:00,ETH/USD,10.36,10.37,9.83,10.33,2711.54661286,28010.2765108438
1467777600,2016-07-06 04:00:00,ETH/USD,11.45,11.9,10.36,10.36,3768.90428318,39045.8483737448
1467691200,2016-07-05 04:00:00,ETH/USD,11.46,11.99,9.67,11.45,13248.7918158,151698.66629091000
1467604800,2016-07-04 04:00:00,ETH/USD,11.78,11.82,11.41,11.46,1259.77583597,14437.0310802162
1467518400,2016-07-03 04:00:00,ETH/USD,12.03,12.37,11.51,11.78,3998.15393964,47098.25340895920
1467432000,2016-07-02 04:00:00,ETH/USD,12.05,12.11,11.97,12.03,1858.4210823000000,22356.805620069000
1467345600,2016-07-01 04:00:00,ETH/USD,12.39,12.39,11.73,12.05,5003.41896511,60291.1985295755
1467259200,2016-06-30 04:00:00,ETH/USD,12.83,12.83,12.08,12.39,2917.41365031,36146.7551273409
1467172800,2016-06-29 04:00:00,ETH/USD,12.14,13.0,11.84,12.83,4531.38020003,58137.6079663849
1467086400,2016-06-28 04:00:00,ETH/USD,14.02,14.61,11.57,12.14,20627.657494300000,250419.761980802
1467000000,2016-06-27 04:00:00,ETH/USD,14.0,15.72,13.9,14.02,4021.25703913,56378.023688602600
1466913600,2016-06-26 04:00:00,ETH/USD,14.33,14.33,13.63,14.0,1097.8591847,15370.0285858
1466827200,2016-06-25 04:00:00,ETH/USD,14.5,14.68,14.2,14.33,287.14687009,4114.8146483897
1466740800,2016-06-24 04:00:00,ETH/USD,13.36,14.8,13.36,14.5,6677.81636021,96828.337223045
1466654400,2016-06-23 04:00:00,ETH/USD,13.16,14.79,12.7,13.36,4231.05148283,56526.8478106088
1466568000,2016-06-22 04:00:00,ETH/USD,14.96,15.75,13.15,13.16,33020.6589772,434551.872139952
1466481600,2016-06-21 04:00:00,ETH/USD,12.3,14.97,11.52,14.96,14452.6676868,216211.908594528
1466395200,2016-06-20 04:00:00,ETH/USD,12.46,12.49,10.69,12.3,49095.3179541,603872.41083543
1466308800,2016-06-19 04:00:00,ETH/USD,12.51,15.55,11.72,12.46,11616.324694400000,144739.40569222400
1466222400,2016-06-18 04:00:00,ETH/USD,14.31,14.66,9.0,12.51,38716.3286223,484341.271064973
1466136000,2016-06-17 04:00:00,ETH/USD,21.09,21.44,13.75,14.31,58898.5554612,842838.328649772
1466049600,2016-06-16 04:00:00,ETH/USD,18.99,25.05,18.94,21.09,27129.187676700000,572154.5681016030
1465963200,2016-06-15 04:00:00,ETH/USD,18.58,19.06,17.51,18.99,6559.88363732,124572.1902727070
1465876800,2016-06-14 04:00:00,ETH/USD,17.95,19.07,16.52,18.58,15882.680078200000,295100.195852956
1465790400,2016-06-13 04:00:00,ETH/USD,15.81,18.11,15.81,17.95,15610.810424400000,280214.04711798000
1465704000,2016-06-12 04:00:00,ETH/USD,14.3,15.81,14.29,15.81,20328.7918521,321398.199181701
1465617600,2016-06-11 04:00:00,ETH/USD,13.95,14.53,13.84,14.3,3976.75653217,56867.618410031
1465531200,2016-06-10 04:00:00,ETH/USD,14.38,14.38,13.83,13.95,1990.40119408,27766.096657416
1465444800,2016-06-09 04:00:00,ETH/USD,14.49,14.55,14.36,14.38,2356.61510549,33888.1252169462
1465358400,2016-06-08 04:00:00,ETH/USD,14.65,14.65,14.38,14.49,8740.66488501,126652.23418379500
1465272000,2016-06-07 04:00:00,ETH/USD,13.96,14.73,13.96,14.65,10944.5044555,160336.990273075
1465185600,2016-06-06 04:00:00,ETH/USD,13.92,14.4,13.83,13.96,4267.31716492,59571.747622283200
1465099200,2016-06-05 04:00:00,ETH/USD,13.74,13.99,13.7,13.92,694.58354811,9668.6029896912
1465012800,2016-06-04 04:00:00,ETH/USD,13.91,14.01,13.64,13.74,2473.72537422,33988.9866417828
1464926400,2016-06-03 04:00:00,ETH/USD,13.84,16.05,13.5,13.91,12055.0536426,167685.796168566
1464840000,2016-06-02 04:00:00,ETH/USD,13.85,14.13,13.5,13.84,2284.60023131,31618.8672013304
1464753600,2016-06-01 04:00:00,ETH/USD,14.13,14.24,13.54,13.85,5774.12728565,79971.6629062525
1464667200,2016-05-31 04:00:00,ETH/USD,12.61,14.35,12.59,14.13,13707.2428912,193683.342052656
1464580800,2016-05-30 04:00:00,ETH/USD,12.43,12.79,12.41,12.61,8256.32358575,104112.2404163080
1464494400,2016-05-29 04:00:00,ETH/USD,12.06,12.73,12.02,12.43,7021.08182378,87272.0470695854
1464408000,2016-05-28 04:00:00,ETH/USD,10.41,12.27,10.41,12.06,11966.698432900000,144318.383100774
1464321600,2016-05-27 04:00:00,ETH/USD,11.75,11.84,10.41,10.41,8886.05022011,92503.7827913451
1464235200,2016-05-26 04:00:00,ETH/USD,12.9,12.9,11.75,11.75,6943.42297594,81585.219967295
1464148800,2016-05-25 04:00:00,ETH/USD,12.69,12.9,11.83,12.9,11928.4501085,153877.00639965000
1464062400,2016-05-24 04:00:00,ETH/USD,13.56,13.79,12.12,12.69,7676.33227544,97412.65657533360
1463976000,2016-05-23 04:00:00,ETH/USD,14.33,14.43,13.3,13.56,5577.34243412,75628.7634066672
1463889600,2016-05-22 04:00:00,ETH/USD,14.14,14.45,13.75,14.33,2871.35859976,41146.568734560800
1463803200,2016-05-21 04:00:00,ETH/USD,13.29,14.15,13.23,14.14,2300.31351548,32526.433108887200
1463716800,2016-05-20 04:00:00,ETH/USD,14.56,14.75,13.09,13.29,9769.99724451,129843.26337953800
1463630400,2016-05-19 04:00:00,ETH/USD,13.87,14.77,13.56,14.56,8631.62013604,125676.3891807420
1463544000,2016-05-18 04:00:00,ETH/USD,13.04,14.14,12.7,13.87,5531.48549295,76721.7037872165
1463457600,2016-05-17 04:00:00,ETH/USD,11.33,13.06,11.28,13.04,8137.00823513,106106.58738609500
1463371200,2016-05-16 04:00:00,ETH/USD,10.06,11.41,10.06,11.33,3725.04807463,42204.7946855579
1463284800,2016-05-15 04:00:00,ETH/USD,10.57,10.59,10.06,10.06,988.53197536,9944.6316721216
1463198400,2016-05-14 04:00:00,ETH/USD,10.5,10.58,10.01,10.57,930.58065509,9836.237524301300
1463112000,2016-05-13 04:00:00,ETH/USD,10.4,11.59,10.2,10.5,1788.04307924,18774.45233202
1463025600,2016-05-12 04:00:00,ETH/USD,10.45,12.0,9.92,10.4,2061.01210555,21434.52589772
1462939200,2016-05-11 04:00:00,ETH/USD,9.74,10.47,9.69,10.45,3079.531401,32181.10314045
1462852800,2016-05-10 04:00:00,ETH/USD,9.36,9.95,9.36,9.74,764.62828997,7447.4795443078
1462766400,2016-05-09 04:00:00,ETH/USD,0.0,12.0,0.0,9.36,1376.61476707,12885.1142197752